Patient_ID,Age,Gender,Country,Ethnicity,Family_History,Radiation_Exposure,Iodine_Deficiency,Smoking,Obesity
1,66,Male,Russia,Caucasian,No,Yes,No,No,No
2,29,Male,Germany,Hispanic,No,Yes,No,No,No
3,86,Male,Nigeria,Caucasian,No,No,No,No,No
4,75,Female,India,Asian,No,No,No,No,No
5,35,Female,Germany,African,Yes,Yes,No,No,No
6,89,Male,UK,African,No,No,No,Yes,Yes
7,89,Female,South Korea,Asian,Yes,Yes,No,No,Yes
8,38,Female,India,African,No,No,No,No,No
9,17,Female,Russia,African,No,Yes,No,No,No
10,36,Male,Germany,Asian,No,No,No,No,Yes
11,67,Male,Nigeria,African,No,Yes,No,No,No
12,16,Female,Nigeria,Asian,No,No,No,Yes,No
13,44,Male,South Korea,Asian,Yes,No,No,No,No
14,52,Male,Brazil,Asian,No,No,No,No,No
15,16,Female,China,Asian,No,No,No,No,No
16,78,Female,Nigeria,Caucasian,Yes,No,Yes,Yes,No
17,74,Female,India,African,Yes,No,No,No,No
18,35,Male,Japan,Hispanic,No,No,No,No,No
19,47,Female,USA,Caucasian,No,No,No,No,No
20,72,Female,Japan,Caucasian,No,No,No,No,No
21,36,Male,Russia,Hispanic,No,No,Yes,No,Yes
22,63,Female,Nigeria,Asian,No,No,No,No,Yes
23,73,Male,India,Caucasian,No,Yes,No,No,Yes
24,56,Male,Nigeria,Caucasian,No,No,No,No,No
25,74,Female,South Korea,Asian,No,No,No,No,No
26,29,Male,Russia,Asian,Yes,No,No,Yes,No
27,76,Female,Nigeria,Hispanic,Yes,Yes,Yes,No,No
28,76,Male,Brazil,Hispanic,Yes,Yes,No,No,No
29,61,Female,USA,Hispanic,No,No,No,Yes,No
30,76,Female,India,Asian,Yes,No,No,Yes,No
31,65,Female,India,Caucasian,No,No,No,No,Yes
32,69,Female,Brazil,Caucasian,Yes,No,No,Yes,No
33,78,Male,Russia,African,No,No,No,No,No
34,17,Male,India,African,No,No,Yes,No,Yes
35,65,Female,Germany,African,Yes,No,No,No,No
36,21,Female,Japan,Middle Eastern,No,No,No,No,No
37,35,Female,India,Asian,No,No,Yes,Yes,No
38,87,Female,India,African,No,No,No,No,No
39,53,Male,South Korea,Caucasian,Yes,No,No,Yes,No
40,32,Male,China,African,No,No,No,No,Yes
41,18,Female,Japan,Caucasian,Yes,No,Yes,No,No
42,74,Male,Nigeria,Caucasian,No,No,Yes,No,No
43,28,Female,China,Caucasian,No,No,No,No,No
44,23,Female,India,African,No,No,No,No,Yes
45,67,Male,Russia,African,No,No,Yes,Yes,No
46,16,Female,Japan,Caucasian,Yes,No,No,No,Yes
47,74,Female,Brazil,Caucasian,No,No,No,Yes,No
48,85,Male,China,African,No,No,No,No,No
49,58,Female,Russia,African,No,No,No,No,No
50,22,Male,Nigeria,Caucasian,No,No,No,No,Yes
51,61,Male,Japan,Asian,Yes,Yes,No,No,No
52,49,Male,UK,Asian,Yes,Yes,Yes,No,No
53,50,Female,USA,Hispanic,Yes,No,No,No,No
54,64,Female,USA,Hispanic,No,No,No,No,No
55,18,Male,Nigeria,Asian,No,No,No,No,No
56,16,Male,South Korea,Caucasian,No,No,No,Yes,No
57,20,Male,USA,African,No,No,Yes,Yes,No
58,68,Female,India,Hispanic,No,No,No,No,No
59,18,Female,India,Asian,No,No,No,No,Yes
60,68,Female,Germany,Caucasian,No,No,No,No,No
61,77,Male,South Korea,African,Yes,No,No,No,No
62,32,Male,Nigeria,Caucasian,No,No,Yes,No,No
63,58,Female,Nigeria,Asian,No,No,No,No,No
64,48,Female,Brazil,Caucasian,No,No,No,Yes,No
65,88,Female,Nigeria,Caucasian,No,No,No,No,No
66,76,Female,China,Asian,No,No,Yes,No,No
67,28,Male,Brazil,Asian,No,Yes,No,Yes,No
68,62,Female,China,Middle Eastern,No,Yes,No,No,Yes
69,29,Female,Nigeria,African,Yes,No,Yes,No,Yes
70,86,Female,India,Caucasian,No,No,No,No,No
71,76,Male,Nigeria,Caucasian,No,Yes,Yes,No,No
72,54,Female,India,Asian,Yes,No,No,No,No
73,67,Female,Germany,Caucasian,Yes,No,Yes,Yes,No
74,38,Female,South Korea,Caucasian,No,No,No,No,Yes
75,40,Male,Japan,Middle Eastern,No,No,Yes,No,No
76,74,Female,Russia,Hispanic,No,No,No,No,Yes
77,55,Female,Nigeria,African,Yes,No,No,No,No
78,43,Female,India,African,Yes,No,Yes,No,No
79,29,Male,India,Caucasian,Yes,No,No,No,No
80,59,Female,Germany,Asian,No,No,No,Yes,Yes
81,79,Female,China,Hispanic,Yes,No,No,No,No
82,85,Female,Nigeria,Caucasian,No,Yes,Yes,No,Yes
83,23,Female,UK,Asian,No,No,Yes,No,No
84,15,Female,Germany,Asian,Yes,No,No,No,No
85,22,Female,Nigeria,Asian,No,No,No,No,No
86,77,Female,India,Caucasian,Yes,No,Yes,No,No
87,25,Female,India,Caucasian,No,No,No,No,No
88,22,Male,Russia,African,Yes,No,No,No,Yes
89,49,Female,China,Caucasian,No,No,No,Yes,No
90,49,Female,UK,African,Yes,No,Yes,No,No
91,47,Female,India,Hispanic,No,No,No,Yes,No
92,19,Female,Japan,African,No,Yes,No,No,Yes
93,55,Female,Nigeria,African,Yes,No,No,Yes,No
94,42,Female,China,African,Yes,No,Yes,Yes,Yes
95,21,Female,USA,Caucasian,No,No,No,Yes,No
96,87,Female,Germany,African,Yes,No,No,No,No
97,86,Female,Nigeria,Asian,No,No,No,Yes,No
98,26,Male,Brazil,Caucasian,Yes,No,No,No,Yes
99,48,Female,USA,Caucasian,No,Yes,No,Yes,No
100,47,Male,China,Asian,No,No,Yes,No,Yes
101,62,Female,Nigeria,Hispanic,Yes,No,No,No,No
102,37,Female,Nigeria,African,No,Yes,No,No,Yes
103,76,Male,India,African,Yes,No,No,No,Yes
104,51,Male,Russia,African,No,Yes,No,No,Yes
105,58,Male,Japan,Caucasian,No,No,No,No,No
106,49,Male,USA,Hispanic,Yes,No,No,No,No
107,79,Female,Germany,Asian,Yes,Yes,No,Yes,No
108,61,Male,Japan,Asian,No,Yes,No,No,No
109,17,Female,Nigeria,Caucasian,No,No,No,Yes,No
110,15,Female,South Korea,Caucasian,No,No,No,No,No
111,19,Female,Nigeria,Caucasian,No,No,No,No,Yes
112,28,Male,UK,Hispanic,Yes,No,No,No,Yes
113,41,Male,India,Asian,No,No,No,No,No
114,23,Male,India,Asian,Yes,No,No,Yes,No
115,29,Male,Nigeria,Caucasian,No,No,No,No,No
116,56,Female,India,Caucasian,Yes,No,No,No,No
117,65,Female,Japan,Caucasian,No,No,Yes,Yes,No
118,77,Female,Nigeria,Caucasian,No,No,No,No,Yes
119,66,Male,Nigeria,Asian,No,No,No,No,Yes
120,18,Female,Russia,Asian,Yes,No,Yes,No,No
121,37,Male,Nigeria,Caucasian,Yes,No,No,No,No
122,29,Female,India,Asian,No,No,No,No,Yes
123,57,Female,Japan,Hispanic,No,No,No,Yes,Yes
124,43,Female,Russia,Middle Eastern,No,No,No,No,Yes
125,50,Female,Nigeria,Caucasian,Yes,No,Yes,Yes,No
126,27,Male,Japan,Middle Eastern,No,Yes,No,No,Yes
127,46,Female,South Korea,Hispanic,No,No,No,No,Yes
128,85,Male,Germany,Asian,No,No,Yes,No,No
129,73,Male,Russia,Asian,No,No,No,Yes,No
130,42,Female,Brazil,Caucasian,Yes,No,No,No,Yes
131,80,Female,India,Asian,No,No,No,No,No
132,56,Male,Germany,African,Yes,Yes,No,No,No
133,59,Male,South Korea,African,No,Yes,No,No,No
134,76,Female,China,Caucasian,No,Yes,No,No,No
135,71,Female,Russia,Asian,Yes,No,No,No,No
136,20,Female,Nigeria,Asian,No,No,Yes,No,No
137,42,Male,India,Asian,No,Yes,No,No,No
138,42,Female,China,Caucasian,Yes,Yes,No,No,Yes
139,58,Male,China,Hispanic,Yes,No,Yes,Yes,Yes
140,44,Male,China,Hispanic,Yes,No,No,No,No
141,76,Female,USA,African,No,No,No,No,No
142,89,Male,India,Hispanic,No,No,No,No,No
143,76,Male,Russia,Asian,No,No,No,No,Yes
144,15,Female,India,Caucasian,Yes,No,No,No,Yes
145,41,Male,China,Middle Eastern,No,Yes,No,Yes,Yes
146,76,Male,India,Caucasian,Yes,No,No,No,Yes
147,17,Female,India,Caucasian,No,No,No,Yes,Yes
148,84,Male,Germany,African,No,No,No,No,Yes
149,86,Male,Germany,African,No,No,No,No,Yes
150,41,Male,South Korea,Caucasian,Yes,No,No,No,No
151,23,Female,Japan,Caucasian,No,No,No,No,No
152,76,Male,Germany,Asian,No,No,No,No,No
153,51,Female,China,African,Yes,No,Yes,Yes,No
154,65,Female,Japan,Asian,No,No,No,No,No
155,58,Female,India,Hispanic,No,No,No,No,No
156,38,Male,India,Middle Eastern,No,No,No,No,Yes
157,73,Male,Japan,Caucasian,Yes,Yes,No,No,Yes
158,46,Male,UK,Caucasian,Yes,No,No,No,No
159,66,Male,USA,Middle Eastern,No,No,No,No,Yes
160,76,Female,China,Middle Eastern,No,No,No,No,Yes
161,72,Male,Nigeria,Hispanic,Yes,No,No,No,No
162,66,Female,India,Middle Eastern,Yes,Yes,No,Yes,No
163,26,Male,Brazil,Hispanic,No,No,No,No,Yes
164,53,Female,China,Asian,No,No,Yes,No,No
165,16,Male,South Korea,Middle Eastern,No,Yes,No,No,No
166,17,Female,India,Caucasian,No,No,Yes,No,No
167,70,Female,China,African,No,No,No,No,Yes
168,73,Male,Nigeria,Caucasian,No,No,Yes,No,No
169,16,Female,USA,Hispanic,Yes,No,No,No,No
170,16,Male,India,African,No,Yes,No,No,No
171,68,Female,India,African,No,No,Yes,Yes,No
172,15,Male,Germany,Caucasian,No,No,No,No,Yes
173,33,Female,USA,Caucasian,No,No,Yes,No,No
174,16,Female,USA,Asian,No,Yes,No,Yes,No
175,67,Female,Japan,Hispanic,No,No,Yes,No,Yes
176,58,Female,Germany,Asian,Yes,No,No,No,Yes
177,46,Male,India,Asian,No,Yes,No,No,No
178,84,Male,India,Hispanic,No,No,No,No,Yes
179,46,Male,China,Asian,Yes,No,No,No,No
180,82,Male,India,Hispanic,No,No,No,No,No
181,69,Female,Japan,Middle Eastern,No,No,No,No,No
182,89,Male,China,Caucasian,No,No,No,Yes,Yes
183,70,Female,India,Caucasian,Yes,No,No,Yes,Yes
184,31,Female,USA,Middle Eastern,No,No,Yes,Yes,No
185,52,Female,USA,Asian,No,No,No,Yes,Yes
186,38,Male,Germany,Hispanic,No,No,No,No,No
187,83,Male,South Korea,Caucasian,No,No,No,No,No
188,84,Male,Japan,Asian,No,No,No,No,No
189,25,Male,Japan,African,No,Yes,No,No,No
190,30,Male,UK,African,Yes,No,Yes,No,Yes
191,87,Male,India,Asian,Yes,No,No,No,Yes
192,73,Female,China,Caucasian,No,No,No,No,No
193,84,Female,USA,Asian,No,No,No,No,Yes
194,17,Male,India,Caucasian,Yes,No,No,No,Yes
195,34,Male,Russia,Caucasian,No,No,No,No,No
196,73,Female,India,Hispanic,No,No,No,No,No
197,50,Female,Russia,Hispanic,No,Yes,No,No,Yes
198,33,Male,India,Asian,No,Yes,No,Yes,No
199,81,Female,India,Hispanic,No,No,No,No,Yes
200,33,Female,USA,Middle Eastern,Yes,Yes,No,No,No
201,34,Female,India,Asian,No,No,No,No,No
202,85,Female,Russia,African,No,No,No,Yes,No
203,66,Female,China,African,No,No,Yes,No,No
204,47,Male,Brazil,Hispanic,No,No,No,No,No
205,54,Male,Nigeria,Middle Eastern,No,No,No,No,No
206,53,Female,Germany,Caucasian,No,Yes,No,Yes,No
207,15,Female,South Korea,African,Yes,No,No,No,Yes
208,25,Male,South Korea,Hispanic,No,No,No,No,No
209,71,Female,Russia,Hispanic,No,No,Yes,No,No
210,64,Female,China,Caucasian,Yes,No,No,No,No
211,37,Male,Brazil,Asian,No,No,Yes,No,Yes
212,45,Female,UK,Caucasian,No,No,No,No,No
213,56,Female,Russia,Middle Eastern,Yes,No,No,No,No
214,21,Female,Japan,Middle Eastern,No,No,No,No,Yes
215,30,Female,China,Hispanic,Yes,No,Yes,No,No
216,74,Female,UK,Hispanic,Yes,No,No,No,No
217,16,Male,India,African,Yes,No,No,No,Yes
218,15,Female,Nigeria,Asian,No,No,No,No,No
219,62,Male,Japan,Caucasian,No,No,No,No,No
220,26,Female,Brazil,Caucasian,Yes,Yes,No,No,No
221,83,Male,South Korea,Asian,No,No,No,No,No
222,51,Female,India,Hispanic,No,No,No,No,No
223,46,Female,Germany,Hispanic,No,Yes,Yes,No,Yes
224,23,Female,Brazil,Caucasian,No,No,No,Yes,No
225,33,Female,China,Hispanic,Yes,No,No,Yes,Yes
226,62,Female,South Korea,Asian,Yes,Yes,No,No,No
227,17,Female,India,Caucasian,No,Yes,No,No,No
228,34,Male,Japan,Caucasian,Yes,No,No,No,No
229,38,Female,Japan,Middle Eastern,No,No,No,Yes,No
230,68,Female,South Korea,Caucasian,No,No,No,Yes,Yes
231,47,Male,South Korea,Caucasian,Yes,No,No,Yes,No
232,38,Male,Nigeria,Asian,No,No,No,Yes,No
233,89,Male,India,Asian,No,No,No,No,Yes
234,86,Male,South Korea,African,No,Yes,Yes,No,Yes
235,50,Female,Nigeria,African,Yes,No,No,No,Yes
236,52,Male,Russia,Hispanic,No,No,No,No,No
237,39,Male,South Korea,Caucasian,No,No,No,No,No
238,32,Female,Nigeria,Hispanic,No,No,No,No,No
239,80,Female,India,Caucasian,No,No,No,No,No
240,68,Female,Brazil,Caucasian,No,No,No,No,No
241,49,Female,USA,Middle Eastern,No,No,No,Yes,Yes
242,75,Female,India,Caucasian,No,No,No,No,No
243,55,Male,Brazil,Middle Eastern,No,No,No,No,No
244,47,Female,India,Middle Eastern,Yes,No,No,No,No
245,82,Female,China,Caucasian,No,No,No,No,Yes
246,47,Female,India,Asian,No,No,No,No,No
247,28,Male,South Korea,Asian,No,No,No,No,No
248,35,Male,South Korea,African,Yes,No,No,No,Yes
249,62,Male,Japan,Caucasian,Yes,No,No,No,No
250,34,Male,Brazil,African,Yes,No,No,No,No
251,22,Male,Germany,Caucasian,No,No,Yes,No,Yes
252,21,Female,Russia,Hispanic,No,No,Yes,No,No
253,81,Female,Brazil,Caucasian,No,No,No,No,Yes
254,31,Female,Nigeria,Asian,No,No,No,No,No
255,47,Male,India,Asian,No,No,No,No,No
256,62,Female,China,Asian,Yes,No,No,No,No
257,73,Female,Nigeria,African,Yes,No,No,No,No
258,36,Female,Germany,Asian,No,No,Yes,No,No
259,44,Male,India,African,No,No,No,No,No
260,52,Male,China,Caucasian,Yes,No,No,No,No
261,65,Male,Russia,Caucasian,No,No,Yes,No,No
262,68,Male,India,Asian,No,No,No,Yes,Yes
263,22,Female,Russia,Hispanic,No,No,Yes,No,No
264,41,Male,Nigeria,Caucasian,No,No,No,No,No
265,41,Female,China,Caucasian,No,Yes,Yes,No,No
266,35,Female,India,African,Yes,No,No,No,No
267,44,Female,Japan,African,Yes,No,Yes,No,No
268,42,Female,Nigeria,Middle Eastern,Yes,No,No,No,No
269,78,Male,India,African,No,No,No,No,Yes
270,83,Male,India,Hispanic,No,No,Yes,No,No
271,75,Male,Russia,Caucasian,No,No,No,No,No
272,62,Male,China,Caucasian,No,No,No,No,No
273,33,Female,Brazil,Asian,No,No,No,No,Yes
274,18,Female,Germany,Asian,No,No,No,No,No
275,49,Male,China,Caucasian,No,No,No,No,Yes
276,78,Female,Russia,African,No,No,No,No,No
277,63,Male,South Korea,Asian,No,No,No,No,No
278,31,Female,China,Asian,No,No,No,No,No
279,58,Male,India,African,No,No,No,No,No
280,44,Male,India,Asian,No,Yes,No,No,No
281,60,Female,India,Caucasian,No,No,No,Yes,Yes
282,20,Female,Nigeria,Caucasian,No,No,Yes,No,No
283,51,Male,Nigeria,Caucasian,No,No,Yes,No,Yes
284,38,Female,UK,Asian,No,Yes,No,No,Yes
285,60,Female,India,African,No,No,Yes,No,No
286,67,Female,Japan,Hispanic,No,No,No,No,Yes
287,74,Female,India,Asian,Yes,Yes,No,No,No
288,77,Female,Brazil,Middle Eastern,No,No,No,No,Yes
289,46,Female,Japan,Asian,Yes,No,No,No,Yes
290,47,Male,Nigeria,African,No,No,No,No,No
291,81,Male,India,Asian,No,No,No,No,No
292,32,Male,Nigeria,Caucasian,No,No,No,No,No
293,39,Female,India,Hispanic,No,No,No,No,No
294,68,Male,Nigeria,Caucasian,No,No,No,No,Yes
295,72,Male,USA,Caucasian,Yes,No,No,No,Yes
296,81,Male,Germany,African,No,No,No,No,No
297,60,Male,India,Caucasian,No,No,Yes,No,No
298,38,Female,Japan,Middle Eastern,No,No,No,No,Yes
299,46,Female,China,African,No,No,Yes,Yes,Yes
300,61,Male,India,African,No,No,No,Yes,No
301,37,Female,India,Caucasian,No,No,No,No,No
302,80,Male,India,Asian,Yes,No,No,No,Yes
303,41,Female,Germany,Asian,No,No,Yes,No,No
304,16,Female,Russia,Hispanic,Yes,Yes,No,No,Yes
305,31,Female,Brazil,Middle Eastern,No,No,No,No,No
306,47,Female,India,Asian,No,Yes,No,No,Yes
307,23,Female,Germany,African,No,No,No,Yes,Yes
308,57,Male,Brazil,African,No,No,No,No,No
309,62,Female,South Korea,African,No,No,Yes,No,No
310,53,Female,India,Asian,No,No,No,No,No
311,56,Female,India,African,No,No,No,No,No
312,40,Female,Nigeria,Asian,Yes,No,No,No,No
313,64,Female,China,Asian,No,No,No,No,Yes
314,39,Male,Russia,Hispanic,No,No,Yes,Yes,Yes
315,38,Female,India,Asian,No,No,No,Yes,No
316,27,Male,Russia,African,No,No,No,No,No
317,74,Female,Japan,Caucasian,No,No,No,No,No
318,21,Female,Nigeria,Caucasian,No,No,Yes,No,Yes
319,71,Female,UK,Hispanic,Yes,Yes,No,No,No
320,50,Female,UK,Caucasian,No,No,No,Yes,No
321,59,Female,Nigeria,Caucasian,No,No,No,Yes,No
322,34,Male,UK,Asian,No,Yes,Yes,No,No
323,79,Female,China,Asian,No,Yes,No,No,No
324,22,Male,China,Caucasian,No,No,Yes,No,No
325,30,Female,China,Middle Eastern,No,No,Yes,No,Yes
326,28,Male,South Korea,Caucasian,Yes,No,No,Yes,No
327,29,Female,Japan,African,No,No,No,No,No
328,80,Female,Nigeria,Middle Eastern,No,No,No,No,No
329,46,Male,China,Asian,Yes,Yes,No,No,Yes
330,77,Female,China,Caucasian,No,No,No,No,No
331,65,Female,South Korea,Asian,No,No,No,No,Yes
332,39,Female,India,Asian,Yes,Yes,No,Yes,Yes
333,72,Female,Nigeria,African,Yes,No,Yes,No,Yes
334,77,Male,Russia,African,No,No,No,No,No
335,76,Female,China,Asian,Yes,Yes,Yes,No,Yes
336,36,Male,UK,Middle Eastern,No,No,No,No,Yes
337,72,Male,China,Hispanic,No,Yes,No,No,No
338,72,Female,South Korea,Caucasian,No,No,No,Yes,Yes
339,63,Male,Brazil,Hispanic,No,No,No,No,No
340,66,Female,China,Hispanic,No,No,Yes,No,No
341,56,Female,India,Caucasian,No,No,No,Yes,No
342,84,Male,Nigeria,African,No,No,No,Yes,No
343,29,Female,Russia,Asian,No,No,No,No,No
344,68,Female,India,Caucasian,No,No,No,No,Yes
345,74,Female,Japan,African,No,Yes,No,No,Yes
346,22,Female,Nigeria,Caucasian,Yes,No,Yes,Yes,No
347,67,Female,China,Caucasian,No,No,No,No,Yes
348,74,Female,UK,Hispanic,No,No,No,No,No
349,19,Female,Brazil,Asian,No,No,No,No,Yes
350,82,Male,Brazil,African,No,No,No,Yes,Yes
351,20,Female,Nigeria,Caucasian,No,No,No,No,No
352,61,Male,China,Asian,No,No,No,No,No
353,69,Female,South Korea,Asian,No,Yes,No,No,No
354,54,Female,USA,African,No,No,No,No,No
355,66,Male,Nigeria,Asian,No,No,No,No,Yes
356,30,Male,Russia,Asian,No,No,No,No,No
357,27,Male,Japan,Asian,Yes,No,No,No,No
358,44,Female,Japan,Caucasian,No,No,No,No,No
359,33,Female,Nigeria,African,No,No,No,No,No
360,31,Male,Nigeria,Asian,No,No,Yes,No,Yes
361,77,Female,China,African,Yes,No,No,Yes,Yes
362,33,Female,Nigeria,Middle Eastern,Yes,Yes,Yes,No,No
363,72,Male,India,Asian,No,Yes,Yes,No,Yes
364,69,Male,USA,Middle Eastern,No,No,No,Yes,Yes
365,76,Female,India,Asian,Yes,No,Yes,Yes,No
366,37,Male,India,Caucasian,No,Yes,No,No,No
367,23,Female,India,Asian,No,No,No,No,No
368,26,Female,USA,Asian,No,No,No,No,No
369,15,Female,Nigeria,Caucasian,No,No,No,Yes,No
370,72,Female,China,Asian,No,No,No,No,No
371,15,Female,USA,Asian,Yes,No,No,No,No
372,48,Female,China,Caucasian,No,No,Yes,No,Yes
373,62,Male,Nigeria,Middle Eastern,No,Yes,No,No,No
374,15,Male,Japan,African,No,No,No,No,No
375,30,Male,India,African,Yes,No,No,No,Yes
376,75,Male,China,Hispanic,No,No,No,Yes,No
377,78,Male,Nigeria,Hispanic,Yes,No,No,No,Yes
378,77,Female,China,Middle Eastern,No,No,No,No,Yes
379,83,Female,UK,Asian,Yes,No,Yes,Yes,No
380,36,Female,India,Hispanic,No,No,No,No,No
381,81,Female,Russia,African,Yes,No,No,Yes,No
382,40,Female,India,Middle Eastern,No,No,No,No,No
383,30,Female,Russia,Asian,No,No,No,No,No
384,65,Female,India,Caucasian,No,No,No,No,No
385,71,Male,China,Caucasian,No,No,No,Yes,No
386,43,Female,India,Middle Eastern,No,No,No,No,No
387,83,Female,South Korea,Caucasian,No,No,No,No,No
388,61,Female,China,Asian,No,Yes,No,No,No
389,76,Male,Russia,Asian,No,No,No,No,No
390,83,Female,India,Caucasian,No,No,Yes,Yes,No
391,30,Female,UK,Asian,No,No,No,Yes,No
392,62,Female,China,Asian,No,No,No,Yes,No
393,53,Male,Nigeria,African,Yes,Yes,No,No,No
394,47,Male,Brazil,Asian,No,No,Yes,Yes,No
395,37,Female,Japan,Caucasian,No,No,No,No,Yes
396,24,Female,USA,Caucasian,No,No,No,No,No
397,83,Male,Russia,Asian,Yes,Yes,No,No,No
398,48,Female,India,Caucasian,No,No,No,Yes,No
399,66,Female,UK,Caucasian,No,Yes,No,No,No
400,24,Female,China,African,No,No,No,No,Yes
401,33,Male,Nigeria,Caucasian,No,No,No,Yes,No
402,72,Female,USA,Caucasian,No,No,Yes,Yes,No
403,15,Female,South Korea,African,No,No,Yes,Yes,No
404,83,Female,Brazil,Middle Eastern,No,No,No,No,No
405,18,Female,India,Hispanic,No,No,No,No,Yes
406,30,Female,South Korea,Caucasian,No,No,Yes,Yes,No
407,38,Male,USA,Asian,No,Yes,Yes,No,No
408,16,Female,Russia,Caucasian,Yes,No,No,No,No
409,46,Male,China,Asian,No,No,Yes,Yes,No
410,38,Female,India,African,No,No,No,No,No
411,26,Female,China,Caucasian,No,No,No,No,No
412,64,Male,Nigeria,Asian,Yes,No,No,No,No
413,49,Male,Nigeria,Caucasian,No,Yes,No,No,No
414,47,Male,India,African,No,Yes,No,Yes,No
415,47,Female,USA,African,No,No,Yes,Yes,No
416,75,Female,Germany,Hispanic,Yes,No,No,No,No
417,65,Male,Nigeria,African,Yes,No,No,Yes,Yes
418,57,Male,UK,African,No,No,Yes,No,No
419,26,Male,Nigeria,Asian,Yes,No,No,Yes,No
420,81,Male,Brazil,Caucasian,No,No,No,No,Yes
421,79,Female,China,Asian,No,No,Yes,Yes,No
422,47,Male,India,African,No,No,No,No,No
423,54,Female,South Korea,African,No,No,No,No,Yes
424,88,Male,South Korea,Caucasian,Yes,No,No,No,No
425,57,Female,India,Hispanic,No,No,Yes,No,No
426,58,Female,Nigeria,Asian,Yes,No,Yes,Yes,No
427,43,Male,Japan,Caucasian,No,No,No,No,No
428,27,Female,USA,Caucasian,No,No,Yes,Yes,No
429,26,Female,India,Asian,Yes,No,No,No,No
430,60,Female,India,Hispanic,No,No,No,No,No
431,16,Male,Nigeria,Hispanic,Yes,No,No,No,Yes
432,49,Female,China,African,No,Yes,No,No,No
433,22,Female,Brazil,Asian,Yes,Yes,No,Yes,No
434,40,Female,India,African,Yes,No,Yes,No,Yes
435,88,Male,China,Caucasian,No,No,No,No,No
436,48,Female,Russia,African,No,No,No,No,No
437,21,Female,Japan,Asian,No,No,Yes,No,No
438,82,Female,USA,Asian,No,No,No,No,Yes
439,72,Male,China,Asian,No,No,Yes,No,Yes
440,89,Female,Russia,Caucasian,No,No,No,No,Yes
441,43,Female,Brazil,Middle Eastern,No,No,No,Yes,Yes
442,50,Male,Japan,Middle Eastern,No,No,Yes,No,No
443,35,Male,India,Caucasian,No,No,No,No,No
444,50,Female,Nigeria,Asian,No,Yes,No,No,No
445,24,Female,India,Hispanic,No,No,No,No,No
446,87,Male,Japan,Hispanic,No,No,No,No,No
447,38,Male,India,Asian,No,No,No,No,No
448,78,Male,Brazil,Asian,No,No,No,No,No
449,63,Male,Russia,African,No,No,No,No,No
450,50,Male,China,Asian,No,No,No,No,No
451,38,Female,Nigeria,Asian,No,No,Yes,No,No
452,37,Male,Russia,African,No,No,No,No,No
453,76,Female,China,Caucasian,No,No,No,No,No
454,51,Female,Nigeria,Asian,No,No,No,No,No
455,26,Female,Japan,Caucasian,Yes,No,Yes,No,No
456,69,Female,China,Asian,No,No,No,No,No
457,27,Male,India,African,No,No,No,No,No
458,37,Male,Russia,Caucasian,No,No,No,No,No
459,44,Female,Nigeria,Caucasian,Yes,No,Yes,No,No
460,31,Male,Japan,Asian,No,Yes,No,No,No
461,76,Female,India,African,Yes,No,No,No,No
462,27,Female,India,Caucasian,No,No,No,No,No
463,73,Female,China,African,Yes,No,No,No,Yes
464,33,Female,Nigeria,African,No,No,Yes,No,No
465,63,Female,India,Middle Eastern,No,No,No,No,No
466,26,Male,Germany,Caucasian,No,Yes,Yes,No,Yes
467,75,Male,China,Caucasian,No,No,No,Yes,No
468,33,Female,China,African,No,No,No,No,No
469,23,Female,India,Asian,No,Yes,No,No,Yes
470,85,Female,Russia,Asian,No,No,No,Yes,Yes
471,42,Male,China,African,Yes,Yes,Yes,No,No
472,66,Male,Russia,African,No,Yes,No,Yes,No
473,30,Female,Nigeria,African,No,No,No,No,Yes
474,83,Female,India,Caucasian,Yes,No,No,No,No
475,26,Female,Nigeria,Caucasian,No,No,No,No,No
476,39,Female,China,Caucasian,No,Yes,No,No,No
477,66,Female,Russia,Hispanic,No,No,Yes,Yes,No
478,67,Female,South Korea,Caucasian,No,No,No,Yes,No
479,37,Male,Brazil,African,No,No,No,No,No
480,30,Female,Japan,Hispanic,No,No,No,Yes,Yes
481,71,Female,India,Caucasian,No,No,No,No,No
482,53,Female,India,African,No,Yes,Yes,No,No
483,67,Male,Russia,Caucasian,Yes,No,No,No,No
484,56,Male,Russia,Middle Eastern,No,Yes,No,No,Yes
485,72,Female,Japan,Asian,No,No,No,No,No
486,53,Female,China,Asian,No,No,Yes,No,No
487,28,Male,India,Hispanic,Yes,No,Yes,No,Yes
488,19,Male,Brazil,African,No,No,Yes,No,No
489,49,Female,Germany,Asian,No,No,No,Yes,No
490,89,Female,India,Caucasian,No,No,No,Yes,No
491,32,Male,Russia,Middle Eastern,No,No,Yes,No,No
492,23,Male,Brazil,Asian,No,No,Yes,No,No
493,88,Male,Brazil,Hispanic,Yes,No,No,No,Yes
494,72,Female,China,Caucasian,Yes,No,No,No,No
495,31,Female,Nigeria,Asian,No,No,No,No,Yes
496,21,Male,Nigeria,Middle Eastern,No,No,No,No,Yes
497,60,Male,Japan,Asian,No,No,No,No,No
498,27,Female,Nigeria,African,No,No,No,No,Yes
499,54,Female,UK,African,No,No,No,No,Yes
500,56,Female,South Korea,African,No,Yes,No,No,Yes
501,23,Male,Russia,Asian,No,Yes,Yes,Yes,No
502,64,Male,Nigeria,African,No,No,No,Yes,No
503,41,Male,Brazil,Caucasian,No,No,No,No,Yes
504,80,Female,Russia,Asian,No,No,No,Yes,Yes
505,19,Male,Nigeria,Middle Eastern,No,No,No,Yes,No
506,43,Female,India,Middle Eastern,No,No,No,No,Yes
507,51,Female,India,Asian,No,No,No,No,No
508,52,Male,Nigeria,African,No,No,No,No,Yes
509,22,Male,Brazil,African,No,No,No,No,No
510,79,Male,India,Middle Eastern,No,No,No,Yes,Yes
511,31,Male,Brazil,Hispanic,No,No,No,No,No
512,85,Male,India,Caucasian,No,Yes,No,No,Yes
513,59,Female,China,Asian,No,No,No,No,Yes
514,18,Female,China,Middle Eastern,No,No,No,No,Yes
515,50,Male,USA,African,No,No,No,No,No
516,84,Female,Nigeria,African,No,No,No,Yes,No
517,45,Female,India,Caucasian,No,No,Yes,No,No
518,33,Female,South Korea,Asian,No,No,No,Yes,No
519,75,Female,Nigeria,Caucasian,No,No,No,No,No
520,68,Female,Germany,Asian,No,No,Yes,No,No
521,53,Female,Nigeria,Hispanic,Yes,No,No,No,No
522,88,Female,Germany,Asian,No,Yes,No,No,No
523,33,Female,Germany,Hispanic,Yes,No,No,No,No
524,53,Male,Germany,Caucasian,No,No,No,No,No
525,81,Female,Japan,Caucasian,Yes,No,Yes,No,No
526,59,Male,China,Middle Eastern,Yes,No,No,No,No
527,27,Female,Nigeria,Asian,No,No,Yes,No,No
528,72,Male,Germany,Asian,No,No,Yes,No,Yes
529,34,Female,Germany,African,Yes,No,No,No,Yes
530,86,Male,India,Asian,No,No,No,Yes,Yes
531,75,Female,India,Caucasian,Yes,No,No,No,No
532,53,Male,India,African,Yes,No,Yes,No,No
533,15,Male,Japan,Asian,Yes,No,No,No,No
534,17,Female,India,Hispanic,No,No,Yes,No,No
535,76,Female,Nigeria,Hispanic,No,Yes,No,No,No
536,77,Female,Brazil,African,No,No,No,No,No
537,39,Female,India,Asian,No,No,No,No,No
538,70,Female,India,Asian,Yes,No,No,No,No
539,47,Female,South Korea,Caucasian,Yes,No,Yes,No,No
540,52,Female,South Korea,Caucasian,No,No,No,Yes,No
541,20,Male,UK,Asian,No,No,No,No,No
542,72,Female,Brazil,Caucasian,No,No,Yes,No,Yes
543,58,Female,Nigeria,Caucasian,Yes,No,No,Yes,No
544,59,Male,Japan,Caucasian,No,No,No,No,Yes
545,46,Male,Brazil,Caucasian,No,No,No,No,No
546,59,Female,China,Asian,No,No,No,No,No
547,75,Female,South Korea,Asian,Yes,No,No,Yes,No
548,61,Female,South Korea,Caucasian,No,No,Yes,No,Yes
549,35,Female,China,Caucasian,No,No,No,No,No
550,89,Male,China,African,No,No,Yes,No,Yes
551,50,Male,Russia,Caucasian,No,No,No,No,Yes
552,33,Female,Russia,African,No,No,No,No,No
553,34,Female,China,African,Yes,No,No,No,No
554,71,Male,Brazil,Caucasian,Yes,No,No,Yes,No
555,32,Female,India,Middle Eastern,No,No,No,Yes,No
556,61,Female,India,Hispanic,Yes,No,No,Yes,Yes
557,63,Female,UK,Middle Eastern,Yes,No,No,No,Yes
558,28,Female,Nigeria,Caucasian,No,No,No,No,No
559,29,Female,Japan,Asian,No,Yes,Yes,No,No
560,45,Male,India,Caucasian,No,No,No,No,No
561,15,Female,UK,Caucasian,No,No,No,Yes,Yes
562,68,Male,Brazil,Hispanic,No,No,No,Yes,Yes
563,17,Female,India,Caucasian,No,No,No,No,No
564,30,Female,Germany,Asian,No,No,Yes,No,No
565,71,Female,South Korea,Caucasian,No,No,No,No,No
566,89,Male,Russia,African,No,No,No,No,No
567,26,Female,Brazil,African,No,No,No,Yes,No
568,88,Female,Germany,Caucasian,No,No,No,Yes,No
569,30,Male,Germany,Asian,Yes,No,No,No,Yes
570,86,Female,Russia,Asian,Yes,No,No,No,Yes
571,38,Female,Japan,African,No,No,No,No,No
572,42,Female,Nigeria,Asian,No,No,No,No,Yes
573,22,Male,China,Hispanic,No,Yes,Yes,No,No
574,50,Male,UK,Caucasian,Yes,Yes,Yes,No,Yes
575,22,Male,Brazil,Asian,No,No,No,Yes,No
576,72,Female,China,Caucasian,No,No,Yes,Yes,No
577,74,Male,Brazil,African,No,No,No,No,Yes
578,64,Female,China,Hispanic,No,No,No,No,No
579,42,Female,India,Caucasian,No,No,No,No,No
580,55,Male,Russia,African,Yes,No,Yes,No,Yes
581,78,Female,India,Caucasian,Yes,No,Yes,No,No
582,41,Female,India,Hispanic,No,No,No,No,Yes
583,77,Female,China,Caucasian,No,Yes,No,No,No
584,31,Female,Brazil,Caucasian,Yes,No,No,No,No
585,87,Female,Brazil,African,No,No,Yes,No,No
586,47,Male,Brazil,Middle Eastern,Yes,No,No,No,No
587,43,Female,India,African,No,No,No,No,No
588,27,Male,India,Caucasian,No,No,No,No,No
589,60,Male,Japan,Asian,No,No,No,No,No
590,49,Female,India,Asian,No,No,No,No,No
591,20,Female,Brazil,Hispanic,No,No,No,No,No
592,83,Male,Japan,Asian,No,Yes,No,No,No
593,61,Male,Nigeria,Caucasian,No,No,No,No,No
594,39,Male,USA,Caucasian,No,No,No,No,Yes
595,80,Female,USA,Asian,No,No,No,No,No
596,24,Female,India,African,Yes,No,Yes,No,No
597,70,Male,China,Caucasian,Yes,No,No,No,No
598,44,Female,China,Asian,No,No,No,No,No
599,19,Male,India,African,No,No,No,No,Yes
600,47,Male,Japan,Caucasian,No,No,No,No,No
601,79,Female,South Korea,Middle Eastern,No,No,Yes,No,Yes
602,32,Female,Nigeria,Asian,Yes,No,No,No,No
603,63,Female,Japan,Asian,Yes,No,No,No,Yes
604,25,Female,China,Caucasian,No,No,Yes,No,No
605,40,Female,Russia,African,Yes,Yes,No,No,No
606,77,Female,USA,Asian,No,No,Yes,No,Yes
607,73,Male,China,Caucasian,No,No,No,Yes,No
608,41,Female,China,African,No,No,No,No,Yes
609,63,Male,India,African,No,No,Yes,No,Yes
610,47,Female,China,Caucasian,Yes,No,Yes,Yes,No
611,15,Male,China,Asian,No,No,No,No,Yes
612,35,Male,Brazil,Caucasian,No,No,No,No,Yes
613,69,Male,Japan,Middle Eastern,No,No,No,Yes,No
614,20,Female,India,Caucasian,No,No,No,No,No
615,83,Male,Nigeria,Middle Eastern,No,No,No,No,Yes
616,19,Male,Japan,Caucasian,Yes,No,No,No,No
617,17,Male,India,African,No,No,No,No,No
618,67,Female,Nigeria,Caucasian,No,No,No,No,Yes
619,37,Female,China,Caucasian,No,No,No,Yes,No
620,67,Male,India,African,No,No,No,No,Yes
621,51,Female,Russia,Asian,No,No,No,No,No
622,88,Female,China,Caucasian,No,No,No,Yes,Yes
623,88,Female,Russia,Caucasian,No,No,No,No,No
624,31,Female,Russia,Asian,Yes,No,No,No,Yes
625,87,Female,South Korea,Asian,No,No,No,No,No
626,15,Female,Russia,Hispanic,Yes,No,Yes,No,No
627,65,Male,Brazil,Asian,Yes,No,Yes,No,No
628,59,Female,Nigeria,Hispanic,No,No,Yes,No,No
629,18,Female,USA,Asian,No,No,Yes,No,Yes
630,76,Female,UK,Caucasian,Yes,Yes,No,No,Yes
631,79,Male,India,Asian,Yes,No,No,No,No
632,46,Female,India,Asian,Yes,No,No,No,Yes
633,48,Female,China,African,Yes,No,Yes,No,No
634,86,Female,India,Asian,No,No,No,No,No
635,53,Female,Japan,Caucasian,Yes,Yes,No,No,Yes
636,40,Male,Japan,Asian,Yes,No,No,No,No
637,48,Male,India,Hispanic,Yes,Yes,No,Yes,No
638,68,Female,Nigeria,African,Yes,No,No,No,Yes
639,17,Female,Germany,Caucasian,No,Yes,No,Yes,No
640,64,Female,Russia,Hispanic,No,No,Yes,No,No
641,26,Female,Russia,Middle Eastern,No,No,No,No,No
642,79,Male,USA,Caucasian,No,No,No,No,Yes
643,68,Female,Nigeria,Middle Eastern,Yes,No,No,No,Yes
644,19,Male,China,Asian,No,Yes,No,No,No
645,71,Male,USA,Caucasian,No,No,No,No,Yes
646,31,Female,China,Asian,Yes,No,No,No,No
647,61,Female,Russia,African,No,No,No,No,No
648,37,Male,Brazil,Asian,No,No,No,No,No
649,28,Male,UK,Asian,No,No,No,No,Yes
650,80,Female,South Korea,African,No,No,No,Yes,No
651,89,Female,UK,Hispanic,No,No,No,No,No
652,65,Female,UK,African,No,No,No,No,No
653,52,Female,Germany,Hispanic,No,No,No,No,No
654,78,Female,Japan,Asian,Yes,No,Yes,No,No
655,52,Female,USA,African,No,No,No,No,Yes
656,64,Female,Brazil,African,No,No,No,No,No
657,44,Female,China,Hispanic,No,No,No,Yes,No
658,65,Female,Nigeria,Asian,No,Yes,No,No,No
659,77,Male,China,Asian,No,No,No,No,Yes
660,66,Female,China,African,Yes,Yes,No,No,Yes
661,52,Male,India,Hispanic,No,Yes,No,No,Yes
662,44,Female,Japan,Caucasian,No,No,No,No,No
663,65,Female,Russia,African,Yes,Yes,Yes,No,No
664,19,Male,Brazil,Caucasian,Yes,No,Yes,No,No
665,43,Male,Russia,Hispanic,No,No,Yes,Yes,No
666,18,Female,China,African,Yes,No,No,No,No
667,24,Male,Germany,Asian,No,No,No,No,No
668,70,Female,China,Hispanic,No,No,No,No,Yes
669,31,Female,India,Asian,No,Yes,No,No,No
670,88,Female,Nigeria,Caucasian,Yes,Yes,Yes,No,No
671,31,Female,India,Asian,No,No,No,No,Yes
672,83,Female,South Korea,African,No,No,Yes,No,No
673,48,Female,Nigeria,African,No,No,No,No,Yes
674,20,Female,Japan,Caucasian,No,No,No,Yes,No
675,67,Male,Nigeria,Asian,No,Yes,Yes,Yes,No
676,80,Male,Nigeria,Caucasian,No,No,No,No,Yes
677,57,Female,India,Caucasian,No,Yes,No,No,Yes
678,89,Female,Nigeria,Hispanic,No,No,No,No,Yes
679,37,Female,China,Caucasian,Yes,No,Yes,No,Yes
680,69,Female,Germany,Caucasian,Yes,No,No,No,No
681,89,Female,Brazil,Caucasian,No,No,No,No,Yes
682,30,Male,Nigeria,Asian,Yes,Yes,No,No,Yes
683,22,Male,India,Caucasian,Yes,No,No,Yes,No
684,18,Female,UK,Caucasian,No,No,No,No,No
685,18,Male,Russia,Asian,No,Yes,Yes,No,Yes
686,70,Male,India,Hispanic,No,No,No,Yes,No
687,39,Female,Russia,African,No,Yes,Yes,No,Yes
688,81,Male,Japan,Asian,Yes,No,Yes,No,No
689,81,Female,Nigeria,Caucasian,No,No,No,No,No
690,41,Male,Japan,Middle Eastern,No,No,Yes,Yes,Yes
691,46,Male,Nigeria,Asian,No,No,No,No,No
692,64,Female,Nigeria,Caucasian,Yes,No,No,No,Yes
693,75,Female,Nigeria,Hispanic,No,No,No,No,No
694,65,Female,India,Caucasian,No,No,Yes,No,Yes
695,33,Male,Russia,Caucasian,Yes,No,No,No,No
696,35,Male,China,Middle Eastern,No,No,Yes,No,No
697,19,Female,India,Middle Eastern,No,No,No,No,Yes
698,56,Female,Russia,Caucasian,No,Yes,No,No,Yes
699,75,Female,Japan,African,No,No,No,No,Yes
700,36,Female,Brazil,Caucasian,No,No,No,No,No
701,35,Female,China,Caucasian,No,No,No,No,No
702,84,Female,India,African,No,No,No,No,No
703,15,Female,Nigeria,African,No,No,No,No,No
704,19,Female,India,African,No,No,No,No,No
705,26,Male,Russia,Caucasian,Yes,No,No,No,No
706,60,Male,South Korea,Asian,No,No,No,No,No
707,48,Female,Brazil,Caucasian,Yes,No,Yes,No,No
708,63,Male,Japan,Middle Eastern,No,Yes,Yes,No,No
709,59,Male,Nigeria,Caucasian,No,Yes,No,No,No
710,41,Female,Nigeria,Middle Eastern,No,Yes,No,No,No
711,87,Female,UK,Asian,Yes,No,No,No,No
712,40,Female,UK,African,No,No,No,No,No
713,61,Female,Russia,Caucasian,Yes,No,No,No,No
714,70,Male,China,Asian,Yes,No,No,Yes,No
715,77,Male,UK,African,No,No,No,No,No
716,62,Female,Nigeria,Asian,No,Yes,No,Yes,Yes
717,75,Female,South Korea,Caucasian,Yes,Yes,No,No,Yes
718,40,Male,USA,Caucasian,No,Yes,No,No,No
719,50,Female,Germany,African,No,No,Yes,No,No
720,15,Male,India,African,No,No,Yes,Yes,No
721,22,Female,Germany,Hispanic,No,No,No,No,No
722,66,Female,Germany,Caucasian,Yes,No,Yes,No,No
723,61,Male,UK,Caucasian,Yes,No,No,Yes,Yes
724,70,Female,Nigeria,Asian,No,No,No,Yes,No
725,28,Female,UK,Asian,No,No,No,No,No
726,42,Female,China,Caucasian,Yes,No,No,No,No
727,16,Female,Nigeria,African,Yes,No,No,No,No
728,40,Male,UK,Caucasian,No,Yes,Yes,No,Yes
729,28,Female,Japan,Middle Eastern,Yes,No,Yes,Yes,Yes
730,73,Female,China,Asian,Yes,No,No,No,No
731,70,Female,India,Caucasian,No,No,No,No,No
732,21,Male,China,Middle Eastern,No,No,No,No,No
733,17,Female,Nigeria,Asian,Yes,No,No,No,Yes
734,37,Female,Brazil,African,No,No,Yes,No,No
735,32,Male,Brazil,Caucasian,Yes,Yes,No,No,No
736,52,Male,Japan,Asian,No,No,No,No,Yes
737,29,Male,Russia,Hispanic,No,No,No,No,No
738,78,Male,South Korea,Caucasian,No,No,No,No,Yes
739,42,Female,Russia,African,No,No,No,No,Yes
740,88,Male,China,Asian,Yes,No,No,No,No
741,53,Male,South Korea,African,No,No,No,No,No
742,71,Female,India,Hispanic,No,No,No,No,No
743,31,Male,China,Caucasian,No,No,Yes,No,No
744,58,Female,Germany,Middle Eastern,Yes,Yes,No,No,Yes
745,39,Female,Brazil,African,Yes,No,Yes,No,No
746,31,Female,India,African,No,No,Yes,Yes,Yes
747,27,Female,Nigeria,Caucasian,Yes,No,No,No,Yes
748,39,Female,Russia,Asian,No,No,Yes,No,Yes
749,82,Male,Germany,Caucasian,No,No,No,No,No
750,24,Female,Brazil,Middle Eastern,No,No,No,No,Yes
751,81,Male,South Korea,African,No,No,No,No,Yes
752,32,Female,Nigeria,Caucasian,Yes,No,No,Yes,No
753,48,Male,Nigeria,Caucasian,Yes,No,No,No,Yes
754,22,Female,USA,African,No,No,No,Yes,Yes
755,54,Female,Nigeria,Asian,Yes,No,Yes,No,No
756,56,Male,Brazil,Middle Eastern,Yes,No,Yes,No,No
757,55,Male,Nigeria,Asian,No,Yes,No,No,Yes
758,20,Male,India,African,Yes,No,No,No,Yes
759,66,Male,China,Middle Eastern,Yes,Yes,No,No,Yes
760,40,Female,Nigeria,African,No,No,No,No,No
761,78,Female,India,Middle Eastern,No,No,No,Yes,Yes
762,73,Female,Brazil,Asian,No,No,Yes,Yes,Yes
763,70,Female,India,Middle Eastern,No,No,No,No,No
764,73,Female,Nigeria,Asian,No,Yes,No,Yes,No
765,84,Male,Brazil,Caucasian,Yes,Yes,Yes,No,No
766,47,Female,China,Caucasian,No,No,No,No,Yes
767,67,Female,India,Hispanic,Yes,No,No,No,No
768,36,Female,Nigeria,African,No,Yes,No,Yes,Yes
769,35,Female,China,African,Yes,No,No,No,No
770,84,Male,Brazil,Hispanic,No,No,Yes,No,Yes
771,84,Male,Russia,Caucasian,No,No,No,No,No
772,18,Female,India,Hispanic,No,No,No,No,No
773,89,Female,India,Asian,No,No,No,No,Yes
774,76,Female,South Korea,African,No,No,Yes,No,No
775,76,Female,India,Caucasian,Yes,No,Yes,No,Yes
776,38,Male,Nigeria,African,No,No,No,No,No
777,69,Female,Brazil,Caucasian,No,No,No,No,No
778,23,Male,China,Asian,No,No,No,Yes,No
779,17,Male,Japan,Hispanic,No,No,No,No,Yes
780,45,Male,Russia,Caucasian,No,No,No,Yes,No
781,54,Male,China,Asian,No,No,No,No,Yes
782,50,Female,Brazil,Asian,No,No,Yes,No,No
783,38,Male,India,Hispanic,No,No,No,No,No
784,20,Male,China,Caucasian,Yes,No,No,No,No
785,80,Female,South Korea,Hispanic,No,No,No,Yes,No
786,89,Female,India,Caucasian,No,No,No,No,No
787,18,Female,Russia,African,Yes,No,No,Yes,Yes
788,20,Female,UK,African,No,No,No,No,No
789,65,Female,Nigeria,Asian,No,Yes,No,Yes,No
790,76,Female,India,African,No,Yes,Yes,No,No
791,71,Female,Russia,Asian,No,Yes,Yes,No,No
792,80,Male,Japan,Hispanic,No,No,No,No,No
793,89,Male,India,Hispanic,No,No,No,No,No
794,22,Female,China,African,No,No,No,Yes,No
795,40,Female,China,Caucasian,No,Yes,No,No,No
796,65,Female,Germany,Asian,No,No,No,No,No
797,59,Female,Nigeria,African,Yes,No,Yes,No,No
798,58,Female,China,Caucasian,No,No,No,No,Yes
799,19,Female,Russia,Hispanic,Yes,No,No,Yes,No
800,84,Female,Nigeria,Asian,No,No,No,Yes,Yes
801,40,Female,Nigeria,Asian,No,No,No,No,No
802,82,Female,Russia,African,No,Yes,No,No,No
803,33,Male,China,Caucasian,No,No,Yes,No,Yes
804,34,Male,South Korea,Caucasian,No,No,No,No,No
805,26,Female,USA,Asian,Yes,No,No,Yes,No
806,61,Female,Japan,African,No,No,No,No,Yes
807,15,Female,India,African,No,No,No,No,No
808,28,Female,USA,African,No,No,Yes,No,Yes
809,78,Female,UK,Middle Eastern,No,No,No,No,No
810,52,Male,Japan,Middle Eastern,No,No,No,No,No
811,51,Female,China,Middle Eastern,Yes,No,Yes,No,Yes
812,25,Female,Russia,African,No,No,No,No,Yes
813,17,Female,China,Middle Eastern,No,Yes,No,Yes,No
814,47,Male,China,Caucasian,Yes,No,No,No,No
815,20,Female,China,African,Yes,No,No,No,Yes
816,64,Male,China,Middle Eastern,Yes,No,No,No,No
817,24,Female,USA,Middle Eastern,No,No,Yes,Yes,No
818,19,Male,India,Middle Eastern,No,Yes,No,No,No
819,37,Male,China,African,No,No,No,No,No
820,24,Male,China,Hispanic,Yes,No,Yes,No,Yes
821,58,Female,Brazil,Asian,No,No,No,No,No
822,16,Male,Brazil,Asian,No,Yes,No,Yes,No
823,27,Male,Russia,Middle Eastern,No,No,No,Yes,Yes
824,54,Male,China,African,No,No,No,Yes,Yes
825,16,Female,Nigeria,Caucasian,No,No,No,No,Yes
826,79,Female,India,Middle Eastern,Yes,No,Yes,Yes,No
827,77,Female,India,Hispanic,Yes,No,Yes,No,Yes
828,87,Female,India,Caucasian,Yes,Yes,No,No,No
829,31,Female,UK,Caucasian,No,No,No,No,No
830,23,Female,India,African,Yes,No,No,No,No
831,89,Female,Russia,African,Yes,No,No,No,No
832,29,Male,Brazil,Caucasian,Yes,No,Yes,Yes,No
833,38,Male,Brazil,Caucasian,No,No,No,No,No
834,52,Male,UK,Hispanic,Yes,No,Yes,Yes,No
835,49,Female,China,Asian,No,No,Yes,No,Yes
836,63,Female,Nigeria,Caucasian,Yes,Yes,No,Yes,Yes
837,83,Female,Russia,Caucasian,Yes,No,Yes,No,Yes
838,76,Male,Russia,Hispanic,No,No,No,No,Yes
839,74,Female,India,African,Yes,No,Yes,No,No
840,64,Female,Nigeria,Caucasian,Yes,No,No,No,No
841,89,Male,South Korea,Caucasian,No,No,No,No,No
842,23,Male,Brazil,Caucasian,No,No,No,No,Yes
843,48,Male,China,African,No,Yes,Yes,No,Yes
844,49,Male,Nigeria,Caucasian,No,No,Yes,No,No
845,15,Male,India,Asian,No,No,Yes,No,No
846,54,Female,Nigeria,African,Yes,No,No,Yes,No
847,78,Male,Nigeria,African,No,No,No,No,No
848,36,Female,UK,Caucasian,No,No,Yes,No,No
849,74,Female,Nigeria,Caucasian,No,No,Yes,No,No
850,78,Female,USA,Caucasian,No,No,Yes,No,No
851,86,Female,India,Middle Eastern,No,No,No,No,No
852,25,Female,Russia,Caucasian,No,No,No,No,No
853,28,Female,China,Caucasian,No,Yes,No,No,No
854,74,Female,India,Caucasian,Yes,No,Yes,No,No
855,44,Male,Japan,Asian,No,No,No,No,No
856,49,Female,India,African,No,No,No,No,No
857,51,Male,South Korea,Hispanic,Yes,No,No,No,No
858,19,Female,Nigeria,African,Yes,No,No,No,No
859,40,Female,Germany,Caucasian,No,No,No,No,Yes
860,76,Male,USA,Asian,No,No,No,No,No
861,18,Female,Nigeria,Hispanic,No,No,No,No,Yes
862,56,Male,Brazil,Caucasian,Yes,No,No,No,No
863,32,Female,UK,Asian,No,No,No,No,Yes
864,54,Male,Nigeria,Caucasian,Yes,Yes,No,Yes,No
865,86,Female,Germany,African,Yes,Yes,No,Yes,Yes
866,53,Female,Russia,African,No,No,No,Yes,No
867,28,Male,Nigeria,Caucasian,No,No,No,No,No
868,46,Female,Japan,Caucasian,Yes,Yes,No,No,No
869,65,Female,China,Asian,Yes,Yes,Yes,No,No
870,52,Female,Germany,Caucasian,No,No,No,No,Yes
871,37,Female,Brazil,Caucasian,No,No,Yes,No,No
872,77,Female,Japan,African,No,No,No,No,No
873,29,Male,Brazil,Asian,Yes,No,Yes,No,No
874,39,Female,India,Hispanic,No,No,Yes,No,No
875,31,Male,China,Hispanic,Yes,No,No,No,No
876,80,Male,Japan,Asian,Yes,No,No,No,No
877,67,Female,India,Hispanic,Yes,Yes,No,No,No
878,65,Female,India,Caucasian,No,Yes,Yes,No,Yes
879,53,Male,Japan,Caucasian,Yes,Yes,No,No,No
880,65,Female,India,Caucasian,No,No,No,No,No
881,84,Female,South Korea,Asian,Yes,No,No,No,No
882,20,Male,Brazil,African,Yes,Yes,No,No,Yes
883,81,Male,USA,Caucasian,No,Yes,Yes,No,No
884,21,Male,Germany,Hispanic,No,No,No,No,No
885,65,Male,Germany,Caucasian,No,No,No,No,Yes
886,86,Male,Japan,Caucasian,No,No,No,No,Yes
887,56,Female,China,Asian,Yes,No,Yes,No,No
888,78,Male,USA,Caucasian,Yes,No,No,No,No
889,29,Male,Brazil,Caucasian,Yes,No,No,No,No
890,43,Male,India,Caucasian,No,No,No,Yes,No
891,47,Male,China,Asian,Yes,Yes,No,No,Yes
892,41,Female,China,African,No,No,Yes,No,No
893,50,Female,Brazil,Caucasian,No,No,Yes,No,No
894,43,Female,Russia,Middle Eastern,No,No,No,No,No
895,52,Male,UK,Asian,No,No,Yes,No,No
896,71,Female,India,Caucasian,No,No,No,No,No
897,41,Male,Nigeria,Asian,No,Yes,No,Yes,No
898,69,Male,Nigeria,Asian,No,No,Yes,No,No
899,47,Male,USA,Asian,No,No,No,No,No
900,82,Female,China,Hispanic,No,No,No,No,No
901,80,Male,UK,Caucasian,No,Yes,No,No,No
902,24,Female,Nigeria,Middle Eastern,No,No,No,No,No
903,19,Female,Germany,Middle Eastern,Yes,No,No,No,No
904,88,Male,Japan,Caucasian,No,Yes,No,Yes,No
905,52,Female,Brazil,Asian,No,Yes,No,No,No
906,27,Female,India,Caucasian,No,No,No,Yes,Yes
907,45,Male,South Korea,Middle Eastern,No,Yes,No,No,Yes
908,61,Male,India,Asian,Yes,No,No,No,No
909,66,Male,India,African,No,No,No,No,No
910,70,Female,India,Hispanic,Yes,No,No,Yes,Yes
911,29,Male,China,Asian,No,No,No,No,Yes
912,43,Female,India,Asian,No,No,Yes,No,No
913,22,Female,China,Caucasian,Yes,Yes,No,No,No
914,19,Female,USA,African,No,Yes,No,No,No
915,43,Male,Japan,Caucasian,No,No,Yes,Yes,Yes
916,61,Male,Nigeria,Caucasian,Yes,No,No,No,No
917,82,Female,South Korea,Hispanic,Yes,Yes,Yes,No,Yes
918,59,Male,China,Asian,Yes,No,No,No,No
919,16,Female,Russia,Asian,No,No,No,No,Yes
920,41,Female,India,Middle Eastern,No,No,No,No,No
921,50,Male,China,Caucasian,No,No,No,No,Yes
922,50,Female,Brazil,Caucasian,No,No,No,No,No
923,40,Male,Brazil,African,No,No,No,No,Yes
924,57,Female,UK,Caucasian,Yes,No,No,No,No
925,41,Female,Germany,Asian,Yes,No,No,No,No
926,83,Female,Brazil,Hispanic,Yes,No,No,No,No
927,34,Female,Japan,Asian,Yes,No,No,Yes,Yes
928,25,Female,India,Caucasian,No,No,No,No,Yes
929,88,Female,South Korea,African,Yes,No,Yes,Yes,Yes
930,52,Female,USA,Caucasian,Yes,No,No,No,No
931,20,Male,India,Middle Eastern,No,No,No,No,No
932,86,Male,USA,Hispanic,No,No,Yes,No,No
933,37,Female,India,Hispanic,Yes,No,Yes,No,Yes
934,61,Male,Brazil,Caucasian,Yes,No,No,No,Yes
935,60,Male,India,Asian,No,No,Yes,Yes,No
936,26,Male,China,African,No,No,No,Yes,No
937,27,Female,Nigeria,Middle Eastern,No,No,No,No,No
938,76,Female,India,African,Yes,Yes,No,No,Yes
939,74,Male,Nigeria,Hispanic,No,Yes,Yes,Yes,Yes
940,57,Female,Russia,Middle Eastern,Yes,No,Yes,No,No
941,82,Male,South Korea,African,No,No,Yes,No,No
942,19,Male,Japan,Caucasian,No,No,No,No,Yes
943,51,Female,Nigeria,Caucasian,Yes,No,No,No,No
944,86,Male,China,Caucasian,No,No,No,No,Yes
945,45,Female,South Korea,Hispanic,Yes,No,No,No,Yes
946,23,Male,Japan,African,Yes,No,No,No,No
947,65,Female,India,Hispanic,No,Yes,No,No,Yes
948,43,Male,India,Asian,Yes,No,No,No,No
949,54,Male,Nigeria,Caucasian,No,No,No,No,No
950,55,Female,Nigeria,Hispanic,Yes,No,No,No,No
951,25,Male,India,Asian,No,Yes,Yes,No,No
952,37,Male,India,Asian,Yes,No,Yes,No,Yes
953,15,Female,China,Asian,Yes,No,Yes,No,No
954,60,Female,Germany,Caucasian,No,Yes,No,No,No
955,35,Female,Nigeria,African,No,No,No,Yes,Yes
956,50,Male,Nigeria,African,No,Yes,No,No,Yes
957,68,Female,Brazil,Caucasian,Yes,No,Yes,No,No
958,71,Female,Russia,Asian,No,No,No,No,No
959,15,Female,Nigeria,African,No,No,No,No,No
960,77,Male,UK,Asian,No,Yes,No,No,No
961,68,Male,Japan,Asian,No,No,No,No,Yes
962,69,Male,UK,Hispanic,No,Yes,Yes,No,No
963,54,Male,Nigeria,African,No,No,Yes,No,No
964,29,Female,China,Caucasian,No,No,Yes,No,No
965,35,Female,China,Caucasian,No,No,Yes,Yes,Yes
966,61,Female,India,Middle Eastern,No,No,No,No,Yes
967,87,Female,China,Caucasian,No,No,No,Yes,Yes
968,67,Female,India,Caucasian,No,No,Yes,No,Yes
969,23,Female,Brazil,Caucasian,No,Yes,No,No,No
970,88,Female,Russia,Caucasian,No,No,Yes,No,No
971,66,Male,India,Asian,Yes,No,Yes,No,No
972,71,Female,China,Hispanic,Yes,No,No,No,Yes
973,40,Male,India,Caucasian,No,No,No,No,Yes
974,55,Male,India,African,No,No,No,No,No
975,49,Female,Japan,African,Yes,Yes,No,No,No
976,77,Female,Russia,Caucasian,Yes,No,No,No,No
977,39,Female,South Korea,African,Yes,No,No,No,No
978,89,Female,Nigeria,Hispanic,Yes,No,Yes,No,No
979,52,Male,Brazil,Caucasian,No,No,No,No,No
980,16,Female,Brazil,Asian,Yes,No,No,Yes,No
981,21,Female,India,Asian,Yes,Yes,No,No,Yes
982,48,Male,Nigeria,Asian,Yes,No,No,Yes,Yes
983,31,Female,USA,Hispanic,No,No,No,Yes,No
984,57,Female,India,African,No,No,No,No,Yes
985,73,Male,Russia,Caucasian,No,No,No,Yes,No
986,65,Female,Nigeria,Caucasian,No,No,Yes,Yes,No
987,68,Male,Russia,Caucasian,No,No,No,Yes,No
988,38,Male,India,Caucasian,No,No,Yes,No,No
989,39,Female,India,African,Yes,No,No,No,No
990,85,Male,Brazil,Hispanic,No,No,No,No,Yes
991,66,Female,UK,African,No,Yes,No,No,Yes
992,84,Female,India,Asian,No,No,No,No,No
993,47,Male,Brazil,Hispanic,Yes,No,Yes,No,No
994,63,Female,UK,Middle Eastern,No,No,No,No,No
995,43,Female,Nigeria,Caucasian,No,No,No,No,No
996,77,Male,India,Asian,No,No,No,No,Yes
997,36,Female,Brazil,Asian,Yes,Yes,No,No,Yes
998,40,Female,China,Hispanic,No,No,No,No,No
999,42,Female,Russia,Asian,No,No,No,No,Yes
1000,63,Female,India,Caucasian,Yes,Yes,Yes,No,Yes
1001,85,Female,Japan,African,Yes,Yes,No,No,No
1002,63,Female,Brazil,Caucasian,No,No,No,No,No
1003,34,Female,Nigeria,Caucasian,Yes,No,No,No,No
1004,77,Male,Japan,Caucasian,No,No,No,Yes,Yes
1005,75,Male,Japan,Caucasian,No,No,No,No,No
1006,63,Female,USA,Asian,Yes,No,Yes,No,No
1007,85,Male,Nigeria,Caucasian,No,No,No,No,No
1008,15,Female,India,Asian,No,No,Yes,Yes,No
1009,27,Female,India,Middle Eastern,No,No,No,No,No
1010,65,Male,China,Caucasian,No,No,No,No,No
1011,70,Female,India,Caucasian,No,Yes,No,Yes,No
1012,76,Male,Japan,African,No,No,No,No,No
1013,46,Female,South Korea,African,Yes,No,No,No,Yes
1014,44,Female,USA,African,No,Yes,Yes,Yes,No
1015,43,Female,Russia,Asian,Yes,No,No,No,No
1016,63,Male,China,Caucasian,No,No,Yes,No,No
1017,59,Female,Russia,Asian,Yes,No,No,No,No
1018,44,Male,Brazil,African,Yes,No,No,No,Yes
1019,30,Male,India,Asian,No,Yes,No,No,Yes
1020,54,Male,India,Caucasian,No,Yes,No,Yes,No
1021,33,Female,South Korea,Caucasian,No,No,No,No,No
1022,32,Female,Russia,Asian,No,No,Yes,No,No
1023,15,Male,Nigeria,Caucasian,No,No,No,No,Yes
1024,61,Male,Japan,Middle Eastern,No,No,No,No,No
1025,80,Male,India,African,No,Yes,Yes,No,No
1026,52,Female,Brazil,African,Yes,No,No,No,Yes
1027,65,Male,India,Caucasian,No,No,No,No,No
1028,77,Female,Nigeria,Hispanic,Yes,No,No,No,No
1029,18,Male,UK,Caucasian,No,No,No,No,No
1030,15,Male,India,Caucasian,No,Yes,Yes,No,No
1031,22,Male,India,Asian,No,Yes,Yes,No,No
1032,43,Male,Germany,Asian,No,No,No,No,No
1033,69,Female,Russia,Asian,Yes,Yes,No,Yes,No
1034,17,Male,Brazil,African,No,No,Yes,Yes,Yes
1035,46,Female,Brazil,Asian,Yes,No,No,No,Yes
1036,24,Male,South Korea,Hispanic,No,No,Yes,No,Yes
1037,88,Female,India,Hispanic,No,No,No,No,No
1038,48,Male,India,African,Yes,No,No,No,No
1039,69,Male,India,Asian,No,No,No,No,No
1040,46,Female,Japan,Asian,Yes,No,No,No,No
1041,64,Female,South Korea,Asian,No,No,No,No,No
1042,21,Female,Japan,Caucasian,No,No,Yes,No,No
1043,22,Female,India,Asian,Yes,No,Yes,Yes,No
1044,79,Male,Nigeria,African,Yes,No,No,No,No
1045,71,Female,South Korea,Hispanic,No,No,Yes,No,No
1046,81,Male,India,Caucasian,No,No,No,No,Yes
1047,73,Female,Russia,Caucasian,Yes,No,No,Yes,No
1048,86,Female,Nigeria,Asian,No,Yes,No,No,Yes
1049,68,Female,China,Asian,No,No,No,No,No
1050,81,Female,Nigeria,Middle Eastern,No,No,Yes,No,Yes
1051,65,Female,Germany,Asian,Yes,No,No,No,Yes
1052,22,Female,Japan,Hispanic,No,Yes,No,No,Yes
1053,48,Male,India,Caucasian,No,No,No,No,Yes
1054,49,Female,India,African,No,No,No,No,No
1055,46,Male,Nigeria,Caucasian,No,No,No,No,No
1056,60,Female,USA,African,No,No,Yes,No,No
1057,30,Male,Brazil,Hispanic,No,Yes,No,No,No
1058,82,Male,Russia,Caucasian,Yes,No,No,No,No
1059,51,Male,Brazil,African,No,Yes,No,No,No
1060,68,Male,Nigeria,Asian,Yes,No,No,No,No
1061,28,Female,India,Hispanic,No,Yes,Yes,No,No
1062,69,Female,Japan,Caucasian,No,No,Yes,No,Yes
1063,62,Female,India,Caucasian,No,No,No,No,No
1064,21,Male,UK,African,No,No,No,Yes,No
1065,88,Female,India,Middle Eastern,No,No,No,No,No
1066,21,Female,Russia,Caucasian,No,No,No,No,Yes
1067,47,Male,China,Asian,Yes,No,Yes,No,No
1068,37,Male,India,Caucasian,No,No,No,No,No
1069,33,Male,Japan,Caucasian,No,No,No,No,No
1070,33,Female,Nigeria,Asian,No,No,No,No,No
1071,50,Female,Nigeria,African,Yes,No,No,No,No
1072,43,Male,India,Hispanic,No,No,No,No,No
1073,74,Female,Japan,Hispanic,Yes,No,No,No,Yes
1074,16,Female,Germany,African,No,No,Yes,No,No
1075,15,Male,USA,African,No,Yes,No,No,Yes
1076,61,Male,UK,Asian,No,No,Yes,No,No
1077,83,Male,China,Caucasian,No,Yes,No,No,No
1078,34,Female,Nigeria,Asian,Yes,No,No,No,No
1079,25,Female,Japan,Asian,Yes,No,No,No,No
1080,16,Female,China,Hispanic,No,No,No,Yes,Yes
1081,81,Male,China,Asian,Yes,Yes,No,No,Yes
1082,26,Female,USA,Hispanic,No,No,Yes,No,Yes
1083,34,Male,India,Middle Eastern,Yes,No,No,No,No
1084,19,Female,Russia,African,No,No,Yes,No,No
1085,51,Male,China,Asian,Yes,No,No,No,No
1086,52,Female,UK,Middle Eastern,No,No,Yes,No,No
1087,23,Female,China,Hispanic,No,Yes,No,No,Yes
1088,67,Female,India,Caucasian,No,No,No,No,No
1089,58,Female,China,Hispanic,Yes,No,No,Yes,Yes
1090,38,Male,Russia,Asian,No,Yes,No,No,No
1091,88,Female,Germany,African,No,No,No,No,No
1092,44,Female,India,Middle Eastern,No,No,No,No,No
1093,73,Female,Nigeria,Caucasian,No,No,Yes,No,Yes
1094,28,Female,USA,Hispanic,No,No,No,No,No
1095,23,Female,Nigeria,Asian,No,No,No,No,No
1096,54,Female,UK,Asian,No,No,Yes,Yes,No
1097,80,Female,Russia,Middle Eastern,No,No,Yes,Yes,No
1098,39,Male,Japan,Caucasian,No,No,No,No,No
1099,87,Male,Germany,Asian,No,Yes,No,No,Yes
1100,36,Female,UK,Caucasian,No,No,No,No,Yes
1101,18,Female,China,African,Yes,No,No,Yes,No
1102,40,Female,China,Asian,No,Yes,Yes,No,Yes
1103,72,Female,South Korea,African,No,No,No,No,No
1104,43,Male,Brazil,Caucasian,No,No,Yes,Yes,No
1105,51,Male,USA,Asian,No,No,No,No,Yes
1106,89,Female,Germany,African,Yes,No,No,No,No
1107,84,Female,Nigeria,Asian,No,No,No,Yes,No
1108,32,Female,China,Caucasian,No,No,Yes,No,No
1109,56,Male,China,African,Yes,No,No,No,No
1110,55,Male,India,Asian,Yes,No,No,Yes,No
1111,52,Female,Japan,African,No,No,Yes,No,No
1112,48,Female,Russia,Middle Eastern,No,No,No,No,Yes
1113,31,Male,South Korea,Caucasian,Yes,Yes,No,No,No
1114,51,Male,Nigeria,Asian,No,No,No,No,Yes
1115,39,Male,Japan,Asian,Yes,No,No,Yes,No
1116,41,Female,USA,Hispanic,Yes,Yes,No,No,No
1117,71,Female,China,Asian,No,No,Yes,No,No
1118,45,Female,China,Caucasian,Yes,No,No,No,No
1119,20,Female,USA,Hispanic,Yes,Yes,Yes,No,Yes
1120,54,Male,Nigeria,Caucasian,No,No,No,No,No
1121,26,Male,China,African,Yes,No,No,No,No
1122,67,Female,Nigeria,Caucasian,No,No,No,No,No
1123,85,Female,China,Caucasian,No,No,Yes,No,No
1124,24,Female,China,Asian,No,Yes,No,No,No
1125,59,Male,Nigeria,Caucasian,Yes,No,No,No,No
1126,31,Female,Brazil,Caucasian,No,No,No,No,No
1127,40,Male,Russia,African,No,No,No,No,Yes
1128,76,Female,India,African,No,No,No,No,Yes
1129,60,Female,Japan,Caucasian,Yes,No,Yes,No,No
1130,78,Male,South Korea,Asian,No,No,No,No,Yes
1131,16,Male,India,Middle Eastern,No,No,No,No,Yes
1132,68,Male,Nigeria,Caucasian,No,No,No,Yes,No
1133,79,Female,China,African,Yes,No,No,No,No
1134,65,Female,India,Caucasian,No,No,Yes,No,No
1135,67,Female,China,Caucasian,Yes,Yes,Yes,No,No
1136,50,Male,India,Caucasian,No,No,No,No,No
1137,40,Female,India,Middle Eastern,No,No,No,No,No
1138,43,Female,Brazil,Hispanic,Yes,No,No,No,Yes
1139,35,Female,China,Caucasian,No,No,Yes,Yes,No
1140,25,Male,UK,Caucasian,No,No,No,No,No
1141,54,Female,Germany,Asian,No,No,No,Yes,No
1142,25,Male,India,Middle Eastern,No,No,No,No,No
1143,50,Male,Brazil,Asian,Yes,No,No,No,No
1144,73,Male,Japan,Caucasian,No,No,No,No,No
1145,53,Male,China,Asian,Yes,No,No,Yes,Yes
1146,68,Female,India,Caucasian,No,No,No,No,No
1147,69,Male,Japan,Middle Eastern,Yes,No,No,No,Yes
1148,38,Female,India,African,No,No,No,No,No
1149,36,Female,USA,Hispanic,No,No,Yes,No,No
1150,83,Female,Nigeria,Asian,No,No,No,No,No
1151,70,Male,Russia,Caucasian,No,No,No,No,No
1152,47,Female,India,Asian,Yes,No,No,No,No
1153,50,Male,India,Caucasian,Yes,No,No,No,No
1154,34,Male,China,Middle Eastern,No,No,No,No,No
1155,76,Female,China,Asian,Yes,No,No,No,No
1156,87,Male,India,Caucasian,No,No,No,No,No
1157,40,Male,Brazil,African,Yes,No,Yes,No,No
1158,80,Female,China,Hispanic,No,No,No,Yes,No
1159,87,Female,Nigeria,Middle Eastern,No,No,No,No,No
1160,87,Female,Nigeria,Asian,Yes,No,No,No,No
1161,54,Female,Russia,Asian,Yes,No,No,No,No
1162,31,Male,India,Middle Eastern,No,No,No,No,Yes
1163,15,Female,Japan,Asian,Yes,No,No,No,No
1164,75,Female,Nigeria,Asian,No,No,No,No,No
1165,57,Male,India,Caucasian,No,No,No,No,No
1166,56,Male,UK,Asian,No,No,No,Yes,No
1167,39,Male,India,Caucasian,No,No,No,Yes,No
1168,53,Female,Germany,Asian,Yes,No,Yes,No,Yes
1169,49,Female,Japan,Hispanic,No,No,No,No,No
1170,17,Female,India,African,No,No,Yes,No,No
1171,58,Female,Russia,African,Yes,No,No,No,Yes
1172,65,Female,Brazil,Caucasian,No,No,No,No,Yes
1173,26,Male,Nigeria,Middle Eastern,No,Yes,Yes,No,Yes
1174,33,Male,Nigeria,Asian,No,No,No,No,Yes
1175,58,Male,USA,Caucasian,No,No,No,No,No
1176,73,Male,India,Asian,No,No,No,No,No
1177,63,Male,UK,Asian,No,No,No,No,Yes
1178,75,Male,India,African,Yes,No,No,No,No
1179,31,Male,Brazil,Caucasian,No,No,No,No,No
1180,88,Female,India,Middle Eastern,No,No,Yes,No,No
1181,71,Female,India,Caucasian,No,No,No,No,Yes
1182,69,Female,Germany,Caucasian,Yes,No,Yes,Yes,No
1183,61,Female,Russia,Asian,No,No,No,No,No
1184,26,Male,China,Middle Eastern,Yes,No,No,No,No
1185,76,Female,Russia,African,No,No,No,No,No
1186,22,Female,Russia,Middle Eastern,Yes,No,No,No,No
1187,35,Female,Japan,Asian,Yes,No,No,No,No
1188,84,Male,Japan,Caucasian,No,Yes,No,Yes,No
1189,86,Female,China,Caucasian,Yes,Yes,No,No,Yes
1190,39,Female,China,African,No,No,Yes,No,Yes
1191,26,Male,Germany,Caucasian,No,No,Yes,No,No
1192,29,Female,Russia,African,No,No,No,Yes,Yes
1193,73,Female,Nigeria,Asian,No,No,No,No,Yes
1194,40,Male,Japan,African,Yes,No,No,No,No
1195,40,Female,UK,Caucasian,No,No,No,No,No
1196,61,Male,Brazil,Caucasian,No,No,No,No,Yes
1197,46,Female,Germany,Asian,No,No,No,No,No
1198,24,Female,USA,Asian,No,No,No,No,No
1199,30,Male,Nigeria,Asian,No,No,No,Yes,No
1200,85,Female,China,Caucasian,No,No,No,No,No
1201,31,Male,China,Asian,No,No,Yes,No,Yes
1202,37,Female,Russia,African,Yes,No,No,No,No
1203,40,Male,Brazil,African,Yes,No,No,No,No
1204,21,Female,Russia,Asian,No,No,No,No,No
1205,28,Male,Germany,Caucasian,No,No,No,No,No
1206,21,Female,Nigeria,African,No,No,No,No,No
1207,23,Male,Nigeria,Caucasian,No,No,No,Yes,Yes
1208,62,Male,USA,African,No,No,No,Yes,Yes
1209,86,Male,South Korea,Caucasian,No,No,Yes,No,No
1210,73,Female,Japan,Caucasian,No,No,No,No,Yes
1211,53,Female,Russia,Asian,No,No,Yes,No,No
1212,32,Male,Nigeria,Caucasian,No,No,Yes,No,Yes
1213,73,Female,Japan,Hispanic,No,No,No,No,No
1214,31,Female,UK,Caucasian,No,No,Yes,No,No
1215,28,Male,Nigeria,Caucasian,No,No,No,No,No
1216,45,Female,India,Asian,No,No,Yes,No,No
1217,38,Female,China,Middle Eastern,No,No,No,No,No
1218,74,Male,China,Asian,Yes,No,Yes,No,No
1219,59,Female,China,Hispanic,No,No,No,Yes,No
1220,17,Female,Russia,African,No,No,No,No,No
1221,51,Female,Nigeria,African,Yes,No,No,No,No
1222,57,Female,India,Asian,Yes,No,No,No,No
1223,54,Female,Nigeria,African,Yes,No,No,No,No
1224,69,Female,India,Asian,No,Yes,No,No,Yes
1225,53,Female,India,Caucasian,Yes,No,No,No,Yes
1226,29,Female,India,Asian,Yes,No,No,No,No
1227,18,Female,China,African,No,No,No,No,No
1228,39,Female,India,African,No,No,No,No,No
1229,27,Female,Nigeria,Asian,No,No,No,Yes,No
1230,47,Female,South Korea,Asian,No,No,No,No,No
1231,30,Female,India,African,No,No,Yes,Yes,Yes
1232,56,Male,Japan,Asian,No,No,No,Yes,No
1233,80,Female,India,Middle Eastern,Yes,No,No,No,No
1234,69,Female,South Korea,African,Yes,Yes,No,No,No
1235,56,Female,Russia,Caucasian,No,No,No,No,Yes
1236,48,Female,India,Asian,No,No,No,Yes,No
1237,44,Male,India,Asian,No,No,Yes,Yes,No
1238,27,Male,China,Middle Eastern,No,No,Yes,No,No
1239,27,Male,Germany,Caucasian,No,No,Yes,No,Yes
1240,32,Female,Japan,Asian,No,Yes,No,Yes,No
1241,46,Female,India,Middle Eastern,No,No,No,No,No
1242,53,Male,Germany,African,No,No,No,Yes,Yes
1243,60,Male,Nigeria,African,Yes,No,No,No,No
1244,43,Female,India,Asian,No,No,No,No,No
1245,76,Male,India,Middle Eastern,Yes,No,No,Yes,No
1246,76,Female,Russia,Caucasian,No,No,No,No,No
1247,71,Female,China,Hispanic,No,No,No,Yes,Yes
1248,30,Male,China,Caucasian,No,No,No,No,Yes
1249,70,Female,USA,Asian,No,No,No,No,Yes
1250,24,Female,China,Hispanic,No,No,No,No,Yes
1251,44,Male,Brazil,Caucasian,No,No,No,No,No
1252,39,Female,Nigeria,Middle Eastern,Yes,No,Yes,No,Yes
1253,19,Female,Russia,Asian,Yes,No,No,No,No
1254,79,Female,Germany,Asian,No,No,No,Yes,No
1255,63,Female,China,Caucasian,Yes,Yes,Yes,Yes,No
1256,17,Male,Germany,Caucasian,No,Yes,No,No,No
1257,59,Female,Russia,Middle Eastern,No,No,No,No,No
1258,28,Male,Nigeria,Hispanic,No,No,No,No,Yes
1259,44,Male,UK,Caucasian,Yes,No,Yes,No,No
1260,82,Female,South Korea,Middle Eastern,Yes,No,No,Yes,Yes
1261,32,Male,India,Asian,No,No,No,No,No
1262,76,Male,Nigeria,Hispanic,No,No,Yes,No,No
1263,51,Female,South Korea,African,No,No,No,No,No
1264,39,Female,Brazil,African,No,Yes,Yes,Yes,No
1265,62,Male,India,Caucasian,Yes,No,No,No,Yes
1266,79,Male,India,Hispanic,Yes,No,Yes,No,No
1267,67,Male,Brazil,Asian,No,No,No,No,No
1268,87,Female,Germany,Asian,No,No,No,No,No
1269,29,Male,Brazil,Asian,No,No,No,No,No
1270,63,Female,China,Caucasian,Yes,No,Yes,Yes,No
1271,82,Female,Russia,Caucasian,Yes,No,Yes,No,Yes
1272,26,Female,USA,Asian,No,No,No,No,No
1273,73,Male,UK,African,No,No,No,No,Yes
1274,51,Male,USA,African,No,No,No,No,Yes
1275,75,Female,Brazil,Caucasian,No,Yes,No,No,No
1276,57,Female,South Korea,Asian,No,No,Yes,Yes,No
1277,84,Female,South Korea,Hispanic,No,No,Yes,No,No
1278,53,Female,Brazil,Caucasian,No,No,Yes,No,Yes
1279,70,Female,Nigeria,Hispanic,No,No,No,Yes,No
1280,77,Male,China,Asian,No,Yes,No,No,No
1281,60,Female,China,Asian,No,No,Yes,No,Yes
1282,25,Male,Brazil,Caucasian,No,No,No,No,Yes
1283,76,Female,UK,Hispanic,Yes,No,Yes,No,No
1284,39,Male,Nigeria,African,No,No,Yes,No,No
1285,85,Female,Nigeria,Hispanic,No,No,No,No,No
1286,66,Female,Nigeria,Asian,No,No,No,Yes,No
1287,18,Male,Nigeria,Asian,No,No,No,No,No
1288,73,Female,Brazil,Middle Eastern,Yes,No,No,No,Yes
1289,86,Female,China,African,No,No,Yes,No,No
1290,34,Female,China,Caucasian,No,No,No,No,No
1291,77,Female,Nigeria,African,No,No,Yes,No,No
1292,68,Male,Brazil,Caucasian,No,No,Yes,No,No
1293,88,Female,India,Middle Eastern,No,No,No,No,Yes
1294,71,Female,South Korea,Caucasian,No,No,No,Yes,No
1295,55,Male,China,Hispanic,No,No,No,No,No
1296,17,Male,Germany,Asian,No,No,No,No,Yes
1297,20,Male,Nigeria,African,Yes,No,No,No,No
1298,19,Female,Brazil,Caucasian,Yes,No,Yes,No,No
1299,19,Female,UK,Hispanic,No,No,Yes,No,No
1300,68,Female,South Korea,Middle Eastern,Yes,Yes,No,No,No
1301,61,Female,Nigeria,African,No,No,No,No,No
1302,63,Male,China,Hispanic,No,No,No,Yes,No
1303,23,Female,Brazil,African,Yes,No,No,Yes,No
1304,34,Female,Russia,Hispanic,No,No,No,No,No
1305,75,Female,India,African,No,No,No,No,No
1306,49,Male,Nigeria,African,No,No,No,No,No
1307,64,Female,Japan,Caucasian,No,No,No,No,No
1308,76,Male,Russia,Asian,Yes,No,No,No,No
1309,31,Female,South Korea,Asian,No,No,No,No,Yes
1310,17,Male,Nigeria,Middle Eastern,No,No,No,No,Yes
1311,46,Male,Germany,Hispanic,No,No,Yes,No,Yes
1312,27,Male,China,African,Yes,No,No,No,No
1313,87,Female,UK,Asian,No,No,No,No,Yes
1314,82,Male,USA,Asian,Yes,No,Yes,Yes,No
1315,28,Female,Japan,Caucasian,No,No,No,No,Yes
1316,25,Female,USA,Middle Eastern,Yes,No,No,No,Yes
1317,70,Female,USA,Hispanic,No,No,No,No,No
1318,81,Female,UK,Caucasian,No,No,No,No,No
1319,43,Female,Russia,African,No,No,No,No,No
1320,23,Male,India,Asian,No,No,No,No,Yes
1321,81,Male,India,Hispanic,Yes,No,No,Yes,No
1322,39,Male,Nigeria,African,No,No,Yes,No,No
1323,56,Female,UK,African,Yes,No,Yes,No,No
1324,23,Female,Russia,Middle Eastern,No,No,No,No,Yes
1325,54,Male,China,African,No,No,No,No,No
1326,39,Female,Brazil,Caucasian,No,No,Yes,No,No
1327,19,Female,USA,Hispanic,No,No,Yes,No,No
1328,25,Female,Russia,Asian,Yes,No,No,No,No
1329,73,Female,Japan,Caucasian,No,No,No,No,No
1330,52,Female,India,Caucasian,No,No,No,No,No
1331,86,Male,India,Caucasian,Yes,No,No,No,No
1332,19,Male,Brazil,Middle Eastern,Yes,Yes,No,No,No
1333,62,Male,USA,Caucasian,Yes,Yes,No,Yes,Yes
1334,32,Female,China,Hispanic,No,No,No,No,No
1335,84,Female,UK,Caucasian,No,No,No,No,No
1336,51,Male,USA,Hispanic,No,No,No,No,No
1337,74,Female,Russia,Asian,No,No,No,No,No
1338,62,Female,Nigeria,Middle Eastern,Yes,No,No,No,No
1339,42,Male,Russia,African,Yes,Yes,No,No,Yes
1340,83,Female,China,Asian,Yes,No,No,No,Yes
1341,54,Female,South Korea,Asian,Yes,Yes,Yes,No,Yes
1342,59,Female,India,Caucasian,No,No,Yes,No,No
1343,76,Female,India,Middle Eastern,No,No,No,Yes,No
1344,72,Male,Japan,Hispanic,Yes,No,Yes,No,Yes
1345,81,Male,Russia,Caucasian,No,No,Yes,No,Yes
1346,70,Female,India,Middle Eastern,No,No,No,No,No
1347,54,Female,Nigeria,Hispanic,No,No,No,Yes,Yes
1348,54,Female,UK,African,No,No,No,No,No
1349,47,Female,Brazil,African,No,No,No,No,No
1350,20,Female,China,Asian,Yes,No,Yes,No,No
1351,33,Male,South Korea,Asian,No,No,No,No,No
1352,54,Male,Brazil,Hispanic,No,No,Yes,No,Yes
1353,73,Female,Nigeria,Asian,Yes,No,No,No,No
1354,73,Male,Germany,African,No,No,No,No,Yes
1355,62,Male,Brazil,African,Yes,No,No,No,No
1356,55,Female,India,Caucasian,No,No,Yes,No,No
1357,27,Male,Nigeria,Asian,No,No,No,Yes,No
1358,59,Female,USA,Hispanic,Yes,No,Yes,No,No
1359,67,Male,India,African,No,No,Yes,No,Yes
1360,56,Female,Brazil,African,No,No,Yes,No,Yes
1361,77,Female,China,Middle Eastern,No,No,No,No,No
1362,41,Female,India,Hispanic,No,No,Yes,Yes,No
1363,52,Female,South Korea,Asian,Yes,No,No,No,Yes
1364,74,Male,Germany,Middle Eastern,No,No,No,Yes,Yes
1365,21,Female,China,Middle Eastern,No,No,No,No,Yes
1366,19,Female,Nigeria,Caucasian,Yes,Yes,No,No,No
1367,59,Female,Brazil,Hispanic,No,No,No,No,No
1368,72,Female,Nigeria,Middle Eastern,No,No,No,No,Yes
1369,45,Male,China,African,No,No,No,No,No
1370,37,Male,Japan,African,No,No,No,Yes,No
1371,56,Male,UK,Hispanic,Yes,Yes,No,No,No
1372,24,Male,China,Caucasian,No,No,Yes,No,Yes
1373,46,Female,China,Hispanic,Yes,No,No,No,No
1374,67,Female,Brazil,Asian,No,Yes,Yes,No,No
1375,44,Female,Nigeria,Caucasian,Yes,No,No,No,Yes
1376,53,Female,Japan,Asian,No,No,No,No,Yes
1377,45,Female,Russia,Asian,No,No,No,No,No
1378,16,Female,Japan,Caucasian,No,No,No,Yes,No
1379,26,Female,Nigeria,African,No,No,No,No,No
1380,53,Male,India,Caucasian,No,No,No,Yes,No
1381,80,Female,China,Asian,Yes,No,No,No,No
1382,27,Female,India,Caucasian,No,No,No,Yes,Yes
1383,60,Female,Nigeria,Asian,No,No,No,No,No
1384,41,Female,China,Caucasian,No,Yes,No,Yes,Yes
1385,31,Male,Brazil,Caucasian,No,No,No,No,Yes
1386,74,Male,India,Middle Eastern,Yes,No,No,No,No
1387,78,Female,China,African,Yes,Yes,No,No,Yes
1388,49,Male,Brazil,Caucasian,No,No,Yes,No,Yes
1389,84,Female,Brazil,Middle Eastern,No,No,No,No,No
1390,44,Female,China,Asian,No,No,Yes,No,Yes
1391,85,Female,Brazil,African,Yes,No,No,Yes,No
1392,88,Female,India,Hispanic,Yes,No,Yes,No,No
1393,77,Female,Nigeria,Asian,Yes,No,Yes,No,No
1394,42,Male,China,Caucasian,Yes,No,No,No,Yes
1395,74,Female,India,Caucasian,No,Yes,No,No,No
1396,51,Female,USA,Asian,No,No,No,Yes,No
1397,36,Female,Germany,Caucasian,Yes,No,No,No,No
1398,82,Male,Russia,Middle Eastern,No,No,No,No,No
1399,34,Male,China,Asian,No,No,No,Yes,Yes
1400,82,Female,India,Caucasian,No,No,Yes,No,Yes
1401,78,Female,India,Asian,No,No,Yes,No,Yes
1402,31,Female,India,Caucasian,No,No,Yes,Yes,No
1403,26,Male,India,Asian,No,No,No,No,No
1404,36,Female,Brazil,Asian,No,No,Yes,No,No
1405,31,Male,Nigeria,Caucasian,Yes,No,No,No,Yes
1406,24,Female,India,Caucasian,No,No,No,No,Yes
1407,79,Male,India,Caucasian,No,No,Yes,Yes,No
1408,36,Female,India,Caucasian,No,No,No,No,No
1409,64,Male,Russia,Hispanic,No,No,No,No,No
1410,28,Male,Nigeria,African,No,No,Yes,No,No
1411,78,Male,USA,Asian,Yes,No,No,No,No
1412,61,Female,India,African,No,No,No,No,No
1413,43,Female,India,Middle Eastern,Yes,No,Yes,No,No
1414,50,Female,China,Caucasian,No,No,No,No,No
1415,66,Male,China,Asian,Yes,Yes,No,No,Yes
1416,21,Male,India,Caucasian,Yes,No,Yes,No,No
1417,43,Female,China,Hispanic,No,No,Yes,No,No
1418,25,Male,Japan,Caucasian,No,No,No,Yes,No
1419,47,Male,Nigeria,Caucasian,No,No,No,No,No
1420,20,Male,India,Caucasian,No,No,No,No,No
1421,46,Female,India,Asian,No,No,No,Yes,No
1422,65,Male,India,Caucasian,No,No,No,Yes,Yes
1423,89,Female,Japan,Asian,No,No,Yes,No,No
1424,72,Female,UK,African,No,Yes,No,No,Yes
1425,40,Female,South Korea,Middle Eastern,Yes,No,No,No,No
1426,60,Female,China,Asian,Yes,No,Yes,No,No
1427,43,Male,India,Hispanic,No,No,No,No,No
1428,18,Male,China,Caucasian,Yes,No,No,No,No
1429,27,Female,Russia,Asian,No,No,No,No,No
1430,53,Male,India,Caucasian,No,Yes,No,No,No
1431,29,Male,China,Middle Eastern,No,No,No,No,Yes
1432,43,Male,India,Hispanic,No,Yes,Yes,No,No
1433,43,Female,India,Caucasian,No,No,Yes,No,No
1434,89,Male,China,African,No,No,No,No,No
1435,46,Female,UK,Asian,Yes,No,No,No,Yes
1436,16,Male,Brazil,Asian,Yes,No,No,No,No
1437,61,Female,Russia,African,Yes,No,No,No,No
1438,36,Male,South Korea,Caucasian,No,No,Yes,No,Yes
1439,89,Female,China,Caucasian,Yes,No,No,Yes,No
1440,41,Female,Russia,Caucasian,No,No,No,No,No
1441,81,Male,Japan,Hispanic,No,Yes,No,No,No
1442,70,Male,China,African,No,No,No,No,Yes
1443,35,Male,USA,Asian,No,No,Yes,No,No
1444,61,Male,Russia,Hispanic,Yes,No,No,No,No
1445,73,Female,USA,Asian,No,Yes,Yes,No,Yes
1446,20,Male,China,Asian,Yes,Yes,No,No,No
1447,33,Female,India,Hispanic,Yes,No,No,No,No
1448,71,Female,Brazil,Hispanic,No,No,No,No,No
1449,83,Male,Brazil,Caucasian,Yes,No,No,No,Yes
1450,17,Male,India,Caucasian,Yes,No,No,No,No
1451,15,Female,India,Middle Eastern,No,No,No,No,No
1452,72,Female,India,African,No,No,No,No,No
1453,52,Female,USA,Hispanic,No,No,No,No,No
1454,29,Male,India,Middle Eastern,No,No,Yes,No,No
1455,48,Female,India,Hispanic,No,No,Yes,No,Yes
1456,75,Female,India,Caucasian,No,No,Yes,No,No
1457,49,Female,Nigeria,African,No,Yes,Yes,No,No
1458,78,Male,Russia,Middle Eastern,Yes,No,No,No,Yes
1459,39,Female,UK,Caucasian,No,Yes,Yes,No,Yes
1460,38,Male,South Korea,Caucasian,No,No,No,No,No
1461,26,Female,Nigeria,Caucasian,No,No,No,No,No
1462,32,Female,Russia,Hispanic,No,Yes,No,No,No
1463,29,Female,Nigeria,Asian,No,Yes,No,No,Yes
1464,41,Female,Brazil,Asian,No,No,No,No,No
1465,86,Male,Brazil,Asian,No,No,No,No,Yes
1466,74,Male,India,Caucasian,No,No,No,Yes,Yes
1467,60,Male,India,Asian,No,No,Yes,No,No
1468,31,Male,India,Asian,No,No,Yes,No,Yes
1469,67,Female,Japan,African,No,No,No,No,No
1470,22,Male,Russia,Caucasian,No,No,No,Yes,No
1471,41,Male,Nigeria,Caucasian,No,No,Yes,No,No
1472,60,Male,UK,Caucasian,No,No,No,Yes,No
1473,64,Male,China,African,No,Yes,No,Yes,No
1474,85,Female,India,Caucasian,Yes,Yes,No,No,No
1475,17,Male,Brazil,Asian,Yes,No,No,No,No
1476,78,Female,China,African,Yes,Yes,No,No,No
1477,58,Female,India,Asian,Yes,No,No,No,Yes
1478,67,Female,Russia,Caucasian,No,No,No,No,Yes
1479,38,Male,South Korea,Hispanic,Yes,No,No,No,No
1480,74,Female,South Korea,Caucasian,No,No,No,Yes,No
1481,17,Female,Russia,Caucasian,Yes,No,No,No,No
1482,34,Female,Japan,Hispanic,No,No,No,No,No
1483,60,Male,Nigeria,Caucasian,No,No,No,No,Yes
1484,29,Male,UK,Middle Eastern,No,No,No,Yes,No
1485,39,Female,China,Asian,Yes,No,No,No,No
1486,85,Male,India,Caucasian,No,No,No,No,No
1487,31,Female,Brazil,Asian,No,No,No,Yes,Yes
1488,23,Female,China,Hispanic,Yes,No,No,No,Yes
1489,52,Female,India,Middle Eastern,No,No,Yes,No,No
1490,62,Male,China,Hispanic,No,No,No,Yes,No
1491,74,Female,Russia,Middle Eastern,No,No,Yes,No,No
1492,77,Male,Brazil,African,Yes,No,No,No,Yes
1493,16,Male,India,Hispanic,No,Yes,No,Yes,Yes
1494,86,Female,Japan,Caucasian,No,No,No,No,No
1495,25,Male,UK,Middle Eastern,No,No,Yes,Yes,No
1496,78,Female,China,Middle Eastern,No,Yes,No,No,No
1497,86,Male,Nigeria,African,Yes,No,Yes,No,No
1498,35,Female,Brazil,Caucasian,No,No,Yes,Yes,No
1499,32,Female,Germany,Caucasian,No,No,No,No,No
1500,78,Female,Nigeria,Caucasian,No,No,No,No,No
1501,52,Female,China,African,Yes,No,Yes,No,No
1502,46,Female,USA,Hispanic,Yes,No,No,No,Yes
1503,25,Female,Brazil,African,Yes,Yes,No,No,No
1504,59,Female,India,Asian,No,Yes,Yes,No,No
1505,47,Female,UK,Asian,No,No,No,No,No
1506,55,Female,Russia,Asian,Yes,No,No,No,Yes
1507,22,Male,UK,Caucasian,No,No,No,No,No
1508,25,Female,Japan,Middle Eastern,No,No,Yes,No,Yes
1509,65,Female,India,Caucasian,Yes,No,No,Yes,No
1510,55,Female,China,African,No,No,Yes,No,No
1511,31,Female,South Korea,Caucasian,Yes,No,No,No,No
1512,60,Male,Brazil,Middle Eastern,No,Yes,Yes,No,No
1513,46,Female,India,Caucasian,No,No,No,Yes,Yes
1514,68,Female,Nigeria,Asian,Yes,No,No,No,No
1515,34,Female,Nigeria,Asian,No,No,Yes,Yes,No
1516,47,Male,India,Caucasian,No,No,Yes,Yes,No
1517,88,Female,Brazil,Caucasian,No,No,No,No,No
1518,54,Female,India,Caucasian,No,No,No,No,Yes
1519,46,Male,Nigeria,African,No,No,No,No,No
1520,16,Female,China,African,No,No,No,No,No
1521,47,Male,China,Asian,No,No,No,No,No
1522,44,Female,South Korea,Caucasian,No,No,No,No,No
1523,47,Female,UK,African,No,No,No,No,No
1524,40,Male,Germany,African,No,No,No,No,No
1525,36,Male,China,Caucasian,Yes,No,No,No,No
1526,80,Male,USA,Asian,No,No,No,No,No
1527,52,Female,China,Caucasian,No,No,No,No,Yes
1528,60,Female,Japan,Hispanic,No,No,No,No,No
1529,29,Female,Russia,Caucasian,No,No,No,No,No
1530,58,Female,India,Hispanic,No,No,Yes,No,No
1531,63,Male,UK,Hispanic,No,Yes,No,No,No
1532,89,Male,Russia,Asian,No,No,No,No,No
1533,75,Female,Brazil,African,No,Yes,No,No,Yes
1534,81,Female,Japan,Asian,No,No,No,No,No
1535,20,Female,India,Middle Eastern,No,No,Yes,No,No
1536,23,Male,UK,Caucasian,Yes,No,No,No,Yes
1537,20,Male,Nigeria,African,No,No,No,No,No
1538,87,Female,India,Caucasian,No,No,No,Yes,No
1539,46,Female,China,Asian,Yes,No,No,No,No
1540,55,Female,China,African,No,No,No,No,Yes
1541,22,Female,India,Caucasian,Yes,No,No,Yes,No
1542,86,Male,India,Caucasian,Yes,No,Yes,No,Yes
1543,64,Female,Nigeria,Caucasian,Yes,No,No,No,No
1544,76,Female,China,Caucasian,No,No,Yes,Yes,No
1545,76,Male,Japan,Hispanic,Yes,No,No,No,Yes
1546,21,Male,USA,Caucasian,No,No,No,Yes,Yes
1547,89,Male,Brazil,Asian,No,No,Yes,Yes,No
1548,18,Female,Russia,Middle Eastern,No,No,No,No,Yes
1549,20,Female,Japan,Middle Eastern,No,No,Yes,Yes,No
1550,72,Female,India,Caucasian,Yes,No,Yes,No,No
1551,36,Female,China,Middle Eastern,No,No,No,Yes,Yes
1552,40,Male,USA,Caucasian,Yes,No,Yes,Yes,No
1553,17,Female,China,Caucasian,No,Yes,No,No,No
1554,55,Female,Brazil,African,Yes,No,No,No,Yes
1555,74,Female,Germany,Caucasian,No,No,No,No,No
1556,28,Female,Russia,Caucasian,No,No,No,No,Yes
1557,89,Female,Nigeria,Middle Eastern,No,No,No,No,Yes
1558,26,Female,India,Caucasian,No,No,No,Yes,No
1559,26,Female,Russia,Asian,Yes,No,Yes,No,Yes
1560,27,Male,Brazil,African,No,No,No,No,No
1561,39,Female,India,Asian,No,No,Yes,No,Yes
1562,59,Female,Nigeria,African,No,No,No,Yes,No
1563,33,Male,UK,Caucasian,Yes,No,No,No,No
1564,69,Female,Brazil,Asian,No,No,No,No,No
1565,59,Female,USA,African,No,Yes,No,No,No
1566,22,Male,Japan,Asian,Yes,No,No,No,No
1567,67,Male,UK,Caucasian,Yes,No,No,No,No
1568,69,Female,Brazil,Middle Eastern,No,No,No,No,No
1569,46,Male,South Korea,Asian,Yes,No,No,No,No
1570,65,Male,UK,African,No,No,Yes,No,Yes
1571,58,Male,India,African,Yes,No,No,No,No
1572,84,Female,Japan,Hispanic,Yes,No,No,Yes,No
1573,32,Male,China,African,No,No,Yes,No,No
1574,36,Female,Nigeria,Hispanic,Yes,No,No,No,No
1575,51,Female,UK,African,No,No,Yes,Yes,Yes
1576,70,Female,UK,Caucasian,Yes,No,No,No,No
1577,73,Female,Nigeria,Asian,No,No,No,No,No
1578,17,Female,Brazil,Caucasian,Yes,No,No,Yes,Yes
1579,42,Female,Nigeria,African,No,No,No,No,No
1580,88,Female,Germany,Hispanic,No,No,No,No,No
1581,49,Female,Nigeria,Middle Eastern,No,Yes,No,No,Yes
1582,75,Female,China,African,Yes,No,No,No,No
1583,68,Male,India,African,No,No,No,Yes,No
1584,77,Female,Russia,Asian,No,No,No,No,No
1585,21,Female,Nigeria,African,No,No,No,Yes,Yes
1586,63,Male,Brazil,Hispanic,No,No,No,No,No
1587,45,Male,Brazil,African,Yes,No,No,No,No
1588,72,Female,USA,Asian,No,No,No,No,No
1589,75,Female,China,Asian,No,No,No,No,Yes
1590,38,Female,Nigeria,Middle Eastern,Yes,No,No,No,Yes
1591,34,Male,India,Middle Eastern,No,No,Yes,No,No
1592,51,Male,China,Caucasian,No,No,Yes,Yes,No
1593,18,Female,China,Hispanic,No,Yes,Yes,Yes,No
1594,34,Female,Nigeria,Hispanic,No,No,No,No,Yes
1595,74,Female,India,Caucasian,Yes,No,No,Yes,Yes
1596,38,Male,Russia,Asian,No,No,No,No,No
1597,64,Female,India,Caucasian,No,Yes,No,No,Yes
1598,63,Female,Japan,Hispanic,Yes,No,No,Yes,Yes
1599,65,Female,India,Caucasian,No,No,No,Yes,No
1600,50,Female,Nigeria,Asian,No,No,Yes,No,No
1601,80,Male,China,Middle Eastern,No,No,No,No,No
1602,48,Male,China,Caucasian,Yes,No,No,No,No
1603,50,Male,Germany,Caucasian,No,Yes,No,No,No
1604,20,Female,China,African,No,No,No,No,No
1605,53,Female,China,Caucasian,Yes,Yes,No,No,No
1606,56,Female,Japan,Asian,Yes,No,No,No,No
1607,72,Female,India,Caucasian,Yes,No,No,No,Yes
1608,26,Male,India,Caucasian,No,No,No,No,Yes
1609,17,Female,Nigeria,Asian,No,No,Yes,No,No
1610,32,Female,Nigeria,Caucasian,Yes,No,Yes,No,No
1611,54,Male,South Korea,Hispanic,No,No,No,No,No
1612,35,Female,UK,Asian,No,No,No,No,No
1613,29,Male,India,African,No,Yes,No,Yes,No
1614,40,Male,USA,African,No,No,Yes,No,Yes
1615,22,Female,China,Caucasian,No,No,No,No,No
1616,56,Male,India,Hispanic,Yes,No,No,No,No
1617,58,Male,Russia,Hispanic,No,No,No,No,No
1618,28,Male,India,Caucasian,No,No,Yes,No,No
1619,16,Female,India,Caucasian,No,No,No,No,Yes
1620,51,Female,USA,Hispanic,No,No,No,No,No
1621,83,Female,India,Hispanic,No,No,No,No,No
1622,52,Female,UK,Hispanic,No,No,No,No,Yes
1623,55,Male,Russia,African,No,No,Yes,No,No
1624,76,Female,South Korea,Asian,Yes,No,No,Yes,No
1625,74,Male,South Korea,Caucasian,No,No,No,No,No
1626,28,Male,Nigeria,Asian,Yes,No,No,No,Yes
1627,16,Male,India,Hispanic,Yes,No,No,No,No
1628,84,Female,South Korea,Caucasian,No,Yes,Yes,No,Yes
1629,31,Male,Nigeria,Asian,No,No,No,No,No
1630,42,Male,India,African,No,No,No,No,No
1631,80,Female,South Korea,Asian,Yes,No,No,No,No
1632,49,Female,China,African,Yes,No,No,No,No
1633,19,Female,Nigeria,Hispanic,Yes,No,No,No,Yes
1634,79,Male,India,Hispanic,Yes,No,Yes,No,Yes
1635,54,Male,UK,Asian,No,Yes,No,No,Yes
1636,70,Male,Nigeria,Hispanic,No,No,No,No,No
1637,50,Female,USA,Caucasian,No,No,Yes,Yes,No
1638,59,Male,China,Middle Eastern,No,No,No,No,No
1639,37,Male,Nigeria,Caucasian,Yes,No,Yes,No,No
1640,61,Male,Brazil,Middle Eastern,Yes,No,No,No,No
1641,45,Male,India,Hispanic,Yes,Yes,Yes,No,Yes
1642,25,Female,Japan,African,No,Yes,No,Yes,Yes
1643,24,Male,China,Asian,No,No,No,No,No
1644,81,Male,India,African,Yes,No,Yes,No,No
1645,28,Female,Nigeria,African,Yes,No,No,No,No
1646,88,Female,South Korea,Caucasian,No,No,Yes,Yes,Yes
1647,24,Male,Germany,Caucasian,No,No,No,No,No
1648,15,Female,Nigeria,African,No,Yes,No,No,No
1649,19,Male,Nigeria,Hispanic,No,Yes,No,No,No
1650,34,Female,Russia,Middle Eastern,No,No,No,No,No
1651,22,Female,Brazil,Caucasian,No,No,No,No,No
1652,57,Female,India,Middle Eastern,No,Yes,No,No,Yes
1653,15,Male,UK,African,No,No,No,Yes,No
1654,71,Female,China,Caucasian,Yes,No,No,No,No
1655,78,Male,India,Hispanic,No,Yes,No,No,Yes
1656,42,Female,Russia,Caucasian,No,No,Yes,No,Yes
1657,51,Female,Brazil,Hispanic,No,No,No,Yes,No
1658,61,Male,Germany,Caucasian,No,No,No,No,Yes
1659,51,Female,Nigeria,African,No,No,Yes,No,Yes
1660,63,Female,India,Caucasian,No,Yes,Yes,No,No
1661,58,Male,Russia,Caucasian,Yes,No,No,No,Yes
1662,70,Female,Japan,Hispanic,No,Yes,No,No,No
1663,42,Female,India,Asian,No,No,No,No,No
1664,20,Female,Nigeria,Asian,No,Yes,No,No,No
1665,75,Female,China,African,No,No,Yes,No,Yes
1666,34,Male,Russia,Asian,No,No,No,Yes,No
1667,16,Female,Nigeria,Hispanic,Yes,No,No,No,Yes
1668,87,Male,Nigeria,Caucasian,No,No,No,No,Yes
1669,51,Female,Nigeria,African,No,No,Yes,No,No
1670,34,Female,Nigeria,Asian,No,No,No,No,Yes
1671,40,Female,Nigeria,African,Yes,Yes,Yes,Yes,No
1672,43,Male,Nigeria,Asian,No,No,No,No,No
1673,15,Female,China,Caucasian,No,No,No,No,No
1674,49,Female,Russia,Hispanic,No,Yes,Yes,Yes,No
1675,84,Male,Russia,Caucasian,No,No,No,No,No
1676,73,Female,India,Middle Eastern,No,No,No,Yes,No
1677,83,Female,India,Caucasian,Yes,No,No,No,No
1678,47,Female,Nigeria,Middle Eastern,No,No,No,No,No
1679,65,Female,China,African,No,Yes,Yes,No,Yes
1680,26,Female,India,Middle Eastern,Yes,No,No,No,No
1681,34,Female,Brazil,Asian,No,No,No,No,No
1682,67,Male,Japan,Caucasian,No,Yes,No,No,No
1683,57,Female,Russia,Asian,No,Yes,No,No,Yes
1684,64,Male,China,Asian,No,No,No,No,No
1685,43,Male,Nigeria,Caucasian,Yes,No,No,No,No
1686,71,Female,Germany,Caucasian,No,No,No,No,Yes
1687,53,Female,Nigeria,Caucasian,Yes,No,No,No,Yes
1688,70,Female,China,African,Yes,No,No,No,No
1689,57,Female,India,Hispanic,Yes,No,No,Yes,No
1690,64,Male,Nigeria,African,No,No,No,Yes,No
1691,37,Female,Japan,African,Yes,No,No,No,Yes
1692,58,Female,South Korea,African,No,No,No,Yes,No
1693,52,Female,USA,African,No,No,No,No,Yes
1694,37,Male,Nigeria,Middle Eastern,No,No,No,Yes,No
1695,59,Female,Nigeria,Asian,No,No,No,No,Yes
1696,66,Male,Brazil,Caucasian,No,No,No,No,No
1697,64,Male,India,African,No,No,No,No,Yes
1698,22,Male,China,Hispanic,No,No,No,No,Yes
1699,15,Female,Nigeria,Caucasian,No,No,No,No,No
1700,22,Female,India,Hispanic,No,No,No,No,Yes
1701,43,Male,Japan,African,No,No,No,No,No
1702,19,Female,Germany,Middle Eastern,No,No,No,No,No
1703,61,Female,China,Asian,Yes,No,No,No,Yes
1704,48,Female,South Korea,African,No,No,Yes,No,Yes
1705,79,Male,Germany,Caucasian,No,No,No,No,No
1706,69,Male,Brazil,Asian,No,No,No,No,No
1707,57,Female,India,Hispanic,No,No,No,No,Yes
1708,88,Female,Brazil,Asian,No,No,No,No,No
1709,44,Female,Germany,Hispanic,Yes,No,No,No,No
1710,31,Male,Nigeria,Caucasian,No,No,Yes,No,No
1711,40,Male,India,Asian,Yes,No,No,No,No
1712,22,Male,South Korea,Caucasian,No,No,No,Yes,No
1713,61,Female,China,African,No,No,No,No,No
1714,86,Female,Brazil,Asian,No,No,Yes,Yes,Yes
1715,60,Female,Russia,Hispanic,No,Yes,No,No,No
1716,82,Female,South Korea,African,No,No,No,No,No
1717,47,Female,Russia,African,No,No,No,No,No
1718,15,Male,Russia,Middle Eastern,Yes,No,Yes,No,No
1719,33,Male,China,Asian,No,No,No,No,No
1720,45,Female,Germany,African,No,No,No,No,No
1721,28,Female,Nigeria,Hispanic,Yes,No,No,No,Yes
1722,67,Female,Japan,Middle Eastern,No,No,No,No,No
1723,62,Female,South Korea,Caucasian,No,No,Yes,No,No
1724,83,Female,UK,Middle Eastern,No,No,No,No,No
1725,76,Female,Nigeria,Caucasian,No,No,No,No,No
1726,80,Female,Germany,Hispanic,No,No,No,No,No
1727,78,Female,Nigeria,African,Yes,No,Yes,Yes,Yes
1728,84,Female,India,Caucasian,No,No,No,No,Yes
1729,77,Female,China,Asian,No,Yes,No,No,No
1730,87,Male,UK,Caucasian,Yes,No,No,No,No
1731,47,Female,India,African,Yes,No,No,No,Yes
1732,55,Male,Russia,Caucasian,No,No,No,No,No
1733,62,Female,Nigeria,Asian,No,No,No,No,Yes
1734,27,Male,China,African,No,No,No,No,No
1735,87,Male,Russia,Hispanic,No,No,No,No,No
1736,45,Female,USA,Caucasian,No,No,No,No,No
1737,89,Female,Japan,Caucasian,No,No,No,No,Yes
1738,82,Female,China,Hispanic,Yes,No,Yes,No,No
1739,18,Female,China,African,No,No,No,No,No
1740,33,Female,China,Hispanic,Yes,No,No,No,Yes
1741,84,Male,China,Asian,No,No,Yes,No,No
1742,27,Male,Nigeria,Asian,No,No,No,No,No
1743,37,Female,Nigeria,Asian,Yes,No,Yes,No,No
1744,89,Male,South Korea,Caucasian,No,Yes,No,No,No
1745,15,Female,Nigeria,Asian,Yes,No,Yes,No,No
1746,68,Male,India,Caucasian,No,No,No,No,Yes
1747,85,Male,UK,Hispanic,No,Yes,Yes,No,Yes
1748,29,Female,USA,Hispanic,No,No,No,Yes,No
1749,79,Female,Nigeria,Hispanic,Yes,Yes,Yes,No,No
1750,85,Male,Germany,Caucasian,No,No,Yes,No,No
1751,29,Female,South Korea,African,Yes,Yes,No,Yes,Yes
1752,35,Female,Brazil,Hispanic,Yes,Yes,No,No,No
1753,33,Male,Russia,African,Yes,No,No,Yes,No
1754,74,Female,Germany,Caucasian,No,No,No,No,No
1755,47,Female,India,Caucasian,No,No,No,No,No
1756,63,Male,Russia,Hispanic,Yes,No,Yes,Yes,Yes
1757,49,Male,China,African,No,No,Yes,No,No
1758,58,Female,Nigeria,Asian,No,No,No,Yes,No
1759,25,Male,Nigeria,Caucasian,No,Yes,No,No,No
1760,86,Female,China,Asian,Yes,No,No,No,No
1761,88,Male,Brazil,Caucasian,No,No,No,No,No
1762,80,Female,India,African,No,Yes,Yes,No,Yes
1763,60,Male,India,Caucasian,No,No,No,No,No
1764,23,Male,India,Hispanic,No,No,No,Yes,No
1765,17,Female,Russia,Middle Eastern,No,No,No,Yes,No
1766,40,Male,UK,Caucasian,No,No,Yes,Yes,No
1767,86,Female,Japan,Asian,Yes,No,No,No,No
1768,62,Female,India,Asian,No,No,No,No,No
1769,80,Female,Brazil,Hispanic,No,No,No,No,No
1770,84,Female,India,Caucasian,No,No,No,No,No
1771,42,Male,China,Asian,Yes,No,Yes,No,Yes
1772,40,Male,Brazil,Caucasian,No,No,No,No,No
1773,39,Female,Nigeria,Caucasian,No,No,No,No,No
1774,26,Female,Brazil,Asian,No,No,No,No,No
1775,19,Male,India,Hispanic,No,No,No,No,No
1776,62,Male,Nigeria,Middle Eastern,No,No,No,No,No
1777,51,Female,UK,Caucasian,No,No,No,No,Yes
1778,58,Female,Russia,Caucasian,Yes,No,No,No,No
1779,29,Male,South Korea,African,No,Yes,Yes,No,No
1780,57,Female,South Korea,Caucasian,No,No,Yes,No,No
1781,62,Female,Nigeria,Caucasian,Yes,No,No,No,No
1782,84,Male,UK,Asian,Yes,No,No,No,No
1783,60,Male,USA,Caucasian,No,Yes,Yes,No,Yes
1784,57,Female,South Korea,Hispanic,Yes,No,No,No,No
1785,35,Female,India,Hispanic,Yes,No,No,No,No
1786,37,Female,India,Asian,Yes,No,Yes,No,No
1787,61,Male,USA,Middle Eastern,No,No,No,No,No
1788,29,Male,India,Caucasian,Yes,No,No,Yes,No
1789,39,Female,Brazil,African,No,Yes,No,No,No
1790,50,Male,Brazil,Caucasian,Yes,Yes,Yes,No,Yes
1791,89,Female,South Korea,Middle Eastern,No,Yes,No,No,Yes
1792,65,Female,UK,Asian,Yes,No,Yes,No,No
1793,29,Female,Nigeria,Asian,Yes,No,No,No,No
1794,82,Male,Nigeria,Hispanic,Yes,Yes,No,Yes,No
1795,35,Female,Germany,Asian,No,No,No,Yes,No
1796,27,Male,South Korea,Asian,Yes,No,No,Yes,Yes
1797,33,Female,China,Caucasian,No,No,No,No,No
1798,48,Male,Brazil,Caucasian,No,No,No,No,Yes
1799,82,Male,UK,Middle Eastern,No,No,Yes,No,No
1800,66,Male,Nigeria,Asian,No,No,No,No,No
1801,41,Female,Brazil,African,Yes,No,No,No,No
1802,43,Male,India,Hispanic,No,Yes,No,No,Yes
1803,42,Male,Russia,Caucasian,Yes,No,No,No,No
1804,49,Male,China,Hispanic,Yes,No,Yes,No,No
1805,22,Female,Brazil,African,No,Yes,Yes,Yes,Yes
1806,30,Male,Russia,Asian,No,No,No,No,No
1807,50,Female,India,Asian,No,No,No,No,No
1808,44,Male,Nigeria,Hispanic,No,No,No,No,No
1809,32,Male,China,Caucasian,No,No,No,Yes,Yes
1810,16,Male,Brazil,Asian,No,No,No,Yes,Yes
1811,63,Female,Nigeria,Hispanic,No,Yes,No,No,No
1812,18,Female,Nigeria,Asian,Yes,No,No,No,No
1813,89,Male,China,African,No,No,No,No,No
1814,21,Female,India,Caucasian,No,No,No,No,Yes
1815,88,Male,Brazil,Caucasian,Yes,No,No,No,No
1816,53,Female,India,Caucasian,Yes,No,No,No,Yes
1817,27,Male,India,Caucasian,Yes,No,Yes,Yes,No
1818,45,Male,Russia,Asian,No,No,No,No,Yes
1819,85,Female,India,Caucasian,Yes,No,No,No,Yes
1820,77,Female,Japan,African,No,No,Yes,No,Yes
1821,70,Male,Nigeria,Asian,No,No,No,Yes,No
1822,56,Female,China,Caucasian,No,No,No,No,Yes
1823,75,Male,Brazil,Asian,Yes,No,Yes,No,No
1824,56,Female,China,Hispanic,No,No,No,No,Yes
1825,70,Female,China,African,No,No,No,No,No
1826,50,Male,India,Caucasian,No,No,No,No,No
1827,82,Female,Brazil,Hispanic,Yes,Yes,No,No,No
1828,21,Male,China,Caucasian,No,No,Yes,No,No
1829,68,Male,China,African,No,No,No,No,No
1830,15,Male,Japan,African,Yes,No,No,Yes,No
1831,58,Female,Japan,Asian,No,No,No,Yes,No
1832,59,Female,China,Asian,No,No,Yes,No,Yes
1833,61,Female,China,Asian,No,No,No,Yes,Yes
1834,27,Female,Nigeria,Middle Eastern,No,No,No,No,No
1835,36,Male,Germany,Asian,No,No,No,No,Yes
1836,35,Male,China,Caucasian,No,No,No,No,No
1837,23,Female,India,Asian,No,Yes,No,No,Yes
1838,40,Male,USA,Middle Eastern,No,No,No,No,No
1839,23,Female,USA,African,No,No,No,No,No
1840,29,Male,Nigeria,Caucasian,Yes,No,No,No,No
1841,24,Female,India,Middle Eastern,Yes,Yes,No,No,No
1842,56,Male,South Korea,Asian,No,Yes,No,No,No
1843,86,Male,Japan,African,No,No,No,No,Yes
1844,38,Female,Russia,Caucasian,No,No,No,No,Yes
1845,63,Female,India,Middle Eastern,No,No,Yes,No,No
1846,40,Female,India,African,No,No,No,No,No
1847,51,Female,India,African,Yes,No,No,No,Yes
1848,82,Male,India,Caucasian,No,No,Yes,No,Yes
1849,64,Male,Nigeria,Asian,No,No,No,No,No
1850,38,Female,China,Asian,No,No,No,Yes,No
1851,33,Female,Russia,Middle Eastern,No,No,No,Yes,No
1852,74,Female,Brazil,Caucasian,No,No,No,Yes,Yes
1853,53,Male,Germany,Asian,Yes,No,No,No,No
1854,88,Male,South Korea,Asian,Yes,No,No,No,No
1855,32,Male,Brazil,African,No,No,No,No,Yes
1856,33,Female,Nigeria,Hispanic,No,Yes,No,No,Yes
1857,50,Male,Germany,Asian,No,Yes,No,Yes,No
1858,88,Female,India,African,Yes,No,No,No,No
1859,69,Female,India,Caucasian,Yes,No,No,Yes,No
1860,83,Male,China,African,No,No,No,No,No
1861,61,Female,India,Asian,No,No,Yes,No,Yes
1862,63,Female,China,African,No,No,Yes,No,No
1863,47,Female,South Korea,African,Yes,No,No,Yes,Yes
1864,35,Male,Nigeria,African,Yes,No,No,No,No
1865,36,Female,Nigeria,African,No,No,No,No,No
1866,62,Male,South Korea,Asian,No,Yes,No,No,Yes
1867,51,Female,India,Hispanic,No,Yes,No,No,No
1868,29,Male,Brazil,Asian,Yes,No,No,No,No
1869,49,Male,China,Asian,No,No,No,Yes,No
1870,85,Male,Russia,Caucasian,Yes,No,Yes,Yes,No
1871,46,Female,India,African,No,No,No,No,No
1872,25,Female,India,African,No,Yes,No,No,No
1873,24,Female,Russia,African,Yes,Yes,No,No,Yes
1874,87,Male,USA,African,No,No,No,No,Yes
1875,71,Female,Japan,Caucasian,Yes,No,No,No,No
1876,39,Female,UK,Middle Eastern,No,No,Yes,No,No
1877,16,Female,Japan,Caucasian,Yes,No,Yes,Yes,No
1878,78,Female,Nigeria,Asian,No,No,No,No,No
1879,49,Female,Brazil,Caucasian,No,Yes,No,Yes,Yes
1880,21,Female,Nigeria,African,No,No,No,No,Yes
1881,32,Male,South Korea,Middle Eastern,No,Yes,No,No,No
1882,81,Female,Germany,Asian,Yes,No,No,No,No
1883,56,Male,India,African,No,No,Yes,No,No
1884,53,Male,China,African,Yes,No,Yes,No,Yes
1885,55,Male,Nigeria,African,Yes,No,No,No,No
1886,89,Male,UK,Hispanic,No,No,No,No,No
1887,38,Male,India,African,No,No,Yes,No,No
1888,74,Female,Japan,Caucasian,No,Yes,No,No,No
1889,60,Male,UK,Middle Eastern,Yes,No,No,No,Yes
1890,33,Female,Nigeria,African,No,No,No,No,Yes
1891,82,Female,Brazil,African,No,No,No,No,No
1892,56,Female,India,Asian,No,Yes,No,No,No
1893,46,Female,China,Asian,No,No,No,No,No
1894,53,Male,Brazil,Hispanic,No,No,No,No,No
1895,50,Female,USA,Caucasian,No,No,No,Yes,No
1896,50,Male,China,Asian,Yes,No,Yes,Yes,Yes
1897,17,Female,Nigeria,Hispanic,No,No,No,No,No
1898,87,Male,Nigeria,Caucasian,No,No,Yes,No,Yes
1899,22,Female,Japan,Caucasian,No,No,No,No,Yes
1900,84,Male,China,Caucasian,No,No,Yes,No,No
1901,55,Male,India,African,No,No,No,No,No
1902,82,Female,Brazil,African,Yes,No,No,No,No
1903,27,Female,Brazil,African,No,No,No,No,Yes
1904,63,Female,South Korea,Caucasian,No,No,No,Yes,No
1905,74,Female,China,Asian,Yes,Yes,No,Yes,No
1906,16,Female,China,Asian,No,Yes,Yes,No,No
1907,74,Female,UK,Caucasian,No,No,No,No,No
1908,19,Male,Nigeria,African,No,Yes,No,No,No
1909,58,Male,Brazil,Caucasian,Yes,No,No,No,Yes
1910,41,Female,UK,Hispanic,No,No,Yes,No,Yes
1911,46,Female,India,African,No,No,No,No,No
1912,35,Female,Japan,African,No,No,No,Yes,No
1913,22,Female,India,Hispanic,No,No,No,No,Yes
1914,86,Male,Germany,Caucasian,Yes,No,No,No,Yes
1915,64,Female,USA,Asian,Yes,Yes,No,No,No
1916,81,Female,India,Middle Eastern,No,No,No,No,No
1917,58,Female,Brazil,Middle Eastern,No,Yes,No,No,No
1918,72,Female,South Korea,Asian,Yes,No,No,Yes,Yes
1919,17,Female,UK,African,Yes,No,No,No,No
1920,84,Female,UK,Asian,No,No,No,Yes,Yes
1921,16,Male,Russia,Caucasian,No,No,No,Yes,No
1922,58,Female,Russia,Caucasian,No,No,No,No,Yes
1923,16,Male,China,Caucasian,Yes,No,Yes,Yes,No
1924,49,Female,South Korea,African,No,No,Yes,Yes,Yes
1925,44,Female,India,Caucasian,No,No,Yes,No,Yes
1926,22,Female,Russia,African,No,No,No,No,No
1927,36,Male,Japan,Caucasian,No,No,No,No,Yes
1928,58,Male,Russia,Caucasian,No,No,No,No,No
1929,72,Male,China,Caucasian,No,Yes,No,No,No
1930,50,Female,China,Asian,No,No,No,No,No
1931,83,Female,USA,Caucasian,Yes,No,No,Yes,No
1932,45,Male,India,Caucasian,No,No,No,No,No
1933,61,Female,China,Hispanic,No,Yes,No,No,Yes
1934,69,Male,Germany,Asian,No,No,No,No,No
1935,76,Male,Russia,African,Yes,No,No,No,No
1936,44,Male,Nigeria,Caucasian,No,No,Yes,No,No
1937,69,Female,India,Middle Eastern,No,Yes,No,No,No
1938,30,Female,Nigeria,Middle Eastern,Yes,No,No,No,No
1939,26,Male,Japan,Asian,Yes,No,No,No,Yes
1940,31,Female,India,Asian,Yes,No,Yes,No,No
1941,30,Female,Brazil,African,No,No,No,No,No
1942,26,Male,Russia,Asian,Yes,No,No,No,Yes
1943,22,Female,Russia,African,No,No,No,No,No
1944,17,Male,Russia,Caucasian,No,No,No,No,Yes
1945,30,Male,Russia,Caucasian,No,No,No,Yes,No
1946,44,Male,Brazil,Asian,Yes,No,No,No,No
1947,37,Male,Nigeria,Asian,No,Yes,No,No,No
1948,19,Female,UK,African,Yes,No,No,No,No
1949,79,Male,Russia,Hispanic,Yes,No,No,No,No
1950,44,Male,Brazil,Caucasian,Yes,No,No,No,No
1951,35,Male,USA,Caucasian,No,No,No,No,Yes
1952,84,Male,Nigeria,Caucasian,No,No,No,No,Yes
1953,36,Female,Nigeria,Middle Eastern,No,No,No,No,No
1954,86,Male,Brazil,Hispanic,No,No,No,No,No
1955,46,Male,Japan,Middle Eastern,Yes,No,No,No,Yes
1956,47,Female,UK,Caucasian,No,No,No,No,Yes
1957,30,Female,Japan,Hispanic,No,No,No,No,Yes
1958,52,Male,Russia,Asian,Yes,No,Yes,No,Yes
1959,28,Female,Russia,Caucasian,No,No,No,Yes,No
1960,50,Male,USA,Hispanic,No,No,No,No,Yes
1961,37,Male,India,Caucasian,No,No,Yes,No,No
1962,80,Female,Brazil,African,No,Yes,No,Yes,Yes
1963,16,Female,UK,Asian,Yes,No,No,No,No
1964,87,Male,China,Caucasian,No,No,No,No,No
1965,79,Male,Nigeria,Caucasian,No,No,Yes,No,No
1966,89,Female,India,Caucasian,No,No,No,No,Yes
1967,81,Female,Japan,African,No,No,No,No,No
1968,66,Female,South Korea,African,No,No,No,Yes,No
1969,76,Male,Nigeria,Caucasian,Yes,No,Yes,No,Yes
1970,37,Female,Nigeria,Hispanic,No,No,No,No,No
1971,40,Female,Brazil,Asian,No,Yes,No,No,Yes
1972,82,Female,Japan,African,No,No,No,No,Yes
1973,69,Male,India,Caucasian,Yes,No,No,No,Yes
1974,20,Female,USA,Caucasian,No,No,No,No,No
1975,49,Female,China,Asian,No,No,Yes,No,Yes
1976,36,Female,Germany,Middle Eastern,No,No,No,No,No
1977,57,Female,India,Caucasian,Yes,No,No,No,Yes
1978,29,Male,Brazil,Caucasian,Yes,No,Yes,No,No
1979,74,Female,Russia,African,No,No,No,Yes,Yes
1980,26,Female,Nigeria,Asian,Yes,No,No,Yes,No
1981,63,Male,India,African,No,No,No,Yes,No
1982,56,Female,India,Asian,Yes,No,No,No,No
1983,52,Male,Nigeria,Caucasian,Yes,Yes,No,Yes,Yes
1984,59,Male,Brazil,Middle Eastern,No,No,Yes,No,No
1985,49,Female,Nigeria,Caucasian,No,No,Yes,No,No
1986,44,Female,India,African,Yes,No,No,No,No
1987,44,Female,Japan,Caucasian,No,No,No,No,No
1988,20,Male,Germany,Asian,No,No,No,No,No
1989,81,Female,Brazil,Asian,No,No,Yes,No,No
1990,21,Female,Brazil,Hispanic,Yes,No,No,No,Yes
1991,66,Male,India,Asian,No,No,No,Yes,No
1992,28,Female,India,African,No,No,No,No,No
1993,87,Female,Russia,Caucasian,No,No,Yes,No,Yes
1994,29,Male,Nigeria,Caucasian,No,No,No,No,No
1995,35,Male,China,Caucasian,No,No,No,No,No
1996,49,Female,USA,African,Yes,No,Yes,No,No
1997,80,Female,China,African,No,No,No,No,Yes
1998,16,Female,Russia,Caucasian,No,No,No,No,Yes
1999,49,Male,South Korea,Asian,Yes,No,No,No,No
2000,34,Female,India,Caucasian,Yes,No,Yes,No,No
2001,24,Male,South Korea,African,Yes,No,No,No,No
2002,39,Female,UK,African,Yes,No,No,No,No
2003,80,Male,South Korea,African,Yes,No,No,No,No
2004,39,Male,India,Asian,No,No,No,Yes,No
2005,68,Female,India,Hispanic,No,No,Yes,Yes,No
2006,47,Female,South Korea,African,Yes,No,Yes,Yes,No
2007,50,Male,South Korea,African,No,No,No,No,No
2008,28,Female,India,Asian,Yes,No,No,No,No
2009,79,Male,India,Asian,Yes,No,No,Yes,No
2010,68,Female,China,Asian,No,No,Yes,No,No
2011,66,Female,Brazil,Middle Eastern,No,Yes,No,No,Yes
2012,17,Male,China,Hispanic,Yes,No,No,No,No
2013,55,Female,Germany,Asian,No,Yes,No,No,Yes
2014,20,Female,Russia,African,No,No,Yes,No,Yes
2015,39,Female,Japan,Hispanic,No,No,No,No,No
2016,27,Female,South Korea,Caucasian,No,No,Yes,No,No
2017,22,Female,China,African,Yes,No,Yes,No,No
2018,35,Female,Germany,Asian,No,No,No,No,No
2019,82,Male,Nigeria,Asian,No,No,No,No,No
2020,39,Female,Nigeria,African,No,No,Yes,Yes,No
2021,82,Male,Japan,Hispanic,No,No,No,No,No
2022,59,Male,Russia,African,Yes,No,No,No,No
2023,74,Female,Japan,Hispanic,No,No,No,No,Yes
2024,26,Male,Nigeria,Caucasian,No,No,Yes,No,Yes
2025,46,Male,India,Asian,Yes,No,No,No,No
2026,27,Female,Germany,Caucasian,Yes,No,No,Yes,No
2027,45,Male,India,Caucasian,No,No,No,Yes,No
2028,34,Female,Russia,Asian,No,No,No,No,No
2029,32,Female,India,Caucasian,No,No,No,No,No
2030,74,Male,China,Caucasian,Yes,No,Yes,No,Yes
2031,77,Female,South Korea,Asian,No,No,No,No,No
2032,20,Female,Japan,Asian,No,No,Yes,No,No
2033,46,Female,Nigeria,Asian,No,No,No,No,Yes
2034,57,Female,Brazil,African,Yes,No,Yes,No,No
2035,16,Female,Nigeria,Middle Eastern,No,No,No,No,No
2036,74,Female,South Korea,African,No,No,No,No,No
2037,37,Female,USA,Hispanic,No,No,No,No,Yes
2038,45,Female,China,Caucasian,No,No,No,No,Yes
2039,19,Female,USA,African,Yes,No,No,No,No
2040,48,Male,India,Caucasian,No,No,No,No,No
2041,24,Male,USA,Asian,No,No,No,No,Yes
2042,16,Male,Nigeria,Asian,Yes,No,No,No,Yes
2043,25,Female,Nigeria,Middle Eastern,No,Yes,No,Yes,No
2044,64,Male,India,Asian,No,No,No,No,No
2045,45,Male,Japan,Caucasian,No,No,No,No,No
2046,70,Female,China,Asian,Yes,No,No,No,Yes
2047,87,Female,USA,African,No,No,No,No,Yes
2048,23,Male,Brazil,Asian,No,No,Yes,No,No
2049,35,Male,USA,Asian,No,No,No,No,Yes
2050,87,Female,China,African,Yes,No,Yes,No,Yes
2051,42,Male,China,Middle Eastern,No,No,No,Yes,No
2052,76,Male,India,Middle Eastern,Yes,No,No,No,No
2053,21,Male,Germany,African,No,No,No,No,No
2054,30,Female,China,Hispanic,No,No,No,No,No
2055,18,Female,Germany,Middle Eastern,No,No,No,No,No
2056,18,Male,India,Asian,Yes,No,No,No,No
2057,54,Female,Brazil,Asian,No,No,No,Yes,Yes
2058,31,Female,India,Asian,Yes,No,Yes,No,No
2059,66,Female,USA,Asian,No,No,Yes,No,No
2060,66,Male,Brazil,Middle Eastern,No,No,No,No,No
2061,50,Female,China,African,No,Yes,No,No,No
2062,52,Female,Germany,Caucasian,Yes,No,No,Yes,Yes
2063,64,Female,China,Caucasian,No,No,No,Yes,Yes
2064,77,Male,India,Caucasian,Yes,No,Yes,No,No
2065,77,Female,Japan,Caucasian,No,No,No,No,Yes
2066,76,Male,China,African,Yes,No,No,No,No
2067,21,Female,China,Asian,No,Yes,No,No,Yes
2068,41,Male,India,Asian,Yes,No,No,Yes,No
2069,28,Male,UK,African,Yes,No,Yes,No,No
2070,85,Female,Russia,Asian,No,No,No,No,No
2071,19,Female,China,African,No,No,Yes,No,Yes
2072,69,Female,Japan,Caucasian,No,No,No,Yes,Yes
2073,16,Female,Brazil,Caucasian,No,No,Yes,No,No
2074,76,Female,India,African,No,Yes,Yes,Yes,No
2075,35,Female,South Korea,Middle Eastern,No,No,No,Yes,Yes
2076,35,Female,India,Hispanic,No,Yes,No,No,No
2077,24,Male,Nigeria,Hispanic,No,No,No,No,Yes
2078,72,Female,Nigeria,African,No,No,No,No,No
2079,53,Male,Japan,Hispanic,Yes,No,Yes,Yes,No
2080,19,Female,India,Hispanic,No,No,No,No,No
2081,79,Male,India,Hispanic,No,No,No,No,Yes
2082,27,Male,Nigeria,Caucasian,Yes,No,Yes,Yes,Yes
2083,67,Male,Brazil,Caucasian,Yes,No,Yes,No,No
2084,59,Male,China,Middle Eastern,Yes,No,Yes,No,No
2085,46,Male,South Korea,Caucasian,No,No,No,No,Yes
2086,50,Female,Brazil,African,No,Yes,Yes,No,No
2087,74,Female,Brazil,Caucasian,No,No,Yes,No,Yes
2088,25,Female,Japan,Middle Eastern,No,No,Yes,No,No
2089,77,Male,India,African,Yes,No,No,No,Yes
2090,35,Male,Brazil,African,No,No,No,No,Yes
2091,66,Male,Japan,Hispanic,No,Yes,No,No,No
2092,69,Female,Brazil,Asian,No,No,No,No,No
2093,40,Female,Russia,Caucasian,No,No,No,No,No
2094,82,Female,India,Caucasian,No,No,Yes,No,No
2095,48,Male,Russia,Hispanic,No,No,No,No,No
2096,66,Male,China,Asian,No,No,No,No,No
2097,66,Male,Germany,Caucasian,Yes,Yes,No,No,No
2098,43,Female,Brazil,Middle Eastern,No,No,Yes,No,No
2099,52,Male,UK,African,No,No,No,No,Yes
2100,56,Female,India,Caucasian,No,No,No,No,No
2101,35,Female,Germany,Caucasian,No,No,No,Yes,Yes
2102,56,Male,India,Asian,No,No,No,No,No
2103,27,Female,China,African,No,No,No,No,No
2104,78,Male,China,Hispanic,Yes,No,No,No,No
2105,31,Female,UK,Middle Eastern,No,No,Yes,No,No
2106,23,Female,Nigeria,Caucasian,No,No,Yes,No,No
2107,55,Female,India,Asian,No,No,No,No,No
2108,15,Male,Russia,Caucasian,Yes,No,No,No,No
2109,16,Female,China,Middle Eastern,No,No,No,No,No
2110,74,Female,UK,Caucasian,Yes,No,No,No,No
2111,62,Female,India,Caucasian,No,No,No,Yes,Yes
2112,43,Male,Nigeria,Asian,No,No,No,No,No
2113,24,Female,Japan,Asian,No,No,No,No,No
2114,72,Male,Russia,Caucasian,No,No,No,Yes,No
2115,74,Female,Russia,Caucasian,No,No,No,No,No
2116,35,Male,India,African,No,No,No,No,No
2117,42,Female,India,Hispanic,Yes,No,No,No,No
2118,89,Male,India,Caucasian,No,No,Yes,No,No
2119,48,Female,Brazil,African,No,No,No,No,Yes
2120,22,Female,India,Caucasian,Yes,No,No,No,No
2121,73,Female,India,Hispanic,No,No,Yes,No,No
2122,86,Female,China,Hispanic,No,No,No,No,No
2123,63,Male,India,Asian,No,No,No,Yes,No
2124,31,Female,India,Asian,Yes,No,Yes,Yes,No
2125,74,Female,India,Asian,No,No,No,No,No
2126,59,Female,China,Caucasian,No,No,No,No,No
2127,83,Male,China,Caucasian,No,No,No,No,Yes
2128,46,Female,South Korea,Hispanic,No,Yes,No,Yes,No
2129,58,Male,India,Asian,No,No,No,No,No
2130,79,Female,Nigeria,Caucasian,No,No,No,No,Yes
2131,22,Female,Brazil,African,No,No,Yes,No,No
2132,86,Male,UK,African,No,No,No,No,No
2133,57,Female,Brazil,Asian,No,Yes,No,No,No
2134,15,Male,India,Caucasian,No,Yes,No,No,Yes
2135,65,Female,India,African,Yes,Yes,No,No,Yes
2136,38,Male,Russia,Caucasian,No,Yes,No,No,No
2137,38,Female,India,African,No,No,Yes,No,No
2138,31,Female,Nigeria,Caucasian,No,No,Yes,No,No
2139,19,Male,South Korea,Hispanic,No,No,No,No,No
2140,34,Male,China,Asian,No,No,No,No,No
2141,35,Female,Nigeria,African,No,Yes,No,No,No
2142,72,Female,China,Asian,No,No,No,No,No
2143,45,Female,India,Caucasian,No,No,Yes,Yes,No
2144,25,Male,India,Asian,No,No,Yes,No,No
2145,66,Male,Brazil,Caucasian,No,No,No,No,No
2146,29,Female,China,Caucasian,No,No,No,No,No
2147,21,Male,Russia,Asian,Yes,Yes,No,No,No
2148,42,Male,Brazil,Caucasian,No,No,No,No,Yes
2149,65,Male,India,African,No,No,No,No,Yes
2150,72,Male,Japan,African,No,No,No,Yes,No
2151,19,Male,Germany,Asian,No,No,Yes,No,No
2152,19,Female,Nigeria,Asian,No,No,No,No,No
2153,22,Female,Japan,Hispanic,Yes,No,No,No,No
2154,78,Female,Nigeria,Caucasian,No,No,No,Yes,No
2155,24,Male,India,Caucasian,No,No,No,No,No
2156,52,Male,Russia,Asian,No,No,No,No,No
2157,22,Male,Russia,African,No,No,No,No,No
2158,39,Female,Japan,Caucasian,No,No,No,No,No
2159,87,Male,India,Asian,Yes,No,No,No,Yes
2160,80,Female,India,Asian,No,No,No,No,No
2161,64,Male,India,African,No,No,No,No,Yes
2162,81,Female,India,Caucasian,Yes,No,No,No,No
2163,63,Female,USA,Caucasian,No,Yes,No,No,Yes
2164,50,Female,China,Caucasian,No,No,No,Yes,Yes
2165,82,Male,Russia,African,No,No,No,No,Yes
2166,55,Female,China,African,Yes,No,No,No,Yes
2167,76,Female,Russia,Hispanic,No,No,Yes,No,No
2168,24,Male,Germany,Caucasian,No,No,No,Yes,No
2169,35,Female,Russia,Middle Eastern,No,No,No,No,No
2170,50,Female,Russia,Asian,No,No,No,No,No
2171,26,Male,USA,Asian,No,Yes,No,No,No
2172,16,Female,India,Caucasian,No,No,Yes,Yes,No
2173,27,Female,Nigeria,African,No,No,No,No,No
2174,67,Female,India,Middle Eastern,Yes,No,No,No,No
2175,46,Female,India,Caucasian,No,No,No,No,No
2176,30,Male,China,Hispanic,No,Yes,No,No,Yes
2177,46,Female,China,Caucasian,Yes,No,No,No,No
2178,46,Female,Nigeria,Asian,No,No,No,No,Yes
2179,25,Male,China,Caucasian,No,No,No,No,No
2180,24,Female,Russia,Middle Eastern,Yes,No,Yes,No,No
2181,29,Male,Brazil,African,Yes,No,Yes,No,No
2182,31,Female,Russia,African,No,No,No,No,Yes
2183,54,Male,Russia,Caucasian,Yes,No,No,No,Yes
2184,32,Female,India,African,No,No,No,No,Yes
2185,69,Female,Brazil,Asian,No,No,No,No,No
2186,87,Male,Brazil,African,No,Yes,No,No,No
2187,39,Female,Brazil,Caucasian,Yes,No,No,No,No
2188,73,Female,USA,Middle Eastern,Yes,Yes,No,Yes,No
2189,36,Male,Nigeria,Caucasian,Yes,No,No,No,No
2190,44,Male,China,African,No,No,No,No,Yes
2191,58,Female,India,Middle Eastern,No,No,Yes,No,No
2192,46,Female,India,Hispanic,No,No,Yes,Yes,Yes
2193,65,Male,India,Caucasian,No,No,Yes,No,Yes
2194,60,Female,India,Asian,No,Yes,No,Yes,No
2195,35,Male,India,Hispanic,Yes,Yes,No,Yes,No
2196,46,Female,Brazil,Asian,No,No,No,No,No
2197,53,Female,India,Asian,No,No,Yes,Yes,No
2198,26,Male,Brazil,Hispanic,No,No,No,No,Yes
2199,61,Female,Russia,Asian,No,No,No,Yes,No
2200,32,Female,Nigeria,Middle Eastern,No,Yes,Yes,Yes,No
2201,35,Male,Brazil,Asian,No,No,No,No,No
2202,27,Female,India,Hispanic,Yes,No,No,No,No
2203,35,Female,Brazil,Asian,No,No,Yes,No,Yes
2204,22,Female,India,Caucasian,No,No,No,No,Yes
2205,60,Female,USA,African,No,No,No,No,No
2206,21,Female,Brazil,Asian,No,No,No,No,No
2207,37,Female,China,Hispanic,No,No,No,No,Yes
2208,89,Female,China,Hispanic,Yes,No,No,No,Yes
2209,36,Female,India,African,No,No,No,No,No
2210,36,Male,Japan,Caucasian,Yes,No,No,No,Yes
2211,43,Female,South Korea,Asian,No,No,No,No,No
2212,27,Female,Japan,African,No,No,No,No,No
2213,16,Female,South Korea,Asian,No,No,No,No,No
2214,43,Female,Nigeria,Caucasian,Yes,No,No,No,Yes
2215,66,Male,South Korea,Asian,No,Yes,No,No,No
2216,41,Male,Germany,African,No,No,Yes,No,No
2217,64,Female,Brazil,Caucasian,No,No,Yes,Yes,No
2218,37,Female,Russia,African,No,No,No,No,No
2219,58,Female,Russia,Caucasian,No,No,Yes,No,No
2220,36,Female,India,Hispanic,No,Yes,No,Yes,No
2221,57,Female,China,African,No,No,Yes,No,No
2222,51,Male,Russia,Middle Eastern,No,No,No,No,No
2223,75,Male,Nigeria,Middle Eastern,No,Yes,No,No,Yes
2224,70,Male,Brazil,Hispanic,No,No,No,No,Yes
2225,17,Male,China,Caucasian,Yes,No,No,No,No
2226,77,Male,Russia,Middle Eastern,No,Yes,No,Yes,Yes
2227,33,Female,USA,Caucasian,No,No,Yes,No,Yes
2228,37,Male,Germany,Hispanic,Yes,No,No,No,No
2229,43,Male,Nigeria,Middle Eastern,No,No,No,No,No
2230,44,Female,Brazil,Asian,No,Yes,No,No,No
2231,53,Male,Japan,Hispanic,No,No,Yes,No,No
2232,39,Female,UK,African,No,Yes,No,No,No
2233,22,Female,Japan,Hispanic,No,No,No,Yes,No
2234,72,Female,China,Hispanic,Yes,No,No,Yes,Yes
2235,30,Female,Japan,Caucasian,No,No,No,No,No
2236,86,Female,China,Asian,No,No,No,No,No
2237,15,Female,Russia,African,No,No,No,Yes,Yes
2238,19,Female,Germany,Asian,No,Yes,No,No,No
2239,17,Female,South Korea,Caucasian,No,No,No,No,No
2240,79,Male,Nigeria,Asian,No,No,Yes,No,Yes
2241,18,Female,India,Hispanic,No,No,No,No,Yes
2242,78,Female,Brazil,African,No,No,No,No,No
2243,24,Female,Japan,Asian,No,No,No,No,Yes
2244,35,Male,UK,Caucasian,No,No,No,No,No
2245,60,Female,Japan,Caucasian,No,Yes,No,No,No
2246,41,Female,Russia,Hispanic,No,Yes,Yes,No,Yes
2247,80,Female,UK,Caucasian,No,No,Yes,No,Yes
2248,55,Male,China,Hispanic,Yes,No,No,No,No
2249,27,Female,India,African,Yes,No,No,No,No
2250,23,Male,India,Caucasian,No,No,Yes,No,No
2251,50,Male,Germany,Asian,Yes,Yes,No,No,No
2252,72,Female,Brazil,Asian,No,No,No,No,Yes
2253,68,Female,Japan,Caucasian,No,No,No,Yes,No
2254,26,Female,USA,Hispanic,No,No,No,No,No
2255,28,Female,Brazil,Caucasian,Yes,Yes,No,No,No
2256,48,Female,China,Caucasian,Yes,No,No,No,Yes
2257,67,Male,Germany,Hispanic,No,No,No,No,No
2258,34,Male,Nigeria,Hispanic,No,No,No,Yes,Yes
2259,89,Female,Brazil,Caucasian,No,No,No,Yes,No
2260,30,Female,India,Caucasian,Yes,No,No,No,Yes
2261,84,Female,India,Middle Eastern,No,Yes,No,No,No
2262,70,Female,UK,Caucasian,Yes,No,No,No,No
2263,72,Female,Brazil,African,No,Yes,No,No,Yes
2264,18,Female,India,Asian,No,No,Yes,No,Yes
2265,18,Female,Japan,Hispanic,No,Yes,No,No,No
2266,34,Female,India,Middle Eastern,Yes,No,No,No,No
2267,24,Female,South Korea,Asian,No,No,No,No,Yes
2268,38,Female,Brazil,Asian,No,No,Yes,No,No
2269,40,Male,India,African,No,Yes,Yes,No,Yes
2270,51,Female,Russia,Hispanic,No,No,No,No,No
2271,68,Male,Nigeria,Caucasian,Yes,No,No,No,No
2272,35,Female,UK,Hispanic,No,No,No,No,No
2273,88,Male,Russia,Hispanic,Yes,No,No,No,No
2274,52,Female,Russia,Middle Eastern,Yes,No,No,No,Yes
2275,60,Female,USA,Asian,Yes,No,No,No,No
2276,18,Female,India,Caucasian,No,No,No,No,No
2277,74,Female,Brazil,Asian,No,No,No,No,No
2278,71,Female,Japan,Caucasian,No,No,No,No,Yes
2279,59,Male,China,African,Yes,No,No,No,No
2280,34,Female,China,Caucasian,No,Yes,No,No,No
2281,31,Female,Brazil,African,No,No,No,No,No
2282,85,Female,Russia,Asian,No,Yes,Yes,No,Yes
2283,18,Female,Nigeria,Asian,Yes,No,No,No,No
2284,28,Female,Brazil,Caucasian,No,No,No,No,No
2285,17,Male,Russia,Asian,No,Yes,No,No,No
2286,72,Female,Japan,Hispanic,Yes,No,Yes,No,No
2287,69,Male,Nigeria,Caucasian,No,No,Yes,No,Yes
2288,18,Male,Nigeria,Hispanic,Yes,Yes,Yes,Yes,No
2289,38,Male,India,African,No,No,Yes,No,No
2290,48,Male,Japan,African,Yes,No,Yes,No,Yes
2291,44,Male,Russia,African,No,No,No,Yes,No
2292,33,Female,China,Caucasian,No,Yes,No,No,No
2293,45,Female,India,Hispanic,Yes,No,No,No,Yes
2294,74,Female,China,African,No,No,Yes,No,No
2295,74,Female,Brazil,Asian,Yes,No,No,Yes,No
2296,33,Male,Nigeria,Caucasian,No,No,No,No,Yes
2297,63,Female,China,African,Yes,No,No,No,Yes
2298,77,Male,Japan,African,No,Yes,No,Yes,No
2299,36,Male,Nigeria,Caucasian,Yes,Yes,No,No,Yes
2300,38,Female,Brazil,Asian,Yes,No,Yes,No,No
2301,44,Male,Japan,Asian,No,No,No,No,No
2302,72,Male,Germany,Middle Eastern,No,No,No,No,Yes
2303,45,Female,Russia,Asian,No,Yes,No,No,No
2304,78,Female,India,Caucasian,No,No,No,No,Yes
2305,33,Female,Brazil,Hispanic,No,Yes,No,Yes,Yes
2306,62,Female,Japan,Caucasian,No,No,No,No,Yes
2307,59,Male,China,Asian,Yes,No,Yes,Yes,Yes
2308,69,Male,USA,Asian,No,No,No,No,No
2309,69,Male,China,Asian,Yes,No,No,No,No
2310,32,Male,Japan,Asian,Yes,No,No,No,No
2311,77,Male,South Korea,African,No,Yes,Yes,No,Yes
2312,61,Male,Japan,Caucasian,Yes,No,No,Yes,No
2313,89,Male,Brazil,Caucasian,No,No,Yes,No,No
2314,71,Male,China,African,No,No,Yes,Yes,No
2315,59,Male,Russia,Middle Eastern,No,No,No,Yes,No
2316,47,Female,Russia,Middle Eastern,Yes,No,Yes,No,Yes
2317,31,Female,South Korea,Hispanic,No,Yes,Yes,No,No
2318,84,Female,USA,Asian,Yes,No,No,No,No
2319,18,Female,USA,Asian,No,No,No,No,No
2320,34,Male,USA,Middle Eastern,Yes,No,Yes,No,No
2321,61,Male,Nigeria,Asian,No,Yes,No,No,Yes
2322,29,Male,Nigeria,Hispanic,Yes,No,No,No,No
2323,84,Male,China,Asian,No,No,Yes,Yes,No
2324,61,Female,Japan,Caucasian,No,Yes,No,No,No
2325,89,Female,Nigeria,Middle Eastern,Yes,Yes,No,No,No
2326,23,Female,China,African,No,No,No,No,Yes
2327,30,Male,India,Asian,No,Yes,No,No,No
2328,83,Female,India,Asian,No,No,No,No,No
2329,75,Female,China,Middle Eastern,No,Yes,No,No,No
2330,24,Female,China,Caucasian,No,No,No,No,Yes
2331,64,Female,South Korea,Asian,No,No,No,No,Yes
2332,17,Female,China,African,No,No,Yes,Yes,No
2333,84,Female,South Korea,Caucasian,Yes,No,Yes,No,Yes
2334,65,Female,India,Caucasian,No,No,No,Yes,No
2335,33,Female,India,Caucasian,No,Yes,No,No,Yes
2336,56,Female,India,African,No,No,No,Yes,No
2337,49,Female,Germany,Asian,No,No,No,Yes,No
2338,60,Male,USA,Asian,No,No,No,No,No
2339,40,Male,South Korea,Caucasian,No,No,No,Yes,No
2340,83,Male,India,Middle Eastern,No,No,No,No,No
2341,78,Female,India,Asian,No,No,No,Yes,No
2342,51,Male,China,Caucasian,No,No,No,No,Yes
2343,63,Female,UK,Asian,No,No,No,No,Yes
2344,35,Female,USA,Caucasian,Yes,No,Yes,No,No
2345,88,Female,India,Asian,Yes,No,Yes,No,No
2346,78,Male,Nigeria,Asian,No,Yes,No,No,No
2347,19,Female,Nigeria,African,Yes,No,No,Yes,No
2348,84,Female,Russia,Asian,Yes,No,No,No,Yes
2349,18,Male,South Korea,Asian,No,No,Yes,No,No
2350,53,Female,India,Asian,No,No,No,No,Yes
2351,49,Female,Brazil,Caucasian,Yes,No,No,No,Yes
2352,15,Female,Nigeria,Middle Eastern,No,No,No,No,No
2353,38,Male,China,Caucasian,No,No,No,No,No
2354,71,Male,Nigeria,African,No,No,Yes,No,No
2355,84,Male,India,Hispanic,No,Yes,No,No,Yes
2356,55,Female,India,Asian,No,No,No,No,No
2357,68,Female,India,Caucasian,Yes,No,Yes,No,No
2358,60,Male,Russia,Caucasian,No,No,No,Yes,Yes
2359,74,Male,Brazil,African,Yes,No,No,No,No
2360,74,Female,Russia,Asian,Yes,No,No,No,No
2361,71,Male,USA,African,No,No,Yes,No,No
2362,45,Female,India,African,No,No,Yes,Yes,Yes
2363,38,Female,China,Caucasian,Yes,No,No,Yes,No
2364,50,Male,Brazil,African,Yes,No,No,No,No
2365,44,Male,USA,Asian,No,No,No,No,No
2366,38,Male,Brazil,Caucasian,Yes,No,Yes,Yes,No
2367,44,Male,India,Asian,No,No,No,No,No
2368,21,Male,India,Caucasian,No,Yes,No,Yes,Yes
2369,49,Female,Japan,Middle Eastern,No,No,No,No,No
2370,69,Female,Germany,Asian,No,No,No,No,No
2371,28,Male,Japan,Caucasian,No,No,No,Yes,No
2372,24,Male,India,African,No,Yes,No,No,Yes
2373,30,Female,Russia,Middle Eastern,No,No,No,No,No
2374,68,Female,India,Caucasian,Yes,Yes,No,No,Yes
2375,84,Male,Brazil,Hispanic,No,No,No,No,No
2376,58,Female,USA,African,No,No,No,No,No
2377,87,Female,India,Hispanic,Yes,No,No,No,No
2378,59,Female,South Korea,Hispanic,No,No,Yes,No,No
2379,70,Female,Russia,Caucasian,No,Yes,No,No,No
2380,71,Male,Nigeria,Asian,No,No,No,No,Yes
2381,35,Male,Japan,Middle Eastern,No,No,No,Yes,Yes
2382,82,Male,Russia,Middle Eastern,Yes,No,No,No,No
2383,64,Male,Russia,Asian,No,No,No,No,Yes
2384,47,Female,Nigeria,Caucasian,No,Yes,Yes,Yes,Yes
2385,21,Male,USA,Asian,No,No,Yes,No,No
2386,84,Female,India,Asian,No,No,No,No,No
2387,29,Female,Brazil,Caucasian,No,No,No,No,No
2388,46,Female,Brazil,Asian,No,No,No,No,No
2389,89,Female,India,Asian,No,No,No,Yes,Yes
2390,34,Female,China,Caucasian,No,No,No,No,Yes
2391,29,Female,China,Asian,Yes,No,No,No,No
2392,62,Female,India,Middle Eastern,No,No,Yes,No,No
2393,85,Male,China,Caucasian,Yes,No,No,No,No
2394,35,Female,India,Caucasian,Yes,No,Yes,No,No
2395,56,Male,Nigeria,Middle Eastern,No,No,No,Yes,Yes
2396,40,Female,China,Asian,No,No,No,No,Yes
2397,28,Female,Japan,Caucasian,Yes,No,No,No,No
2398,71,Male,China,Asian,No,No,No,No,No
2399,51,Female,India,African,Yes,Yes,No,No,Yes
2400,72,Male,South Korea,Asian,No,No,No,No,No
2401,35,Male,Germany,Caucasian,Yes,No,No,Yes,No
2402,83,Male,Japan,Asian,No,No,No,No,No
2403,17,Female,India,Middle Eastern,No,No,No,No,No
2404,51,Female,India,African,No,No,No,No,Yes
2405,63,Male,South Korea,Asian,No,No,No,Yes,Yes
2406,33,Male,Germany,Caucasian,Yes,No,No,No,Yes
2407,26,Female,Brazil,Caucasian,Yes,No,Yes,Yes,No
2408,75,Female,South Korea,Caucasian,No,No,Yes,No,No
2409,55,Female,India,Middle Eastern,No,Yes,No,No,No
2410,47,Female,Nigeria,Asian,No,No,Yes,No,No
2411,64,Female,Nigeria,Hispanic,No,No,No,No,Yes
2412,82,Male,Japan,African,No,No,No,No,No
2413,85,Female,China,Hispanic,No,No,No,No,No
2414,47,Female,Brazil,African,No,No,Yes,Yes,Yes
2415,38,Male,USA,Hispanic,No,No,No,No,Yes
2416,75,Female,India,Asian,No,No,Yes,No,No
2417,75,Female,Brazil,Asian,No,No,Yes,No,Yes
2418,42,Male,Nigeria,African,Yes,No,No,No,No
2419,72,Female,South Korea,Asian,No,Yes,No,No,No
2420,57,Male,USA,Asian,No,No,No,No,Yes
2421,55,Female,Brazil,Asian,No,Yes,No,Yes,Yes
2422,53,Female,India,Caucasian,No,No,Yes,No,Yes
2423,63,Male,China,Asian,No,No,Yes,No,Yes
2424,31,Female,Brazil,Asian,No,No,No,No,No
2425,84,Female,China,Hispanic,No,No,Yes,No,No
2426,84,Female,Brazil,Caucasian,No,No,Yes,No,No
2427,79,Female,Russia,Hispanic,No,No,No,No,No
2428,88,Female,Russia,Caucasian,No,No,No,No,Yes
2429,19,Female,China,Caucasian,Yes,No,No,No,No
2430,16,Male,USA,Asian,No,No,No,No,No
2431,36,Female,Nigeria,Hispanic,No,No,No,No,No
2432,71,Female,Nigeria,Asian,Yes,No,No,Yes,No
2433,80,Female,China,Hispanic,No,No,Yes,Yes,No
2434,88,Female,China,Hispanic,No,No,No,No,Yes
2435,30,Male,China,Caucasian,Yes,No,Yes,No,No
2436,65,Female,Russia,Caucasian,Yes,No,Yes,Yes,Yes
2437,53,Male,USA,Asian,Yes,No,Yes,No,No
2438,54,Female,China,Asian,No,Yes,Yes,Yes,No
2439,52,Male,USA,Asian,No,No,No,No,Yes
2440,74,Female,Brazil,Hispanic,No,Yes,No,No,No
2441,73,Female,USA,Asian,Yes,No,No,No,No
2442,24,Male,UK,Asian,Yes,Yes,No,No,No
2443,78,Male,Brazil,Asian,No,Yes,No,No,No
2444,77,Male,Brazil,Middle Eastern,No,No,No,Yes,No
2445,63,Female,China,African,No,No,No,No,No
2446,78,Male,Nigeria,Hispanic,No,Yes,No,Yes,No
2447,46,Male,China,Caucasian,Yes,Yes,Yes,No,No
2448,21,Female,Nigeria,Caucasian,No,No,No,Yes,Yes
2449,35,Female,Japan,Caucasian,No,No,No,No,No
2450,34,Male,USA,African,Yes,Yes,No,No,Yes
2451,40,Male,China,Asian,Yes,No,No,Yes,No
2452,82,Male,South Korea,Caucasian,Yes,No,No,No,No
2453,29,Female,Nigeria,Asian,No,No,No,No,No
2454,28,Male,China,African,Yes,No,No,No,Yes
2455,41,Female,Nigeria,Caucasian,Yes,No,Yes,Yes,No
2456,54,Female,India,Asian,No,No,No,No,No
2457,72,Male,India,Caucasian,No,No,No,No,No
2458,42,Male,Nigeria,Caucasian,Yes,Yes,Yes,No,No
2459,40,Female,Nigeria,Middle Eastern,No,No,No,No,Yes
2460,77,Female,Japan,Caucasian,No,No,No,Yes,Yes
2461,80,Female,UK,Asian,Yes,No,No,No,Yes
2462,39,Male,South Korea,Middle Eastern,No,No,No,Yes,No
2463,17,Female,India,Caucasian,Yes,No,Yes,No,No
2464,86,Male,Russia,Asian,No,No,No,No,No
2465,58,Female,India,African,No,Yes,No,No,No
2466,56,Female,China,Hispanic,No,No,No,Yes,Yes
2467,20,Male,China,Caucasian,No,No,No,Yes,Yes
2468,53,Female,India,Asian,No,Yes,Yes,No,No
2469,66,Male,Russia,Asian,No,No,No,No,No
2470,37,Female,China,Caucasian,No,No,No,No,No
2471,64,Male,UK,Hispanic,No,No,No,No,No
2472,57,Female,India,African,No,No,No,No,No
2473,33,Female,China,Middle Eastern,No,No,No,No,Yes
2474,83,Female,South Korea,Caucasian,No,No,Yes,No,No
2475,65,Female,India,Hispanic,Yes,No,No,Yes,No
2476,25,Female,USA,Hispanic,No,No,No,No,Yes
2477,26,Female,Nigeria,Asian,No,Yes,No,No,No
2478,88,Female,Nigeria,Asian,No,No,No,Yes,No
2479,22,Female,Nigeria,Caucasian,No,No,No,No,Yes
2480,38,Female,South Korea,Hispanic,No,No,No,Yes,No
2481,55,Male,Nigeria,Middle Eastern,No,No,No,Yes,No
2482,50,Male,Japan,Asian,No,Yes,Yes,No,No
2483,86,Male,India,African,No,No,Yes,No,No
2484,69,Female,Nigeria,Caucasian,Yes,No,Yes,Yes,No
2485,23,Female,Nigeria,Asian,Yes,No,Yes,No,Yes
2486,61,Male,Japan,Caucasian,Yes,No,Yes,No,No
2487,29,Female,China,Caucasian,No,No,No,No,No
2488,62,Female,Nigeria,Asian,No,No,No,No,No
2489,56,Female,Germany,Caucasian,No,Yes,Yes,No,Yes
2490,74,Male,South Korea,Asian,Yes,No,Yes,No,No
2491,84,Female,USA,African,No,No,No,No,Yes
2492,26,Female,South Korea,Middle Eastern,No,No,No,No,Yes
2493,16,Male,Nigeria,Caucasian,No,No,No,Yes,No
2494,21,Female,Russia,Asian,Yes,Yes,No,No,No
2495,17,Male,Nigeria,African,No,No,No,Yes,No
2496,17,Female,India,Caucasian,No,No,No,No,No
2497,41,Male,Brazil,African,No,No,No,No,No
2498,54,Female,China,Asian,Yes,Yes,No,No,Yes
2499,47,Female,Nigeria,Middle Eastern,No,No,No,No,Yes
2500,15,Male,Brazil,African,No,No,No,No,Yes
2501,22,Female,India,Middle Eastern,Yes,No,No,No,No
2502,46,Male,Russia,Asian,No,Yes,No,Yes,No
2503,62,Female,India,Hispanic,Yes,No,Yes,No,No
2504,18,Male,Nigeria,Caucasian,No,No,No,No,No
2505,84,Female,Japan,Caucasian,No,Yes,No,No,No
2506,33,Female,South Korea,Asian,No,No,No,No,Yes
2507,46,Female,India,Middle Eastern,No,No,No,No,Yes
2508,23,Male,Germany,Caucasian,No,No,No,No,No
2509,26,Female,UK,African,No,Yes,No,Yes,No
2510,25,Female,South Korea,Hispanic,Yes,No,Yes,Yes,No
2511,60,Female,Nigeria,Caucasian,Yes,No,No,No,No
2512,30,Male,Russia,Caucasian,No,No,No,Yes,No
2513,15,Female,India,Middle Eastern,Yes,No,No,No,No
2514,77,Female,Russia,Asian,Yes,No,No,No,No
2515,35,Male,UK,Caucasian,No,Yes,No,No,Yes
2516,44,Female,India,Asian,No,No,No,No,Yes
2517,27,Male,USA,African,No,Yes,Yes,No,No
2518,48,Male,South Korea,Hispanic,Yes,No,No,Yes,No
2519,18,Female,China,Hispanic,No,No,No,No,No
2520,42,Male,India,Asian,Yes,No,No,Yes,No
2521,73,Female,UK,Caucasian,No,No,No,Yes,No
2522,41,Female,Brazil,Caucasian,Yes,No,Yes,Yes,No
2523,83,Female,India,African,Yes,No,No,No,No
2524,39,Male,Nigeria,African,No,No,No,No,Yes
2525,17,Female,UK,Hispanic,No,Yes,Yes,Yes,No
2526,82,Male,Brazil,African,No,No,No,No,Yes
2527,39,Female,China,Caucasian,No,No,No,No,No
2528,34,Female,Brazil,Caucasian,No,No,No,No,No
2529,48,Male,Nigeria,Hispanic,No,No,No,No,No
2530,40,Male,China,African,Yes,No,No,No,Yes
2531,19,Female,UK,African,No,No,No,Yes,Yes
2532,75,Female,UK,African,No,Yes,No,Yes,Yes
2533,23,Male,USA,African,Yes,No,No,Yes,No
2534,64,Male,Russia,Asian,No,No,No,Yes,Yes
2535,20,Female,UK,Caucasian,No,Yes,No,No,Yes
2536,74,Female,Nigeria,Caucasian,No,No,Yes,No,No
2537,58,Male,UK,Hispanic,Yes,No,Yes,Yes,No
2538,25,Female,Nigeria,African,No,No,No,Yes,Yes
2539,80,Female,Nigeria,Caucasian,Yes,Yes,No,No,Yes
2540,61,Female,South Korea,Hispanic,No,No,No,No,No
2541,87,Female,Russia,Hispanic,Yes,No,No,Yes,No
2542,17,Female,India,Caucasian,Yes,No,Yes,No,No
2543,44,Female,India,Asian,No,No,Yes,Yes,No
2544,35,Female,Brazil,Asian,Yes,No,No,No,No
2545,42,Female,South Korea,Asian,No,Yes,No,No,No
2546,76,Male,USA,Caucasian,Yes,No,No,No,No
2547,47,Male,India,Middle Eastern,No,No,No,No,No
2548,49,Female,Russia,Middle Eastern,No,No,Yes,No,No
2549,66,Male,Germany,Asian,No,No,No,No,No
2550,48,Male,South Korea,African,No,Yes,No,No,No
2551,55,Female,Nigeria,Caucasian,No,No,No,No,No
2552,65,Female,India,Caucasian,No,Yes,No,No,No
2553,61,Male,Russia,Hispanic,No,No,Yes,No,No
2554,72,Male,China,Middle Eastern,Yes,No,No,No,No
2555,89,Female,USA,Asian,No,No,No,Yes,No
2556,71,Female,Nigeria,Asian,Yes,Yes,No,Yes,No
2557,37,Female,Nigeria,Asian,No,No,No,Yes,Yes
2558,62,Female,India,Asian,No,No,No,No,Yes
2559,36,Male,Japan,Caucasian,No,No,No,No,No
2560,31,Female,UK,Caucasian,No,No,No,No,No
2561,83,Female,Nigeria,Caucasian,No,No,No,No,No
2562,25,Female,Japan,African,No,Yes,No,No,No
2563,29,Male,India,African,No,No,No,No,No
2564,49,Male,Japan,African,No,No,Yes,No,Yes
2565,47,Female,Russia,African,No,No,No,Yes,No
2566,30,Female,USA,Hispanic,Yes,No,No,Yes,No
2567,48,Female,Nigeria,Asian,No,No,Yes,No,Yes
2568,80,Male,China,Middle Eastern,Yes,No,No,Yes,No
2569,54,Female,China,Middle Eastern,Yes,No,Yes,No,No
2570,42,Female,China,Hispanic,No,Yes,No,No,Yes
2571,61,Male,Nigeria,Hispanic,Yes,Yes,No,No,No
2572,53,Male,India,Caucasian,No,No,No,No,Yes
2573,84,Male,Nigeria,Middle Eastern,No,No,No,No,No
2574,87,Female,Germany,Asian,Yes,No,Yes,No,No
2575,34,Female,Nigeria,Asian,No,Yes,No,No,No
2576,15,Male,China,Middle Eastern,No,No,No,Yes,No
2577,86,Female,China,African,Yes,No,No,No,No
2578,77,Female,China,Middle Eastern,Yes,Yes,No,No,Yes
2579,81,Female,South Korea,Asian,No,No,No,No,Yes
2580,18,Male,South Korea,Middle Eastern,No,No,No,No,No
2581,72,Male,Nigeria,Caucasian,No,No,No,Yes,Yes
2582,39,Male,UK,Middle Eastern,Yes,No,No,No,No
2583,61,Female,Japan,Hispanic,No,No,No,No,No
2584,52,Male,India,Caucasian,No,No,No,No,No
2585,29,Female,Russia,Hispanic,Yes,No,No,Yes,No
2586,77,Male,Brazil,Caucasian,No,No,No,No,No
2587,35,Female,USA,Asian,No,No,Yes,No,Yes
2588,71,Female,Russia,Middle Eastern,Yes,No,No,No,Yes
2589,67,Male,China,Caucasian,No,No,No,No,No
2590,60,Male,South Korea,Caucasian,No,No,No,No,Yes
2591,28,Male,China,African,No,No,No,Yes,No
2592,31,Male,Japan,Middle Eastern,No,No,No,Yes,Yes
2593,53,Female,USA,Caucasian,No,No,No,No,Yes
2594,23,Male,India,Caucasian,No,No,No,No,No
2595,20,Female,India,African,No,No,No,No,No
2596,37,Male,Brazil,Asian,No,No,Yes,No,No
2597,73,Female,Japan,Asian,No,Yes,No,No,No
2598,60,Female,Japan,Hispanic,No,No,Yes,No,No
2599,52,Female,Brazil,Caucasian,No,No,No,Yes,No
2600,28,Female,UK,Asian,No,No,Yes,No,No
2601,86,Male,South Korea,Caucasian,Yes,No,No,No,No
2602,76,Female,India,Hispanic,No,Yes,No,No,Yes
2603,49,Male,Germany,African,No,No,No,No,No
2604,33,Female,China,Caucasian,No,No,No,Yes,No
2605,44,Male,Nigeria,Middle Eastern,No,No,No,No,No
2606,39,Male,India,Caucasian,Yes,No,Yes,No,Yes
2607,54,Female,Brazil,African,No,No,No,No,No
2608,28,Female,China,Caucasian,No,No,No,No,No
2609,40,Female,UK,Caucasian,Yes,No,No,No,No
2610,36,Male,Russia,Hispanic,No,No,No,No,Yes
2611,62,Male,Nigeria,African,No,No,No,Yes,No
2612,65,Male,Nigeria,Caucasian,No,Yes,No,Yes,No
2613,17,Male,UK,Asian,No,No,Yes,Yes,Yes
2614,56,Female,Russia,Asian,No,No,Yes,No,Yes
2615,33,Male,India,Caucasian,No,No,Yes,Yes,No
2616,87,Male,Nigeria,Asian,Yes,No,No,Yes,No
2617,42,Male,India,Asian,Yes,No,Yes,No,Yes
2618,59,Male,China,Asian,Yes,No,Yes,No,No
2619,85,Female,USA,Middle Eastern,No,No,No,No,Yes
2620,77,Male,Germany,Hispanic,Yes,No,Yes,No,No
2621,87,Female,China,Hispanic,No,No,No,No,Yes
2622,33,Male,Nigeria,Asian,No,No,No,No,No
2623,61,Male,India,Asian,No,No,No,No,No
2624,28,Male,Russia,Caucasian,No,No,No,No,No
2625,52,Female,Russia,Hispanic,No,No,No,No,Yes
2626,67,Female,India,Caucasian,Yes,No,Yes,Yes,Yes
2627,75,Male,India,African,No,No,No,Yes,Yes
2628,50,Female,Germany,Caucasian,Yes,No,No,No,No
2629,54,Male,Japan,Hispanic,No,No,Yes,Yes,Yes
2630,44,Female,Russia,African,No,No,No,No,Yes
2631,23,Male,India,Asian,No,No,No,No,No
2632,78,Male,Japan,Asian,No,No,Yes,Yes,No
2633,47,Female,India,Caucasian,Yes,No,No,Yes,Yes
2634,66,Female,Brazil,African,No,No,No,Yes,No
2635,28,Female,Germany,Hispanic,Yes,No,No,No,No
2636,89,Female,Japan,Asian,No,No,No,Yes,No
2637,67,Male,Brazil,African,No,No,No,No,No
2638,73,Male,India,Hispanic,Yes,No,No,No,No
2639,55,Male,Nigeria,Caucasian,No,No,No,No,No
2640,82,Male,Russia,Hispanic,No,No,No,No,No
2641,82,Male,USA,African,No,No,No,No,Yes
2642,22,Male,India,African,Yes,Yes,No,No,Yes
2643,16,Female,Russia,Middle Eastern,No,Yes,Yes,No,No
2644,55,Male,India,Caucasian,No,No,No,No,No
2645,69,Female,South Korea,Caucasian,No,No,No,Yes,No
2646,30,Female,China,Caucasian,No,No,No,No,Yes
2647,76,Female,India,African,No,No,No,No,Yes
2648,62,Male,South Korea,African,No,No,Yes,No,No
2649,44,Male,Brazil,Caucasian,No,No,No,No,No
2650,26,Female,South Korea,Hispanic,Yes,No,No,Yes,No
2651,49,Female,India,African,No,No,Yes,No,No
2652,25,Female,Germany,Asian,Yes,No,Yes,No,No
2653,78,Male,India,Caucasian,Yes,No,No,No,No
2654,64,Male,USA,Caucasian,No,No,No,No,Yes
2655,35,Male,Japan,Asian,No,No,Yes,No,No
2656,83,Female,Brazil,African,No,No,No,Yes,Yes
2657,62,Male,Japan,Asian,No,No,No,No,Yes
2658,34,Male,Germany,Hispanic,No,No,Yes,No,Yes
2659,81,Female,Nigeria,African,Yes,No,No,No,Yes
2660,58,Female,Nigeria,African,No,No,No,Yes,No
2661,47,Male,Russia,Hispanic,No,No,No,No,No
2662,87,Female,China,Caucasian,Yes,No,No,No,Yes
2663,75,Female,Nigeria,Caucasian,No,No,No,No,No
2664,23,Male,Russia,Asian,No,Yes,Yes,No,No
2665,82,Male,China,African,No,No,Yes,No,No
2666,49,Female,UK,African,No,No,No,No,No
2667,79,Male,Germany,Hispanic,No,No,Yes,No,Yes
2668,22,Female,UK,Caucasian,No,No,No,Yes,No
2669,59,Female,USA,African,No,No,No,No,Yes
2670,61,Male,South Korea,Caucasian,No,No,Yes,No,No
2671,54,Female,Brazil,Asian,No,Yes,No,No,No
2672,68,Female,South Korea,Caucasian,No,No,No,No,No
2673,60,Male,Russia,Asian,Yes,No,No,No,No
2674,61,Female,Russia,Caucasian,Yes,No,Yes,No,Yes
2675,29,Male,Nigeria,Middle Eastern,No,No,No,No,No
2676,33,Male,South Korea,Caucasian,Yes,No,Yes,No,Yes
2677,40,Female,India,Middle Eastern,No,No,No,No,Yes
2678,66,Female,South Korea,Caucasian,No,Yes,No,Yes,Yes
2679,36,Female,India,Caucasian,No,Yes,No,No,No
2680,35,Male,India,Caucasian,No,No,No,No,No
2681,65,Female,Nigeria,African,No,No,No,Yes,No
2682,52,Male,Japan,Caucasian,No,No,No,No,No
2683,34,Male,Brazil,Middle Eastern,No,No,No,No,Yes
2684,43,Male,Russia,Middle Eastern,No,No,No,No,No
2685,65,Male,Brazil,African,No,No,No,No,No
2686,18,Male,Russia,African,Yes,No,Yes,No,Yes
2687,69,Male,India,Asian,No,No,No,Yes,Yes
2688,85,Female,UK,African,No,No,No,No,Yes
2689,42,Female,Nigeria,Asian,Yes,No,No,No,Yes
2690,18,Male,Russia,Asian,No,No,Yes,No,No
2691,36,Female,India,Asian,Yes,Yes,Yes,No,No
2692,59,Female,Brazil,African,Yes,No,No,No,No
2693,81,Male,South Korea,African,Yes,No,Yes,No,Yes
2694,80,Female,South Korea,Asian,No,No,Yes,No,No
2695,48,Female,Japan,African,No,No,Yes,No,No
2696,69,Female,Brazil,Asian,No,No,Yes,No,No
2697,15,Male,China,Asian,Yes,Yes,No,No,No
2698,86,Male,USA,Asian,No,No,Yes,No,No
2699,52,Female,Brazil,Caucasian,Yes,No,No,No,No
2700,20,Female,Russia,African,No,No,No,Yes,No
2701,39,Female,Nigeria,African,No,No,No,No,Yes
2702,31,Male,Japan,Caucasian,No,No,No,No,No
2703,75,Female,China,Caucasian,No,No,No,No,No
2704,26,Female,Brazil,Asian,No,No,Yes,No,No
2705,20,Female,India,Asian,No,No,Yes,No,No
2706,41,Female,India,Caucasian,No,No,No,No,Yes
2707,22,Male,India,Middle Eastern,Yes,No,No,No,No
2708,79,Female,UK,Asian,Yes,Yes,No,No,Yes
2709,71,Male,Russia,Caucasian,No,No,No,No,Yes
2710,54,Female,Nigeria,African,Yes,No,No,No,No
2711,28,Male,Nigeria,African,No,No,No,No,No
2712,49,Female,South Korea,African,No,No,No,Yes,Yes
2713,62,Male,Japan,Asian,Yes,No,No,No,No
2714,70,Male,South Korea,African,Yes,No,No,Yes,No
2715,63,Male,Nigeria,Asian,No,No,No,No,No
2716,27,Female,China,Caucasian,No,No,No,Yes,Yes
2717,75,Female,UK,Asian,No,No,No,Yes,Yes
2718,63,Female,India,African,Yes,No,No,No,Yes
2719,60,Male,India,Caucasian,Yes,No,No,No,No
2720,76,Female,South Korea,Asian,No,No,No,No,No
2721,22,Male,India,Caucasian,No,No,No,No,No
2722,57,Female,Russia,Hispanic,No,Yes,No,No,No
2723,34,Male,China,Asian,No,No,Yes,No,Yes
2724,53,Male,Brazil,Caucasian,No,No,No,No,Yes
2725,63,Female,UK,African,No,No,No,Yes,No
2726,78,Female,China,Caucasian,No,No,No,No,Yes
2727,76,Female,Nigeria,Middle Eastern,No,No,No,No,No
2728,68,Male,Brazil,Caucasian,Yes,No,No,No,No
2729,23,Male,Germany,Asian,No,No,No,Yes,Yes
2730,51,Female,USA,Asian,No,Yes,No,No,No
2731,63,Female,China,Caucasian,No,No,No,No,Yes
2732,55,Female,India,Caucasian,Yes,Yes,No,No,No
2733,31,Female,India,Caucasian,No,Yes,No,No,No
2734,35,Male,South Korea,African,No,No,No,No,No
2735,65,Female,UK,Caucasian,Yes,No,No,No,No
2736,73,Female,Russia,Caucasian,No,No,No,No,No
2737,53,Female,India,Middle Eastern,Yes,No,No,Yes,No
2738,69,Male,South Korea,Caucasian,No,Yes,No,No,No
2739,55,Female,South Korea,Hispanic,No,No,No,No,No
2740,53,Female,India,African,Yes,No,No,No,No
2741,27,Female,Germany,African,No,Yes,No,Yes,No
2742,78,Male,Japan,African,Yes,No,No,Yes,Yes
2743,25,Female,Brazil,Caucasian,No,No,Yes,Yes,No
2744,33,Female,China,Hispanic,No,No,No,No,No
2745,25,Male,UK,Middle Eastern,No,No,No,No,Yes
2746,60,Female,China,Middle Eastern,No,Yes,No,Yes,Yes
2747,59,Male,USA,Middle Eastern,No,No,Yes,No,No
2748,15,Male,Nigeria,Caucasian,Yes,No,No,No,Yes
2749,54,Female,Germany,Caucasian,No,No,No,No,No
2750,33,Female,South Korea,African,No,No,No,No,No
2751,86,Female,Nigeria,Middle Eastern,No,Yes,No,No,No
2752,86,Male,Brazil,Caucasian,No,No,No,No,Yes
2753,75,Male,USA,Middle Eastern,Yes,No,No,No,No
2754,26,Male,Russia,Asian,Yes,No,Yes,No,No
2755,75,Female,China,African,No,No,No,No,No
2756,47,Male,South Korea,African,No,No,Yes,Yes,Yes
2757,59,Male,India,Caucasian,Yes,No,No,No,No
2758,83,Female,USA,Middle Eastern,No,No,No,No,No
2759,22,Female,India,Asian,Yes,No,No,No,No
2760,39,Male,China,Caucasian,No,No,No,No,Yes
2761,60,Female,Nigeria,Asian,No,No,No,Yes,No
2762,44,Male,Russia,African,No,No,No,No,Yes
2763,61,Female,China,African,Yes,No,No,No,Yes
2764,63,Female,Russia,Hispanic,No,No,Yes,No,No
2765,61,Female,UK,Caucasian,No,No,Yes,No,No
2766,32,Female,South Korea,African,Yes,No,Yes,No,Yes
2767,80,Female,Japan,African,No,No,No,No,No
2768,82,Female,Russia,Asian,No,Yes,No,No,No
2769,47,Female,USA,Asian,No,Yes,No,No,Yes
2770,50,Female,Nigeria,Caucasian,No,No,No,No,Yes
2771,33,Female,South Korea,Hispanic,No,No,No,No,Yes
2772,42,Female,India,Hispanic,No,Yes,No,No,Yes
2773,54,Male,Russia,African,No,Yes,No,No,No
2774,29,Male,South Korea,Caucasian,No,Yes,Yes,Yes,No
2775,55,Male,USA,Caucasian,No,No,No,No,No
2776,53,Female,Germany,Asian,No,No,No,No,Yes
2777,16,Male,Russia,African,No,No,Yes,No,No
2778,77,Male,Brazil,Middle Eastern,No,Yes,Yes,No,Yes
2779,43,Female,Nigeria,Asian,Yes,Yes,No,Yes,No
2780,88,Female,Brazil,Caucasian,Yes,Yes,No,No,No
2781,80,Female,Nigeria,Caucasian,Yes,No,No,No,No
2782,65,Male,India,Caucasian,No,No,Yes,No,No
2783,89,Female,China,African,Yes,Yes,No,No,No
2784,24,Male,China,Hispanic,No,No,Yes,No,No
2785,28,Female,Nigeria,Hispanic,No,No,Yes,Yes,No
2786,65,Male,South Korea,African,No,No,Yes,No,Yes
2787,87,Female,India,Asian,No,No,No,Yes,No
2788,53,Male,India,Asian,No,No,No,No,No
2789,42,Female,India,Caucasian,No,No,Yes,Yes,Yes
2790,17,Female,South Korea,Asian,Yes,No,No,Yes,Yes
2791,84,Male,Japan,Caucasian,Yes,No,No,No,Yes
2792,41,Female,Brazil,African,No,No,No,No,No
2793,16,Female,Brazil,African,No,No,No,No,No
2794,52,Female,China,Caucasian,Yes,No,No,No,Yes
2795,17,Female,India,African,No,No,No,No,Yes
2796,30,Male,India,Caucasian,No,No,Yes,No,Yes
2797,54,Female,India,Asian,No,No,No,No,No
2798,16,Male,Brazil,Caucasian,No,No,Yes,No,Yes
2799,55,Female,India,Asian,No,No,No,No,No
2800,26,Male,Brazil,African,No,No,No,No,No
2801,49,Female,South Korea,Asian,No,No,No,No,Yes
2802,79,Female,Russia,Asian,No,No,No,No,Yes
2803,69,Male,UK,African,Yes,No,No,Yes,No
2804,59,Female,Russia,Asian,Yes,No,No,No,No
2805,76,Female,India,Caucasian,Yes,No,No,No,No
2806,63,Male,China,African,No,No,No,Yes,No
2807,39,Male,Brazil,Hispanic,Yes,Yes,No,Yes,No
2808,37,Male,Brazil,African,No,No,No,No,No
2809,38,Female,USA,Caucasian,No,Yes,No,No,No
2810,52,Male,Brazil,Hispanic,Yes,No,No,No,No
2811,42,Female,Brazil,Caucasian,No,No,Yes,No,Yes
2812,35,Female,Japan,Asian,Yes,Yes,Yes,No,No
2813,68,Female,India,Asian,No,No,Yes,Yes,No
2814,32,Female,Nigeria,African,Yes,No,No,No,No
2815,50,Female,China,Caucasian,No,No,No,No,Yes
2816,59,Female,South Korea,African,No,No,Yes,No,No
2817,87,Female,India,Asian,No,No,Yes,No,Yes
2818,67,Male,Russia,Asian,Yes,Yes,No,Yes,No
2819,44,Female,South Korea,African,Yes,No,Yes,No,No
2820,74,Female,USA,African,No,No,No,No,No
2821,46,Female,UK,Asian,No,No,No,Yes,Yes
2822,81,Female,Nigeria,Asian,Yes,No,Yes,No,No
2823,81,Female,Brazil,Caucasian,No,Yes,No,Yes,No
2824,42,Male,Brazil,Caucasian,No,Yes,No,No,No
2825,58,Female,Nigeria,Caucasian,Yes,No,Yes,No,No
2826,55,Male,UK,Asian,No,No,No,Yes,Yes
2827,77,Female,USA,Caucasian,No,No,No,No,No
2828,37,Male,USA,Middle Eastern,No,No,No,Yes,Yes
2829,89,Female,Russia,African,Yes,No,No,No,No
2830,62,Female,India,African,No,No,No,No,Yes
2831,46,Male,India,Caucasian,No,No,No,No,Yes
2832,71,Male,Russia,Hispanic,Yes,No,No,No,No
2833,47,Female,Russia,Hispanic,No,Yes,No,No,No
2834,38,Female,India,Asian,No,No,No,Yes,Yes
2835,53,Male,Russia,Caucasian,No,No,Yes,No,No
2836,48,Female,China,Caucasian,Yes,No,No,No,No
2837,70,Female,Nigeria,Caucasian,No,No,Yes,Yes,No
2838,42,Female,Japan,Caucasian,No,No,Yes,No,Yes
2839,51,Female,South Korea,Caucasian,No,No,No,No,No
2840,21,Female,Russia,Asian,No,No,Yes,No,No
2841,82,Male,India,Caucasian,Yes,No,Yes,No,No
2842,51,Male,Nigeria,Hispanic,No,No,No,No,No
2843,70,Female,China,Asian,Yes,No,No,No,No
2844,79,Female,South Korea,Caucasian,Yes,No,Yes,No,No
2845,79,Male,UK,Asian,No,Yes,Yes,No,Yes
2846,61,Male,Russia,African,No,No,No,No,No
2847,34,Female,UK,Caucasian,No,No,No,Yes,Yes
2848,33,Male,India,Asian,No,No,No,Yes,No
2849,43,Female,Japan,Hispanic,No,No,No,No,Yes
2850,88,Female,Brazil,Asian,No,No,Yes,No,No
2851,74,Female,India,Caucasian,No,No,Yes,No,Yes
2852,32,Female,Nigeria,Caucasian,No,Yes,No,No,No
2853,49,Female,India,Caucasian,No,No,Yes,Yes,No
2854,57,Female,USA,African,Yes,No,No,No,No
2855,25,Male,China,African,No,No,No,No,Yes
2856,63,Female,China,Middle Eastern,Yes,No,No,No,No
2857,52,Male,China,Caucasian,No,No,No,No,Yes
2858,78,Female,Japan,Asian,No,No,No,Yes,No
2859,83,Female,China,Asian,Yes,No,No,Yes,No
2860,22,Male,Japan,Asian,Yes,No,No,No,No
2861,48,Female,Russia,Middle Eastern,Yes,Yes,No,No,No
2862,62,Female,Nigeria,Hispanic,No,No,No,No,No
2863,70,Male,China,Asian,No,No,No,No,No
2864,79,Male,China,African,No,No,No,No,No
2865,45,Female,Russia,Hispanic,Yes,No,No,No,No
2866,18,Female,China,Caucasian,Yes,No,Yes,No,No
2867,64,Male,Russia,Asian,Yes,No,Yes,No,No
2868,83,Male,Brazil,Caucasian,No,No,No,Yes,Yes
2869,44,Female,Nigeria,African,No,No,No,Yes,No
2870,73,Female,China,Middle Eastern,No,No,No,No,No
2871,81,Female,China,Caucasian,Yes,No,No,No,No
2872,89,Female,Russia,Caucasian,No,Yes,No,No,No
2873,59,Male,Germany,African,No,No,Yes,No,No
2874,18,Male,South Korea,Hispanic,Yes,No,Yes,No,No
2875,40,Male,India,Middle Eastern,No,No,Yes,No,Yes
2876,41,Male,South Korea,Hispanic,No,No,Yes,Yes,No
2877,60,Male,Germany,African,No,Yes,Yes,No,No
2878,78,Female,Brazil,Caucasian,No,No,No,No,Yes
2879,65,Female,Brazil,Caucasian,No,No,No,No,No
2880,64,Female,Germany,Caucasian,No,No,No,No,No
2881,20,Female,China,Caucasian,No,No,Yes,No,No
2882,73,Male,India,African,Yes,No,No,No,No
2883,29,Female,USA,African,No,No,Yes,No,No
2884,44,Female,Russia,Caucasian,No,No,Yes,No,No
2885,56,Female,Japan,Asian,Yes,No,No,No,No
2886,51,Female,Japan,African,No,No,No,No,No
2887,56,Female,Nigeria,Hispanic,No,Yes,No,Yes,No
2888,49,Male,USA,Asian,Yes,Yes,No,Yes,Yes
2889,20,Female,Brazil,Asian,No,No,No,No,No
2890,82,Female,India,Asian,Yes,No,No,No,No
2891,32,Male,UK,African,Yes,No,No,No,No
2892,87,Female,UK,Asian,No,No,Yes,No,No
2893,43,Female,China,Middle Eastern,No,No,Yes,No,No
2894,73,Male,Japan,Caucasian,Yes,No,No,No,Yes
2895,61,Female,Russia,Hispanic,No,Yes,No,No,No
2896,31,Male,Nigeria,African,No,No,No,Yes,No
2897,36,Male,Russia,Caucasian,Yes,Yes,No,No,Yes
2898,82,Female,China,Middle Eastern,No,No,No,No,No
2899,83,Female,India,Caucasian,No,No,No,No,No
2900,51,Female,Japan,Caucasian,No,No,No,No,No
2901,63,Male,China,African,Yes,No,No,Yes,No
2902,27,Male,USA,Asian,No,Yes,Yes,No,No
2903,48,Female,China,Hispanic,No,No,No,No,No
2904,67,Female,USA,Caucasian,No,No,No,Yes,No
2905,65,Female,China,Hispanic,Yes,No,No,No,Yes
2906,17,Female,India,Caucasian,Yes,No,Yes,No,No
2907,56,Male,Japan,Caucasian,No,No,Yes,No,No
2908,46,Female,Russia,African,No,No,No,No,No
2909,65,Female,Brazil,Hispanic,Yes,No,No,No,No
2910,60,Female,South Korea,Asian,No,No,No,No,Yes
2911,35,Male,Russia,Asian,Yes,No,No,No,No
2912,58,Female,UK,Hispanic,No,No,No,Yes,No
2913,25,Female,India,Asian,No,No,Yes,No,No
2914,82,Female,Russia,Caucasian,No,No,No,No,Yes
2915,15,Male,UK,African,No,No,Yes,No,No
2916,77,Female,India,Caucasian,No,No,Yes,No,Yes
2917,38,Female,India,Asian,Yes,No,Yes,Yes,No
2918,27,Male,South Korea,Caucasian,No,No,No,No,No
2919,25,Female,Russia,Hispanic,Yes,Yes,No,No,Yes
2920,65,Male,Russia,Middle Eastern,Yes,No,Yes,No,Yes
2921,31,Female,Brazil,Caucasian,Yes,No,No,Yes,No
2922,38,Female,China,Hispanic,Yes,No,No,No,No
2923,33,Female,China,Middle Eastern,No,No,Yes,Yes,Yes
2924,51,Male,Japan,African,Yes,No,No,Yes,Yes
2925,22,Female,Brazil,Caucasian,No,No,No,No,Yes
2926,42,Female,UK,African,No,No,Yes,No,No
2927,19,Female,Russia,African,No,No,No,No,No
2928,31,Male,South Korea,African,Yes,No,No,No,No
2929,50,Male,Japan,Middle Eastern,Yes,No,No,No,Yes
2930,33,Female,China,Asian,No,No,No,No,No
2931,78,Female,Japan,Middle Eastern,Yes,No,No,No,No
2932,25,Male,India,African,No,No,No,Yes,Yes
2933,68,Male,Russia,Hispanic,No,No,Yes,No,No
2934,59,Male,China,Caucasian,No,Yes,No,No,No
2935,61,Female,India,African,Yes,Yes,Yes,No,No
2936,26,Female,Russia,Asian,No,No,No,Yes,No
2937,35,Female,India,Asian,No,No,No,No,No
2938,25,Female,China,Asian,No,No,No,Yes,No
2939,19,Male,South Korea,Caucasian,No,No,No,Yes,No
2940,70,Male,China,Asian,Yes,No,No,No,No
2941,34,Male,Brazil,Asian,No,No,No,No,No
2942,55,Female,Nigeria,Asian,No,Yes,No,No,Yes
2943,60,Male,India,African,Yes,No,Yes,Yes,Yes
2944,26,Female,China,Caucasian,Yes,Yes,No,Yes,No
2945,84,Female,Nigeria,Hispanic,No,No,No,No,No
2946,31,Female,India,Caucasian,No,No,Yes,Yes,Yes
2947,33,Female,Nigeria,Asian,No,No,No,No,Yes
2948,40,Female,India,Caucasian,No,No,No,No,No
2949,62,Female,Russia,Caucasian,No,No,No,Yes,Yes
2950,66,Male,India,Asian,No,No,No,No,No
2951,84,Male,Russia,African,No,No,No,No,No
2952,69,Male,UK,African,No,No,No,No,No
2953,89,Female,Nigeria,African,No,No,No,No,Yes
2954,47,Female,India,Caucasian,Yes,No,No,No,Yes
2955,76,Female,Russia,African,Yes,No,Yes,No,Yes
2956,37,Male,Brazil,Asian,No,No,No,No,Yes
2957,29,Male,Nigeria,Caucasian,No,No,No,No,Yes
2958,41,Female,Germany,African,No,No,Yes,No,No
2959,89,Male,Brazil,Caucasian,No,No,No,No,Yes
2960,78,Female,UK,Asian,No,No,No,No,No
2961,65,Male,Germany,Caucasian,No,No,No,Yes,Yes
2962,67,Female,UK,African,No,No,No,No,No
2963,65,Male,China,Asian,No,No,No,No,No
2964,61,Female,UK,Asian,Yes,No,No,Yes,No
2965,18,Male,South Korea,Hispanic,No,No,No,No,No
2966,21,Male,China,Asian,No,No,Yes,No,No
2967,49,Female,Russia,Middle Eastern,No,No,No,Yes,No
2968,62,Female,Germany,Middle Eastern,No,No,Yes,Yes,Yes
2969,87,Male,Russia,African,No,No,Yes,Yes,Yes
2970,86,Male,India,African,Yes,Yes,Yes,No,Yes
2971,59,Female,Brazil,Hispanic,No,No,No,Yes,No
2972,86,Female,China,African,No,No,No,Yes,Yes
2973,33,Female,Russia,African,No,Yes,No,No,No
2974,77,Male,Japan,Middle Eastern,Yes,No,No,No,Yes
2975,52,Male,China,Hispanic,Yes,No,Yes,No,No
2976,81,Female,UK,Caucasian,Yes,Yes,Yes,No,No
2977,73,Female,Japan,Caucasian,Yes,No,No,No,No
2978,83,Male,UK,Caucasian,No,No,Yes,Yes,Yes
2979,27,Male,China,African,No,No,Yes,No,No
2980,61,Female,Russia,Middle Eastern,No,Yes,No,No,No
2981,75,Female,India,African,Yes,No,No,No,No
2982,45,Female,China,Hispanic,No,No,Yes,No,Yes
2983,36,Male,India,Caucasian,Yes,No,Yes,No,No
2984,57,Female,India,African,No,Yes,No,No,Yes
2985,81,Female,China,Asian,Yes,Yes,No,No,No
2986,68,Female,Russia,Hispanic,Yes,Yes,Yes,No,Yes
2987,24,Female,Brazil,Caucasian,No,No,No,Yes,Yes
2988,56,Male,India,Asian,No,No,No,Yes,Yes
2989,78,Female,China,African,No,No,No,Yes,No
2990,35,Male,India,Middle Eastern,Yes,No,No,Yes,Yes
2991,80,Male,Nigeria,Middle Eastern,No,No,No,No,Yes
2992,55,Female,China,African,Yes,No,No,Yes,No
2993,38,Female,Russia,African,Yes,No,No,Yes,Yes
2994,49,Female,USA,Caucasian,No,No,No,No,No
2995,70,Male,Japan,Caucasian,No,No,Yes,No,No
2996,44,Female,USA,African,No,No,Yes,No,No
2997,71,Female,UK,Asian,No,No,No,Yes,Yes
2998,61,Female,India,Caucasian,No,No,No,No,No
2999,49,Male,India,Hispanic,Yes,No,No,No,No
3000,33,Female,Nigeria,Caucasian,No,No,No,No,No
3001,22,Female,India,Caucasian,No,No,No,Yes,No
3002,40,Female,India,Asian,No,No,Yes,No,No
3003,85,Female,Japan,Asian,No,Yes,No,Yes,No
3004,44,Female,Nigeria,Caucasian,No,No,Yes,No,No
3005,21,Female,China,African,No,No,No,No,Yes
3006,81,Female,Brazil,African,No,No,No,No,No
3007,79,Male,Japan,Hispanic,No,No,Yes,No,No
3008,50,Male,Germany,Caucasian,No,No,No,No,Yes
3009,39,Female,India,Asian,No,No,No,No,No
3010,51,Female,Russia,Asian,No,No,No,No,No
3011,15,Female,China,Hispanic,No,No,No,No,No
3012,29,Male,Nigeria,Asian,Yes,No,No,No,Yes
3013,51,Female,UK,Caucasian,No,No,No,No,No
3014,27,Female,Japan,Caucasian,No,No,Yes,No,No
3015,22,Female,China,Caucasian,No,No,Yes,No,No
3016,19,Female,Russia,Asian,Yes,No,Yes,No,No
3017,74,Male,India,Caucasian,No,No,No,Yes,No
3018,87,Female,Germany,African,No,Yes,No,No,No
3019,15,Female,China,African,No,No,No,No,No
3020,50,Male,India,Asian,No,No,No,No,No
3021,49,Female,UK,Caucasian,Yes,No,No,No,No
3022,80,Male,UK,Middle Eastern,No,Yes,No,Yes,Yes
3023,77,Male,Brazil,African,No,No,Yes,No,No
3024,37,Male,China,Middle Eastern,No,No,No,No,No
3025,23,Female,India,Asian,Yes,Yes,No,No,Yes
3026,48,Female,Japan,Middle Eastern,Yes,No,No,No,Yes
3027,60,Female,India,Caucasian,No,No,No,No,Yes
3028,18,Female,India,Caucasian,No,No,No,No,No
3029,44,Female,China,Asian,No,No,No,No,Yes
3030,89,Male,China,Hispanic,No,No,Yes,No,No
3031,86,Female,UK,African,No,Yes,Yes,No,No
3032,17,Male,Nigeria,Asian,No,No,No,Yes,No
3033,28,Female,China,Middle Eastern,No,No,Yes,Yes,No
3034,74,Female,India,Asian,No,Yes,No,No,No
3035,59,Female,Brazil,Hispanic,No,No,No,No,No
3036,48,Female,Russia,African,Yes,No,No,No,Yes
3037,59,Male,India,Caucasian,No,No,No,No,No
3038,75,Female,Russia,Caucasian,No,No,No,Yes,Yes
3039,30,Female,Japan,Hispanic,Yes,Yes,No,No,Yes
3040,80,Female,Nigeria,Hispanic,No,Yes,Yes,No,No
3041,54,Female,Nigeria,African,Yes,No,No,No,Yes
3042,31,Female,India,Caucasian,No,No,No,No,No
3043,48,Female,Germany,Caucasian,No,No,Yes,Yes,No
3044,30,Female,Russia,Caucasian,No,No,No,No,Yes
3045,74,Female,India,Hispanic,No,No,Yes,Yes,Yes
3046,80,Male,Nigeria,African,No,Yes,No,No,Yes
3047,80,Male,Russia,Caucasian,No,No,No,Yes,No
3048,27,Female,Nigeria,Hispanic,No,No,No,No,No
3049,70,Female,India,Asian,No,No,No,Yes,No
3050,45,Female,Russia,Caucasian,No,No,Yes,No,Yes
3051,48,Female,Nigeria,African,No,No,No,No,No
3052,53,Female,Russia,Caucasian,Yes,No,No,No,No
3053,81,Female,Russia,African,No,No,No,Yes,No
3054,22,Female,India,Caucasian,No,Yes,No,No,No
3055,69,Male,Russia,Asian,No,No,No,No,No
3056,41,Female,USA,Asian,Yes,No,No,No,No
3057,67,Female,Brazil,African,No,No,No,No,Yes
3058,53,Male,Nigeria,Asian,No,No,No,No,No
3059,79,Female,China,Middle Eastern,No,Yes,No,No,No
3060,31,Male,China,Caucasian,No,No,No,No,No
3061,44,Female,Russia,Asian,Yes,No,No,No,Yes
3062,67,Male,Russia,Middle Eastern,Yes,No,No,No,No
3063,27,Male,Germany,African,No,No,No,No,Yes
3064,35,Female,Brazil,Caucasian,No,No,No,No,No
3065,33,Female,Nigeria,Hispanic,No,Yes,No,No,Yes
3066,67,Female,India,Hispanic,Yes,No,Yes,No,No
3067,33,Female,China,Caucasian,Yes,No,No,No,No
3068,71,Female,China,Caucasian,Yes,No,No,No,No
3069,39,Female,Nigeria,African,No,No,Yes,Yes,No
3070,45,Male,Germany,Hispanic,Yes,No,No,No,Yes
3071,69,Female,South Korea,Asian,No,No,Yes,No,No
3072,37,Male,India,Asian,No,No,No,Yes,No
3073,46,Female,India,Caucasian,No,No,No,Yes,No
3074,76,Female,Brazil,Caucasian,No,No,No,No,No
3075,88,Female,UK,African,Yes,No,Yes,No,No
3076,24,Female,South Korea,Caucasian,Yes,No,No,Yes,Yes
3077,86,Male,India,Caucasian,No,No,No,No,No
3078,68,Female,Nigeria,Hispanic,No,Yes,No,No,Yes
3079,66,Female,China,Asian,No,No,Yes,No,No
3080,34,Female,Nigeria,Hispanic,No,No,No,No,No
3081,46,Female,Nigeria,African,Yes,No,No,No,No
3082,28,Female,India,Caucasian,Yes,No,Yes,No,No
3083,64,Male,Brazil,Hispanic,No,No,No,No,No
3084,42,Female,South Korea,Asian,Yes,Yes,No,No,Yes
3085,67,Female,Germany,Caucasian,No,No,No,Yes,No
3086,38,Male,Nigeria,Asian,Yes,No,Yes,No,Yes
3087,36,Male,India,Hispanic,No,No,Yes,Yes,No
3088,44,Male,UK,Caucasian,No,Yes,No,No,No
3089,77,Female,USA,Asian,No,No,Yes,No,No
3090,18,Male,Nigeria,Hispanic,No,No,Yes,No,No
3091,73,Male,Brazil,Middle Eastern,Yes,No,No,No,No
3092,22,Male,Brazil,African,No,No,No,No,No
3093,26,Female,China,Caucasian,No,Yes,No,No,Yes
3094,45,Male,China,African,No,No,Yes,No,No
3095,48,Female,Nigeria,Asian,No,No,No,No,No
3096,89,Male,India,Asian,No,No,Yes,No,No
3097,63,Male,South Korea,Middle Eastern,Yes,No,No,No,No
3098,71,Female,China,Hispanic,No,No,No,Yes,Yes
3099,40,Female,Brazil,African,No,No,No,No,No
3100,32,Female,Japan,Caucasian,Yes,Yes,No,Yes,No
3101,52,Male,Brazil,Caucasian,Yes,No,No,No,No
3102,64,Male,Nigeria,Caucasian,No,No,No,No,No
3103,22,Female,India,Asian,No,No,No,No,No
3104,55,Female,India,Caucasian,No,No,Yes,No,No
3105,20,Female,India,Hispanic,Yes,No,No,No,No
3106,83,Female,Germany,Asian,No,Yes,Yes,No,No
3107,58,Male,Brazil,Asian,No,No,Yes,Yes,No
3108,78,Female,India,Caucasian,Yes,No,No,No,No
3109,43,Female,Brazil,Hispanic,No,No,Yes,No,No
3110,42,Female,India,African,No,No,No,Yes,No
3111,25,Female,India,Caucasian,No,No,Yes,No,No
3112,79,Female,Russia,Caucasian,Yes,No,No,No,Yes
3113,33,Male,India,Asian,No,No,No,No,No
3114,23,Female,Japan,African,No,No,No,No,No
3115,41,Male,India,African,No,No,No,No,Yes
3116,48,Female,Brazil,Caucasian,No,No,No,No,Yes
3117,58,Female,South Korea,Asian,No,Yes,No,No,No
3118,82,Female,Japan,Caucasian,Yes,No,No,No,Yes
3119,29,Male,Japan,Hispanic,Yes,No,No,No,No
3120,65,Male,Russia,Hispanic,No,No,Yes,No,No
3121,27,Female,India,African,No,No,No,No,No
3122,63,Male,China,Caucasian,No,No,No,No,No
3123,84,Female,USA,Caucasian,No,No,No,Yes,No
3124,70,Male,Brazil,African,Yes,No,No,No,Yes
3125,65,Male,China,Hispanic,Yes,No,No,No,No
3126,51,Female,India,African,Yes,No,No,No,No
3127,31,Female,India,African,No,No,No,No,No
3128,72,Female,Nigeria,Asian,Yes,No,No,No,No
3129,43,Male,India,Hispanic,Yes,No,No,No,No
3130,47,Male,India,African,Yes,No,No,No,No
3131,74,Female,China,African,Yes,No,No,No,Yes
3132,69,Male,India,Hispanic,No,No,No,No,Yes
3133,24,Male,USA,Caucasian,No,No,No,No,Yes
3134,61,Male,India,Middle Eastern,Yes,No,No,No,No
3135,37,Female,China,Hispanic,Yes,No,No,No,No
3136,35,Female,UK,Middle Eastern,No,No,No,No,No
3137,27,Male,Nigeria,Middle Eastern,No,No,No,No,No
3138,47,Female,Nigeria,African,No,Yes,Yes,No,No
3139,38,Female,UK,Asian,No,Yes,Yes,No,No
3140,25,Female,Germany,Hispanic,No,No,Yes,No,No
3141,31,Male,China,Asian,No,No,No,No,Yes
3142,82,Male,India,African,Yes,No,No,No,Yes
3143,61,Female,Nigeria,Caucasian,No,No,No,Yes,No
3144,39,Male,South Korea,Caucasian,No,No,No,No,No
3145,87,Female,USA,Caucasian,No,No,No,No,Yes
3146,35,Female,Brazil,Caucasian,Yes,No,No,No,Yes
3147,26,Female,South Korea,Asian,No,No,No,No,No
3148,51,Female,Nigeria,Middle Eastern,Yes,No,Yes,Yes,No
3149,56,Female,India,African,No,No,No,No,No
3150,31,Female,India,Hispanic,Yes,No,No,No,No
3151,62,Female,Brazil,Asian,No,No,No,Yes,No
3152,42,Male,UK,Caucasian,No,No,No,No,No
3153,55,Female,China,Hispanic,No,No,No,No,No
3154,61,Male,Germany,Middle Eastern,No,No,No,No,No
3155,32,Female,Brazil,Asian,No,No,No,No,No
3156,85,Male,China,Middle Eastern,No,Yes,No,No,No
3157,27,Male,Brazil,Middle Eastern,Yes,No,Yes,No,No
3158,27,Female,Nigeria,African,No,No,No,No,No
3159,45,Female,China,Asian,No,No,No,No,Yes
3160,16,Female,Japan,Middle Eastern,No,No,No,No,No
3161,30,Male,Nigeria,Asian,No,No,No,No,No
3162,23,Female,China,African,Yes,Yes,No,No,No
3163,87,Male,China,African,Yes,No,Yes,No,No
3164,52,Male,Russia,Caucasian,Yes,No,No,No,Yes
3165,89,Female,Nigeria,Asian,Yes,Yes,No,Yes,No
3166,68,Male,Germany,Asian,Yes,No,Yes,No,No
3167,70,Male,Russia,Caucasian,Yes,No,No,No,Yes
3168,59,Male,India,Caucasian,Yes,No,No,No,No
3169,48,Female,Russia,Asian,Yes,No,No,Yes,No
3170,23,Female,Russia,Caucasian,Yes,No,Yes,Yes,No
3171,22,Female,Germany,Caucasian,No,Yes,Yes,No,No
3172,21,Female,Japan,Asian,No,No,Yes,No,No
3173,50,Female,India,Middle Eastern,No,No,No,No,Yes
3174,32,Male,Nigeria,Asian,Yes,Yes,No,Yes,Yes
3175,17,Male,Nigeria,African,No,No,Yes,Yes,No
3176,42,Female,South Korea,Caucasian,No,No,No,No,No
3177,84,Female,India,Hispanic,No,Yes,No,No,No
3178,58,Male,China,Caucasian,No,No,No,Yes,Yes
3179,35,Male,Brazil,Asian,No,No,No,Yes,No
3180,42,Female,Nigeria,Caucasian,No,No,No,No,Yes
3181,68,Female,Russia,Asian,No,Yes,No,Yes,No
3182,68,Male,Brazil,Caucasian,No,No,No,Yes,Yes
3183,79,Female,Germany,Middle Eastern,No,Yes,No,No,Yes
3184,35,Male,China,Asian,No,No,Yes,No,No
3185,27,Female,Nigeria,African,No,No,No,No,No
3186,71,Male,UK,Caucasian,Yes,No,No,No,No
3187,63,Female,Nigeria,Caucasian,No,No,No,Yes,Yes
3188,68,Male,China,Asian,No,Yes,No,Yes,No
3189,24,Female,South Korea,Hispanic,No,No,No,No,No
3190,67,Female,Russia,Hispanic,No,No,No,Yes,No
3191,58,Female,China,Asian,Yes,No,No,No,No
3192,61,Female,India,African,Yes,No,No,No,No
3193,67,Female,Japan,Hispanic,Yes,No,Yes,No,Yes
3194,88,Male,USA,Caucasian,Yes,No,No,No,No
3195,60,Male,India,Asian,Yes,No,No,No,Yes
3196,27,Male,USA,Asian,No,No,No,No,Yes
3197,51,Male,Japan,Asian,No,No,No,No,No
3198,38,Male,Nigeria,Caucasian,No,No,Yes,No,No
3199,16,Female,Brazil,Caucasian,Yes,No,No,No,Yes
3200,28,Male,Germany,Caucasian,No,No,No,No,No
3201,24,Female,India,Hispanic,No,No,No,Yes,No
3202,49,Female,Nigeria,African,No,Yes,No,No,No
3203,39,Female,Nigeria,Caucasian,Yes,No,No,No,No
3204,17,Female,Japan,African,Yes,No,No,No,Yes
3205,31,Female,China,Caucasian,No,No,No,No,No
3206,26,Male,Brazil,African,Yes,No,No,No,No
3207,68,Female,South Korea,Asian,Yes,No,No,No,No
3208,38,Male,China,Asian,No,Yes,No,No,No
3209,43,Female,Brazil,Hispanic,No,No,No,Yes,No
3210,57,Female,China,Asian,No,No,No,No,No
3211,39,Male,China,Caucasian,No,No,No,Yes,Yes
3212,74,Male,India,Asian,No,No,No,Yes,Yes
3213,79,Male,USA,Caucasian,No,No,No,No,Yes
3214,42,Male,USA,African,No,No,No,Yes,Yes
3215,30,Female,USA,Asian,No,No,No,Yes,No
3216,61,Male,Japan,Caucasian,Yes,No,No,No,No
3217,72,Female,China,Asian,No,No,Yes,No,No
3218,41,Male,Russia,Asian,Yes,Yes,Yes,No,Yes
3219,67,Female,Nigeria,Caucasian,Yes,No,No,No,No
3220,56,Female,India,Asian,No,No,Yes,Yes,Yes
3221,73,Male,Nigeria,Caucasian,No,No,Yes,Yes,No
3222,61,Male,India,Caucasian,No,No,No,No,No
3223,48,Female,Japan,Asian,Yes,Yes,Yes,No,No
3224,51,Male,China,Caucasian,No,No,No,No,No
3225,20,Female,China,Caucasian,No,No,No,No,No
3226,21,Female,South Korea,Caucasian,No,No,No,No,No
3227,39,Female,Japan,African,Yes,No,No,No,No
3228,47,Male,USA,Hispanic,No,No,Yes,No,Yes
3229,69,Male,China,African,No,Yes,Yes,No,Yes
3230,72,Female,USA,African,No,No,No,No,No
3231,21,Male,India,Caucasian,No,Yes,No,No,Yes
3232,71,Female,UK,Asian,No,No,Yes,No,No
3233,26,Female,Russia,African,Yes,No,Yes,No,No
3234,30,Male,Russia,Caucasian,No,No,Yes,No,No
3235,57,Female,Japan,Middle Eastern,No,No,No,No,No
3236,21,Male,Brazil,Middle Eastern,No,No,No,No,Yes
3237,65,Female,South Korea,Middle Eastern,No,No,No,No,Yes
3238,87,Female,Russia,Caucasian,No,No,Yes,No,No
3239,46,Male,Nigeria,Caucasian,Yes,No,No,Yes,Yes
3240,89,Female,Russia,Asian,No,No,No,Yes,No
3241,22,Male,Brazil,African,No,No,Yes,No,No
3242,86,Female,UK,Asian,No,Yes,No,Yes,No
3243,59,Female,Germany,Middle Eastern,No,No,No,No,No
3244,73,Male,Russia,Asian,Yes,No,No,No,Yes
3245,18,Female,Japan,Hispanic,Yes,No,No,No,No
3246,81,Female,South Korea,Asian,Yes,No,No,No,No
3247,43,Female,Nigeria,Asian,No,No,No,No,No
3248,43,Female,Nigeria,African,No,No,No,No,Yes
3249,42,Male,South Korea,Caucasian,No,No,No,No,No
3250,58,Female,Japan,African,No,No,No,Yes,No
3251,18,Female,India,Asian,Yes,No,No,No,No
3252,23,Male,China,African,Yes,No,No,No,No
3253,19,Male,Nigeria,African,No,No,Yes,No,No
3254,70,Male,Brazil,African,Yes,No,No,No,No
3255,64,Male,China,Caucasian,No,Yes,No,No,No
3256,89,Male,South Korea,Middle Eastern,Yes,Yes,No,No,No
3257,29,Male,India,African,No,No,No,No,Yes
3258,46,Male,Brazil,African,No,No,No,No,No
3259,42,Female,Russia,African,No,No,No,No,Yes
3260,36,Male,South Korea,Asian,Yes,No,No,No,No
3261,31,Male,UK,Middle Eastern,No,No,No,No,No
3262,73,Male,India,Caucasian,No,No,No,No,No
3263,85,Male,Russia,African,Yes,No,No,No,No
3264,71,Female,Germany,Caucasian,No,Yes,No,No,No
3265,40,Female,China,Asian,Yes,No,No,No,No
3266,39,Female,USA,Caucasian,Yes,No,No,No,No
3267,24,Female,Brazil,African,No,No,No,No,No
3268,59,Female,Brazil,Middle Eastern,Yes,Yes,No,No,No
3269,25,Female,Brazil,Hispanic,No,Yes,No,No,Yes
3270,67,Male,China,Caucasian,No,No,No,No,No
3271,86,Male,Brazil,Hispanic,No,No,Yes,Yes,No
3272,82,Female,South Korea,Caucasian,No,Yes,Yes,Yes,No
3273,42,Female,India,Hispanic,Yes,No,No,No,No
3274,89,Female,Nigeria,African,No,No,No,No,No
3275,79,Male,India,Asian,Yes,No,No,No,Yes
3276,63,Female,USA,Caucasian,No,Yes,No,No,No
3277,61,Female,UK,Asian,Yes,No,No,No,No
3278,66,Female,Nigeria,Caucasian,Yes,No,No,No,No
3279,68,Female,Brazil,Asian,No,No,No,Yes,No
3280,74,Male,USA,Caucasian,No,Yes,No,No,No
3281,71,Female,Russia,Hispanic,No,No,Yes,No,Yes
3282,61,Female,Germany,Caucasian,No,No,No,No,No
3283,45,Female,South Korea,Asian,Yes,No,Yes,No,Yes
3284,60,Female,UK,Asian,No,No,No,No,No
3285,40,Male,Russia,African,No,No,No,No,Yes
3286,19,Male,Russia,African,Yes,Yes,No,No,No
3287,66,Female,USA,African,Yes,No,Yes,No,No
3288,89,Male,Brazil,Caucasian,No,Yes,No,No,No
3289,68,Male,India,Caucasian,No,No,No,No,No
3290,47,Female,China,Middle Eastern,Yes,No,No,No,Yes
3291,64,Female,China,Caucasian,No,No,No,No,No
3292,52,Male,India,African,No,No,No,No,No
3293,41,Female,Nigeria,Asian,Yes,No,No,No,No
3294,29,Female,China,Caucasian,No,No,No,Yes,No
3295,75,Female,India,Caucasian,Yes,Yes,No,No,No
3296,35,Male,China,Hispanic,Yes,Yes,No,Yes,Yes
3297,60,Female,Japan,Middle Eastern,No,No,No,Yes,No
3298,83,Male,Russia,Caucasian,No,No,No,No,No
3299,20,Female,Brazil,Hispanic,No,No,No,No,Yes
3300,52,Female,China,Hispanic,No,Yes,No,No,Yes
3301,76,Male,India,Caucasian,No,No,No,No,Yes
3302,76,Female,India,African,Yes,No,No,No,No
3303,88,Male,China,Asian,Yes,No,No,No,Yes
3304,60,Female,Germany,Caucasian,No,No,No,No,Yes
3305,27,Female,India,African,No,No,No,No,No
3306,17,Female,Japan,Middle Eastern,No,No,No,Yes,Yes
3307,20,Female,Nigeria,African,No,No,No,Yes,Yes
3308,22,Male,China,Caucasian,No,No,No,No,No
3309,58,Female,USA,African,Yes,No,Yes,No,Yes
3310,47,Female,India,African,No,No,No,Yes,Yes
3311,89,Male,India,Asian,Yes,No,No,Yes,No
3312,64,Female,Russia,Asian,No,No,No,No,No
3313,25,Male,China,Caucasian,No,No,No,No,No
3314,42,Female,Brazil,Caucasian,No,No,No,No,No
3315,84,Male,USA,Middle Eastern,Yes,No,No,No,Yes
3316,55,Female,South Korea,Asian,No,No,No,Yes,No
3317,30,Male,Germany,Middle Eastern,Yes,No,No,No,Yes
3318,82,Male,Nigeria,African,No,No,No,No,Yes
3319,62,Female,China,African,No,No,Yes,No,No
3320,70,Female,Brazil,Middle Eastern,No,No,No,Yes,No
3321,78,Female,Brazil,Caucasian,No,No,Yes,No,No
3322,73,Male,Nigeria,Caucasian,Yes,Yes,No,No,No
3323,76,Female,India,Middle Eastern,No,No,No,No,Yes
3324,25,Female,India,Asian,No,Yes,Yes,Yes,Yes
3325,32,Female,India,Caucasian,No,No,No,No,Yes
3326,33,Male,South Korea,Asian,No,No,No,Yes,No
3327,69,Male,South Korea,African,No,No,No,No,No
3328,40,Female,Germany,Asian,No,No,No,No,No
3329,20,Male,Nigeria,Caucasian,No,No,No,No,No
3330,18,Female,UK,Caucasian,No,No,No,No,No
3331,43,Male,Brazil,Caucasian,Yes,No,Yes,Yes,Yes
3332,73,Female,Nigeria,Caucasian,No,No,No,No,Yes
3333,31,Female,Nigeria,Hispanic,No,No,No,No,No
3334,57,Female,Germany,Caucasian,No,Yes,Yes,No,No
3335,80,Female,China,Hispanic,No,No,No,Yes,Yes
3336,48,Female,South Korea,Caucasian,Yes,No,Yes,No,Yes
3337,22,Male,Russia,Caucasian,No,No,No,No,No
3338,27,Female,Nigeria,Caucasian,No,Yes,No,No,No
3339,22,Male,India,Caucasian,No,No,Yes,No,Yes
3340,79,Female,China,Asian,No,No,No,No,Yes
3341,57,Female,Russia,Caucasian,No,No,No,No,No
3342,53,Female,UK,Hispanic,Yes,No,No,No,Yes
3343,73,Male,South Korea,African,No,No,Yes,Yes,Yes
3344,58,Male,India,Asian,Yes,No,No,No,No
3345,23,Female,India,Asian,No,No,No,No,Yes
3346,51,Female,UK,Caucasian,No,No,Yes,No,No
3347,88,Female,Russia,Caucasian,No,No,Yes,No,No
3348,50,Female,UK,Asian,No,No,No,No,No
3349,42,Male,UK,Caucasian,Yes,No,No,No,No
3350,56,Female,India,Asian,No,No,No,No,No
3351,57,Male,Brazil,African,Yes,No,No,No,Yes
3352,56,Male,China,Caucasian,No,No,Yes,No,No
3353,80,Male,Russia,African,Yes,Yes,No,No,No
3354,69,Female,China,Asian,No,Yes,No,No,Yes
3355,86,Male,Nigeria,Caucasian,No,No,No,No,No
3356,62,Female,Brazil,Caucasian,Yes,No,No,No,No
3357,36,Female,Nigeria,Asian,Yes,No,No,Yes,No
3358,41,Male,Germany,Middle Eastern,No,Yes,Yes,No,No
3359,81,Male,UK,African,No,No,No,Yes,No
3360,27,Female,India,Caucasian,No,No,No,No,No
3361,59,Female,South Korea,Hispanic,No,No,No,No,No
3362,24,Female,Nigeria,Asian,No,No,Yes,No,No
3363,23,Male,Russia,Caucasian,Yes,No,Yes,No,No
3364,68,Female,Japan,Caucasian,Yes,No,Yes,No,Yes
3365,41,Male,Japan,Caucasian,No,No,Yes,No,No
3366,48,Male,India,Caucasian,No,No,No,No,No
3367,15,Female,Nigeria,Middle Eastern,No,No,No,No,Yes
3368,46,Male,India,Hispanic,No,No,No,No,Yes
3369,85,Male,Nigeria,Asian,Yes,No,No,No,Yes
3370,81,Female,Nigeria,Asian,No,No,Yes,No,No
3371,34,Female,Nigeria,African,No,Yes,No,No,No
3372,49,Male,India,African,No,No,No,No,Yes
3373,31,Male,Germany,Caucasian,No,No,No,No,No
3374,32,Male,Germany,African,No,No,No,No,Yes
3375,59,Male,Russia,African,Yes,No,Yes,Yes,No
3376,67,Female,Russia,Caucasian,No,No,No,No,Yes
3377,82,Female,India,Caucasian,No,Yes,No,No,No
3378,79,Male,Germany,African,Yes,No,No,No,No
3379,15,Female,China,Caucasian,Yes,No,No,No,Yes
3380,72,Female,China,Caucasian,No,No,No,No,No
3381,40,Female,Nigeria,Asian,No,No,No,No,No
3382,34,Male,Nigeria,Caucasian,Yes,No,No,No,Yes
3383,24,Male,China,Middle Eastern,No,No,Yes,No,No
3384,73,Female,China,Asian,No,Yes,No,Yes,Yes
3385,89,Male,Germany,Asian,No,Yes,No,No,No
3386,55,Female,China,Asian,No,No,No,No,No
3387,19,Female,Nigeria,African,Yes,No,No,No,Yes
3388,79,Female,Germany,Asian,No,No,Yes,No,No
3389,31,Male,UK,Middle Eastern,Yes,No,Yes,No,No
3390,36,Male,South Korea,Caucasian,No,No,Yes,No,No
3391,55,Female,Japan,Middle Eastern,No,No,No,No,Yes
3392,82,Male,USA,Caucasian,Yes,No,Yes,No,No
3393,83,Female,India,Caucasian,No,No,Yes,No,No
3394,25,Female,Germany,Asian,No,No,No,No,Yes
3395,70,Female,India,Caucasian,No,Yes,Yes,No,No
3396,65,Male,India,African,No,No,Yes,No,No
3397,35,Male,India,Hispanic,No,No,No,No,No
3398,40,Male,South Korea,Caucasian,Yes,No,No,No,No
3399,33,Female,South Korea,Caucasian,Yes,No,No,No,No
3400,74,Female,UK,Caucasian,No,No,No,No,No
3401,85,Female,Japan,African,No,No,No,No,No
3402,61,Female,USA,African,Yes,No,Yes,No,No
3403,85,Male,Russia,Caucasian,No,No,Yes,No,Yes
3404,40,Female,Germany,Hispanic,No,No,No,No,Yes
3405,54,Male,Japan,Caucasian,Yes,No,No,No,No
3406,19,Male,China,Middle Eastern,Yes,No,No,No,No
3407,35,Female,Nigeria,Hispanic,No,No,No,No,Yes
3408,18,Male,Japan,Caucasian,Yes,No,Yes,Yes,No
3409,37,Male,USA,African,Yes,No,No,No,No
3410,29,Male,India,African,Yes,No,Yes,No,No
3411,22,Female,India,Caucasian,Yes,No,No,No,No
3412,55,Female,India,Asian,Yes,No,No,Yes,No
3413,33,Female,India,Hispanic,No,No,No,Yes,No
3414,60,Male,USA,Hispanic,No,No,Yes,No,Yes
3415,42,Female,Nigeria,Asian,No,No,No,No,No
3416,82,Male,Nigeria,African,No,Yes,No,No,No
3417,29,Female,China,Caucasian,No,No,No,Yes,No
3418,51,Male,Russia,Caucasian,No,No,Yes,No,No
3419,15,Male,Germany,Caucasian,No,Yes,No,Yes,Yes
3420,81,Female,Brazil,Asian,No,Yes,No,No,No
3421,38,Male,Brazil,African,Yes,No,No,No,Yes
3422,41,Female,South Korea,Hispanic,Yes,No,No,No,No
3423,54,Female,Germany,Caucasian,No,No,Yes,No,No
3424,77,Female,Russia,Asian,No,No,No,No,Yes
3425,75,Male,UK,Asian,Yes,No,No,No,No
3426,50,Male,UK,Caucasian,No,No,No,No,No
3427,38,Male,South Korea,Caucasian,No,No,No,No,No
3428,38,Male,Germany,Hispanic,Yes,No,No,No,No
3429,18,Male,USA,African,No,No,No,No,No
3430,81,Female,Germany,Caucasian,No,Yes,No,No,No
3431,48,Female,Russia,African,Yes,No,No,No,No
3432,71,Female,India,Hispanic,No,No,No,No,No
3433,63,Female,India,African,No,No,No,No,Yes
3434,67,Female,India,Caucasian,No,No,No,No,Yes
3435,37,Male,China,Hispanic,No,No,No,No,No
3436,83,Female,Nigeria,Caucasian,No,No,No,No,No
3437,67,Female,Russia,Hispanic,No,No,No,No,No
3438,76,Male,Germany,Caucasian,Yes,No,No,No,No
3439,55,Female,Brazil,African,No,No,Yes,No,No
3440,71,Male,China,African,No,No,No,Yes,Yes
3441,74,Female,India,Caucasian,No,No,Yes,No,No
3442,68,Male,Nigeria,Hispanic,No,No,Yes,No,No
3443,84,Male,China,Hispanic,No,No,Yes,No,No
3444,71,Male,India,African,No,Yes,Yes,No,No
3445,24,Male,India,Caucasian,No,No,No,Yes,Yes
3446,54,Female,China,Caucasian,No,No,No,No,No
3447,21,Male,China,Caucasian,No,No,No,No,No
3448,52,Male,South Korea,Caucasian,No,No,No,No,Yes
3449,75,Female,Brazil,Asian,No,No,No,No,No
3450,17,Male,India,African,No,No,No,Yes,No
3451,65,Female,Germany,Asian,No,No,No,No,No
3452,61,Female,Russia,Caucasian,Yes,Yes,No,No,No
3453,82,Female,India,Hispanic,No,No,No,No,No
3454,52,Female,Japan,African,Yes,No,No,No,No
3455,50,Female,Brazil,African,No,No,Yes,No,Yes
3456,55,Female,Russia,Middle Eastern,Yes,No,Yes,No,No
3457,83,Female,Brazil,Caucasian,No,No,No,No,Yes
3458,27,Male,Russia,Asian,Yes,No,No,No,Yes
3459,72,Female,China,Asian,Yes,No,No,No,Yes
3460,64,Female,Japan,Caucasian,Yes,No,No,No,No
3461,44,Male,India,African,Yes,No,No,No,Yes
3462,76,Female,India,Asian,No,No,No,No,Yes
3463,39,Female,Nigeria,Caucasian,Yes,No,No,No,Yes
3464,41,Male,India,Asian,No,Yes,No,No,Yes
3465,65,Female,USA,Hispanic,No,Yes,No,Yes,No
3466,71,Female,India,Hispanic,No,No,No,No,No
3467,61,Male,Nigeria,Hispanic,No,No,Yes,No,No
3468,53,Male,Germany,African,Yes,No,No,No,No
3469,30,Male,Russia,Hispanic,No,No,Yes,No,Yes
3470,36,Male,Japan,African,No,No,Yes,Yes,Yes
3471,68,Male,Germany,Caucasian,No,No,Yes,No,No
3472,35,Male,India,Caucasian,Yes,No,No,Yes,Yes
3473,86,Female,India,African,Yes,No,Yes,No,No
3474,30,Male,Russia,African,No,No,No,No,No
3475,73,Female,Nigeria,Hispanic,No,No,Yes,Yes,No
3476,45,Female,India,Asian,Yes,No,No,No,No
3477,56,Female,Nigeria,Asian,No,No,No,No,No
3478,88,Female,Nigeria,African,No,No,No,No,Yes
3479,46,Female,Russia,Hispanic,No,No,No,No,Yes
3480,73,Male,Russia,Caucasian,No,No,Yes,Yes,No
3481,48,Male,India,Caucasian,No,No,No,No,No
3482,23,Male,South Korea,Hispanic,No,No,No,No,Yes
3483,25,Male,Nigeria,Caucasian,Yes,No,No,No,Yes
3484,24,Male,South Korea,Asian,No,No,No,No,Yes
3485,31,Female,USA,African,Yes,No,No,Yes,Yes
3486,82,Female,China,African,No,No,No,No,No
3487,62,Female,Russia,Asian,No,No,No,Yes,No
3488,66,Female,Nigeria,Asian,Yes,No,No,No,No
3489,39,Male,Nigeria,Hispanic,Yes,No,No,No,No
3490,35,Male,Russia,Caucasian,No,No,No,No,Yes
3491,79,Female,Germany,Caucasian,No,No,No,No,Yes
3492,77,Female,Nigeria,African,Yes,No,No,No,Yes
3493,65,Male,Nigeria,African,No,No,Yes,No,Yes
3494,50,Male,China,Caucasian,No,No,Yes,No,No
3495,80,Female,South Korea,Caucasian,Yes,No,No,No,Yes
3496,29,Male,China,Caucasian,No,No,No,Yes,Yes
3497,53,Male,China,African,No,No,Yes,No,Yes
3498,84,Female,Brazil,Middle Eastern,Yes,No,No,No,Yes
3499,15,Female,USA,African,No,Yes,No,No,No
3500,37,Male,Nigeria,Caucasian,No,No,No,No,Yes
3501,53,Female,Russia,Hispanic,No,No,No,No,No
3502,71,Female,China,Caucasian,No,No,Yes,No,No
3503,48,Female,Russia,African,No,Yes,Yes,No,No
3504,55,Male,Germany,Hispanic,Yes,No,No,No,No
3505,87,Male,UK,Caucasian,No,No,No,No,Yes
3506,27,Female,India,Asian,No,No,No,No,Yes
3507,84,Male,Nigeria,Asian,No,No,No,No,Yes
3508,20,Male,Nigeria,African,No,No,No,No,Yes
3509,66,Female,India,Caucasian,No,Yes,No,No,No
3510,17,Male,UK,African,No,No,Yes,No,Yes
3511,77,Male,Germany,Caucasian,Yes,No,No,No,No
3512,63,Male,Germany,Hispanic,Yes,No,Yes,No,No
3513,61,Female,Nigeria,African,No,No,Yes,Yes,No
3514,69,Female,Brazil,Caucasian,No,No,No,No,No
3515,78,Female,Nigeria,Hispanic,No,Yes,No,No,No
3516,79,Female,China,Caucasian,No,No,No,Yes,Yes
3517,81,Male,China,Caucasian,No,No,No,Yes,No
3518,29,Female,China,Hispanic,No,No,No,No,Yes
3519,46,Male,USA,Asian,No,No,No,No,No
3520,82,Male,China,Asian,No,No,No,No,Yes
3521,32,Female,Japan,Caucasian,No,No,No,Yes,No
3522,57,Female,China,Caucasian,No,No,No,No,No
3523,49,Male,USA,Middle Eastern,Yes,No,Yes,No,No
3524,72,Female,Nigeria,Caucasian,Yes,No,No,Yes,No
3525,47,Male,China,Caucasian,No,No,No,Yes,No
3526,28,Female,Brazil,African,Yes,No,No,No,No
3527,48,Male,India,Middle Eastern,No,No,No,No,Yes
3528,75,Female,India,Asian,Yes,No,No,No,No
3529,18,Female,Russia,Asian,Yes,Yes,Yes,No,No
3530,73,Male,Germany,African,No,No,No,No,No
3531,43,Male,India,Caucasian,No,No,Yes,No,No
3532,20,Female,Nigeria,African,Yes,Yes,No,Yes,Yes
3533,63,Female,India,African,No,No,No,Yes,No
3534,54,Female,UK,Asian,Yes,No,No,No,No
3535,79,Female,UK,African,No,No,No,No,No
3536,83,Male,Russia,Asian,Yes,No,No,No,Yes
3537,41,Male,Nigeria,Asian,Yes,No,No,No,No
3538,20,Female,Germany,Caucasian,No,No,No,No,Yes
3539,27,Female,Nigeria,Asian,No,No,No,Yes,No
3540,78,Male,India,Hispanic,No,No,No,No,Yes
3541,76,Female,Japan,African,Yes,Yes,No,No,No
3542,33,Female,UK,Asian,Yes,Yes,No,No,No
3543,57,Male,China,Caucasian,No,No,No,No,No
3544,88,Female,India,Hispanic,No,No,No,No,No
3545,34,Female,India,Asian,Yes,No,No,No,No
3546,82,Male,Russia,Hispanic,No,No,No,No,Yes
3547,58,Male,Nigeria,African,No,No,No,No,No
3548,37,Female,China,Hispanic,Yes,No,No,No,No
3549,16,Male,South Korea,African,No,No,Yes,No,Yes
3550,36,Female,Brazil,Middle Eastern,No,No,No,No,No
3551,71,Female,Brazil,Caucasian,No,Yes,No,No,Yes
3552,86,Female,Nigeria,Asian,No,No,No,Yes,No
3553,21,Male,Brazil,African,No,No,Yes,Yes,Yes
3554,70,Female,Germany,African,No,No,No,No,No
3555,81,Female,Japan,African,No,No,No,No,No
3556,30,Female,Japan,Caucasian,No,No,No,No,Yes
3557,65,Female,Russia,Asian,No,No,No,No,No
3558,86,Female,Nigeria,Middle Eastern,No,No,No,No,No
3559,26,Male,Brazil,Asian,Yes,No,No,No,Yes
3560,67,Male,Nigeria,Caucasian,No,No,No,No,No
3561,89,Female,Japan,Middle Eastern,No,No,No,No,No
3562,19,Female,India,Caucasian,No,No,No,No,No
3563,41,Male,China,Asian,No,No,No,Yes,No
3564,26,Female,Japan,Asian,No,No,No,No,Yes
3565,31,Female,China,Hispanic,Yes,No,Yes,Yes,No
3566,20,Female,Nigeria,Caucasian,No,No,No,No,No
3567,19,Female,UK,Asian,No,No,No,No,Yes
3568,71,Male,Nigeria,African,No,Yes,Yes,Yes,No
3569,42,Female,Japan,Hispanic,No,No,No,No,No
3570,83,Female,South Korea,Middle Eastern,No,Yes,No,No,Yes
3571,73,Male,South Korea,African,No,No,No,No,No
3572,47,Male,Russia,Hispanic,Yes,No,No,No,No
3573,76,Male,Germany,Caucasian,No,No,No,No,No
3574,64,Female,India,Hispanic,No,No,No,No,No
3575,33,Female,China,Caucasian,Yes,No,No,No,No
3576,83,Female,Japan,Middle Eastern,No,No,No,Yes,Yes
3577,80,Male,India,Asian,Yes,No,Yes,No,No
3578,61,Male,India,Hispanic,No,No,No,No,No
3579,53,Male,China,African,No,No,No,No,Yes
3580,82,Male,Nigeria,Caucasian,No,No,No,No,Yes
3581,47,Female,Nigeria,Hispanic,Yes,No,Yes,Yes,No
3582,27,Female,Japan,Middle Eastern,No,Yes,No,No,No
3583,68,Female,China,Asian,No,No,No,No,No
3584,21,Female,China,Middle Eastern,Yes,No,No,No,No
3585,28,Female,India,African,No,No,No,No,Yes
3586,33,Female,USA,Hispanic,No,No,Yes,No,No
3587,68,Male,Japan,Hispanic,No,No,No,No,No
3588,34,Male,UK,Asian,No,No,Yes,Yes,No
3589,43,Female,India,Middle Eastern,Yes,No,No,No,No
3590,38,Male,Nigeria,African,Yes,No,No,No,Yes
3591,77,Female,Brazil,Hispanic,No,No,No,No,Yes
3592,88,Male,Japan,Asian,Yes,No,No,No,No
3593,71,Female,China,African,Yes,Yes,No,Yes,No
3594,22,Male,Japan,African,No,No,Yes,No,No
3595,76,Female,China,Asian,No,No,No,Yes,Yes
3596,43,Male,China,Asian,No,No,Yes,No,Yes
3597,88,Male,Russia,Caucasian,No,No,Yes,No,No
3598,31,Male,Nigeria,African,No,No,No,No,Yes
3599,80,Female,India,Middle Eastern,No,No,Yes,No,No
3600,20,Female,India,African,Yes,No,No,No,Yes
3601,72,Female,India,African,No,Yes,No,No,Yes
3602,83,Male,China,Caucasian,No,No,No,No,No
3603,42,Male,Nigeria,African,Yes,Yes,No,No,No
3604,76,Male,Brazil,Caucasian,No,No,Yes,No,No
3605,55,Female,China,African,No,No,No,Yes,No
3606,83,Male,USA,Asian,No,No,Yes,No,No
3607,55,Male,India,Caucasian,Yes,No,No,No,No
3608,63,Female,UK,Hispanic,No,No,No,No,No
3609,63,Female,Japan,Asian,No,No,Yes,No,Yes
3610,85,Female,India,Middle Eastern,No,No,No,No,No
3611,17,Female,China,Caucasian,Yes,No,No,No,No
3612,24,Female,India,African,Yes,Yes,No,No,No
3613,49,Male,China,African,No,No,Yes,No,No
3614,16,Female,UK,Hispanic,No,No,No,Yes,No
3615,38,Female,Russia,Asian,No,No,Yes,No,No
3616,88,Male,Nigeria,Caucasian,Yes,Yes,No,Yes,Yes
3617,52,Male,China,Asian,Yes,No,No,No,No
3618,36,Male,Japan,Middle Eastern,No,No,No,No,Yes
3619,40,Female,South Korea,Caucasian,No,Yes,No,Yes,No
3620,57,Female,India,Caucasian,No,No,Yes,Yes,No
3621,69,Female,Russia,Caucasian,No,No,No,Yes,Yes
3622,53,Female,India,Caucasian,Yes,No,No,No,No
3623,43,Male,China,African,No,No,No,No,Yes
3624,34,Male,South Korea,Asian,No,No,No,No,No
3625,55,Female,Germany,Asian,No,No,Yes,Yes,Yes
3626,68,Female,India,African,No,No,No,No,No
3627,34,Female,Russia,Caucasian,Yes,No,No,No,Yes
3628,33,Female,China,Hispanic,No,No,No,No,Yes
3629,80,Male,USA,Asian,No,No,Yes,No,Yes
3630,44,Male,Nigeria,Asian,No,No,Yes,No,No
3631,67,Male,India,African,No,No,No,No,No
3632,48,Female,India,African,No,No,No,Yes,No
3633,36,Male,India,Caucasian,No,No,No,No,No
3634,81,Female,Brazil,Caucasian,No,No,Yes,Yes,Yes
3635,20,Female,Nigeria,Caucasian,Yes,No,Yes,No,No
3636,41,Male,China,Middle Eastern,No,No,No,Yes,No
3637,24,Female,Japan,African,Yes,No,No,No,No
3638,87,Female,Nigeria,Asian,No,No,No,Yes,Yes
3639,62,Female,Nigeria,Hispanic,No,Yes,No,No,Yes
3640,84,Male,India,Hispanic,Yes,No,No,No,No
3641,73,Male,Japan,Caucasian,No,No,No,No,Yes
3642,73,Male,Nigeria,Asian,No,No,No,No,No
3643,16,Female,UK,Middle Eastern,No,No,Yes,No,No
3644,43,Female,Japan,Hispanic,No,No,Yes,No,Yes
3645,82,Male,China,Hispanic,Yes,Yes,No,No,Yes
3646,79,Female,Japan,Asian,No,No,Yes,No,No
3647,40,Male,India,Caucasian,Yes,No,Yes,Yes,No
3648,24,Female,India,Caucasian,No,Yes,No,No,Yes
3649,67,Male,Nigeria,Caucasian,No,No,No,Yes,No
3650,73,Female,India,Asian,No,Yes,No,No,Yes
3651,36,Female,India,Asian,Yes,Yes,No,No,No
3652,65,Female,India,African,No,No,No,No,No
3653,62,Female,South Korea,Hispanic,Yes,No,No,No,No
3654,35,Female,Nigeria,African,No,Yes,No,No,No
3655,36,Female,UK,Asian,No,No,Yes,No,Yes
3656,44,Female,Nigeria,Hispanic,No,Yes,No,No,No
3657,39,Female,India,Hispanic,No,Yes,Yes,Yes,No
3658,42,Female,China,Middle Eastern,No,No,No,No,Yes
3659,79,Female,India,Caucasian,No,No,Yes,No,No
3660,59,Male,India,African,No,No,No,No,No
3661,82,Male,India,Hispanic,No,No,No,Yes,No
3662,21,Female,Japan,African,No,No,No,No,No
3663,63,Male,Germany,Asian,Yes,No,No,No,Yes
3664,23,Female,South Korea,Asian,Yes,Yes,No,Yes,No
3665,50,Male,Brazil,Hispanic,Yes,No,No,Yes,Yes
3666,15,Male,South Korea,Caucasian,Yes,No,No,Yes,No
3667,24,Female,USA,Middle Eastern,No,No,No,No,No
3668,50,Female,India,Asian,No,No,Yes,No,No
3669,87,Male,Nigeria,Middle Eastern,Yes,No,Yes,No,No
3670,60,Male,Russia,Caucasian,No,No,No,No,No
3671,46,Female,China,Hispanic,No,No,No,Yes,No
3672,46,Male,USA,Middle Eastern,No,No,Yes,No,No
3673,20,Male,China,Caucasian,No,No,Yes,No,No
3674,62,Female,India,African,No,No,No,No,No
3675,52,Female,Nigeria,Caucasian,No,No,Yes,No,No
3676,31,Male,Brazil,Asian,No,Yes,Yes,Yes,Yes
3677,88,Female,USA,Asian,No,No,Yes,No,Yes
3678,41,Female,Brazil,Asian,No,No,Yes,Yes,No
3679,68,Female,USA,African,No,No,Yes,Yes,No
3680,64,Female,Germany,Hispanic,Yes,Yes,No,No,No
3681,49,Male,China,Asian,No,No,No,No,No
3682,39,Female,Japan,Hispanic,No,No,No,No,No
3683,42,Male,USA,Caucasian,No,No,No,No,No
3684,29,Male,Brazil,Caucasian,No,No,No,Yes,No
3685,18,Female,Japan,Hispanic,Yes,No,Yes,No,No
3686,87,Male,Japan,Middle Eastern,Yes,Yes,Yes,Yes,Yes
3687,41,Female,India,Asian,Yes,No,No,No,Yes
3688,40,Female,China,Asian,No,Yes,No,No,Yes
3689,33,Female,UK,Asian,Yes,No,No,Yes,Yes
3690,31,Female,China,Caucasian,Yes,No,No,Yes,No
3691,57,Female,Nigeria,Caucasian,No,No,No,No,Yes
3692,55,Female,India,Asian,No,No,No,No,No
3693,56,Female,China,Caucasian,No,No,Yes,No,No
3694,64,Female,India,African,No,No,No,No,No
3695,54,Female,Nigeria,Caucasian,No,No,Yes,No,Yes
3696,53,Male,Nigeria,Hispanic,No,No,No,No,No
3697,37,Male,Russia,Caucasian,No,No,No,No,Yes
3698,66,Female,South Korea,African,No,No,Yes,No,Yes
3699,61,Male,China,Asian,No,No,Yes,Yes,No
3700,77,Female,Japan,Hispanic,Yes,No,No,Yes,No
3701,83,Female,USA,African,No,No,No,Yes,No
3702,57,Female,Brazil,Hispanic,No,No,No,No,No
3703,62,Female,China,Caucasian,Yes,No,No,Yes,Yes
3704,48,Female,Germany,African,Yes,No,No,Yes,Yes
3705,54,Female,India,African,No,No,No,Yes,Yes
3706,89,Female,Brazil,Asian,No,Yes,No,No,No
3707,75,Female,Japan,Hispanic,No,No,Yes,No,No
3708,64,Male,China,Caucasian,No,No,No,Yes,No
3709,81,Female,Russia,Caucasian,No,No,No,No,No
3710,76,Female,Russia,Caucasian,Yes,No,No,No,No
3711,72,Female,India,Hispanic,Yes,Yes,No,Yes,No
3712,47,Female,USA,Asian,No,No,No,No,Yes
3713,89,Female,China,Hispanic,No,No,No,No,No
3714,30,Female,Nigeria,Hispanic,No,No,No,No,No
3715,62,Female,China,African,No,No,No,No,No
3716,24,Female,USA,Caucasian,Yes,No,No,No,Yes
3717,52,Male,Nigeria,African,Yes,No,No,No,Yes
3718,33,Female,Nigeria,Asian,Yes,No,Yes,Yes,No
3719,50,Female,UK,Asian,Yes,No,No,No,No
3720,73,Female,Russia,African,No,No,No,No,Yes
3721,77,Male,UK,Hispanic,Yes,No,No,No,No
3722,60,Male,China,African,No,No,No,No,No
3723,17,Male,Nigeria,African,Yes,No,No,Yes,No
3724,88,Male,India,Caucasian,No,No,No,No,No
3725,79,Female,USA,African,No,No,No,No,No
3726,22,Male,India,Caucasian,No,No,No,No,No
3727,65,Female,Japan,Hispanic,Yes,No,Yes,No,Yes
3728,87,Female,Nigeria,Caucasian,Yes,No,No,No,Yes
3729,20,Male,Russia,Asian,No,No,No,No,No
3730,53,Male,USA,Asian,Yes,No,No,No,No
3731,74,Male,China,Hispanic,No,No,Yes,No,No
3732,42,Male,Russia,Caucasian,No,Yes,No,No,No
3733,68,Female,Nigeria,African,Yes,Yes,Yes,No,No
3734,51,Female,India,Caucasian,Yes,No,Yes,No,Yes
3735,23,Female,Brazil,African,No,No,No,No,No
3736,70,Female,India,Caucasian,Yes,No,No,No,No
3737,73,Male,USA,Caucasian,Yes,No,No,Yes,Yes
3738,16,Female,Japan,Hispanic,No,Yes,Yes,No,No
3739,75,Female,China,Caucasian,No,No,No,No,Yes
3740,72,Female,India,Asian,No,No,No,No,No
3741,74,Male,India,Caucasian,No,No,Yes,Yes,No
3742,54,Male,India,Hispanic,No,No,No,No,Yes
3743,50,Male,Russia,Caucasian,Yes,No,No,No,Yes
3744,51,Female,India,African,No,No,No,Yes,No
3745,32,Male,Brazil,Asian,Yes,No,No,No,Yes
3746,77,Female,Nigeria,Hispanic,No,No,Yes,No,No
3747,36,Male,Nigeria,Asian,No,No,No,No,No
3748,25,Male,India,Asian,No,Yes,No,Yes,No
3749,72,Male,India,Hispanic,No,No,No,No,No
3750,71,Female,South Korea,African,Yes,No,Yes,Yes,No
3751,18,Male,China,Hispanic,No,No,No,Yes,Yes
3752,21,Female,China,Hispanic,Yes,No,Yes,No,No
3753,75,Male,Brazil,African,Yes,No,Yes,No,No
3754,68,Male,Brazil,Hispanic,No,No,No,No,No
3755,82,Female,India,Hispanic,Yes,No,Yes,No,No
3756,15,Female,Brazil,Middle Eastern,No,Yes,No,No,No
3757,69,Female,Japan,Middle Eastern,Yes,No,No,No,Yes
3758,17,Male,China,Asian,No,No,No,No,No
3759,52,Female,India,Caucasian,No,No,No,No,No
3760,15,Male,Russia,Asian,Yes,No,No,No,Yes
3761,52,Male,South Korea,Hispanic,No,No,No,No,No
3762,43,Female,Nigeria,Middle Eastern,Yes,No,No,No,No
3763,19,Female,Russia,Asian,No,No,Yes,No,No
3764,88,Male,South Korea,Middle Eastern,No,No,No,No,No
3765,35,Male,Brazil,Asian,Yes,No,Yes,No,Yes
3766,85,Female,UK,Asian,No,No,Yes,No,No
3767,81,Male,Japan,Hispanic,Yes,No,No,No,No
3768,61,Female,India,Middle Eastern,Yes,No,Yes,No,Yes
3769,49,Male,Russia,Middle Eastern,No,No,No,No,No
3770,82,Female,Russia,Asian,No,No,No,No,Yes
3771,83,Female,South Korea,Asian,Yes,Yes,Yes,No,No
3772,15,Female,Japan,Hispanic,No,No,Yes,No,No
3773,82,Male,India,Asian,No,No,Yes,Yes,No
3774,26,Female,Japan,African,No,No,No,Yes,No
3775,74,Female,Japan,Middle Eastern,Yes,No,No,No,No
3776,41,Female,Brazil,African,No,No,No,No,No
3777,70,Male,Japan,African,No,No,No,No,No
3778,37,Female,Russia,Caucasian,Yes,No,No,No,No
3779,39,Female,India,African,Yes,No,No,No,No
3780,35,Female,Brazil,African,No,No,No,No,Yes
3781,75,Male,China,Hispanic,No,Yes,No,No,No
3782,77,Female,South Korea,Middle Eastern,No,No,No,No,No
3783,66,Female,India,Middle Eastern,No,No,No,No,No
3784,39,Male,Nigeria,Asian,Yes,No,No,No,No
3785,69,Female,India,Hispanic,No,No,Yes,Yes,No
3786,60,Male,Brazil,Caucasian,No,No,No,No,No
3787,46,Male,Nigeria,Middle Eastern,No,No,No,No,Yes
3788,69,Female,Russia,Asian,No,No,No,No,No
3789,19,Male,India,Asian,No,No,No,No,Yes
3790,50,Male,Nigeria,Caucasian,No,No,No,No,No
3791,63,Female,Nigeria,Caucasian,No,No,No,No,Yes
3792,72,Male,USA,African,No,No,No,No,No
3793,53,Female,India,African,Yes,No,No,Yes,Yes
3794,75,Female,Russia,Caucasian,No,No,No,No,Yes
3795,23,Male,Russia,Middle Eastern,No,Yes,No,No,Yes
3796,20,Female,Nigeria,Middle Eastern,No,No,No,No,No
3797,49,Male,China,Asian,Yes,No,No,No,No
3798,53,Female,USA,Caucasian,No,No,No,Yes,Yes
3799,36,Female,South Korea,Asian,No,No,No,No,No
3800,55,Male,India,African,No,No,No,No,No
3801,19,Female,Nigeria,African,No,Yes,Yes,No,No
3802,56,Female,USA,Caucasian,No,No,No,No,Yes
3803,81,Male,UK,African,Yes,No,No,No,No
3804,44,Female,Brazil,African,Yes,No,Yes,Yes,No
3805,71,Female,Russia,Hispanic,No,No,Yes,No,No
3806,87,Female,UK,Caucasian,No,No,No,No,No
3807,43,Female,China,Caucasian,Yes,No,No,No,No
3808,51,Male,Brazil,Asian,No,No,Yes,No,No
3809,27,Male,Japan,Asian,Yes,No,No,Yes,No
3810,46,Female,Russia,Caucasian,No,No,Yes,No,No
3811,60,Male,UK,Hispanic,Yes,Yes,No,Yes,No
3812,37,Female,Russia,Middle Eastern,No,No,No,No,No
3813,59,Male,India,Caucasian,No,Yes,No,Yes,No
3814,31,Male,China,Asian,Yes,No,Yes,No,No
3815,80,Female,India,Caucasian,No,No,Yes,No,No
3816,20,Male,Nigeria,Hispanic,No,Yes,No,No,Yes
3817,32,Male,USA,Caucasian,No,No,Yes,No,Yes
3818,36,Female,South Korea,Caucasian,No,No,No,No,No
3819,47,Female,Nigeria,Caucasian,Yes,No,No,No,No
3820,44,Male,UK,Middle Eastern,No,Yes,No,No,No
3821,46,Female,Russia,Caucasian,No,No,Yes,Yes,No
3822,56,Male,Russia,Hispanic,No,No,Yes,No,No
3823,24,Female,India,African,No,No,No,No,No
3824,50,Male,USA,Asian,Yes,No,No,No,No
3825,48,Female,Germany,Middle Eastern,No,No,No,No,No
3826,87,Female,China,Caucasian,No,No,No,No,Yes
3827,42,Female,Germany,Asian,No,No,Yes,No,No
3828,25,Female,India,Asian,Yes,No,No,No,No
3829,53,Male,Germany,African,No,No,No,Yes,No
3830,61,Female,Nigeria,Caucasian,No,No,No,No,No
3831,33,Male,Russia,Asian,No,No,No,No,No
3832,29,Male,China,Middle Eastern,Yes,No,No,Yes,Yes
3833,42,Male,Brazil,African,No,No,No,No,No
3834,38,Female,Brazil,Asian,No,No,Yes,No,Yes
3835,86,Male,China,African,Yes,No,No,No,Yes
3836,23,Female,Germany,Asian,Yes,No,No,Yes,No
3837,61,Male,Russia,Caucasian,No,No,No,No,Yes
3838,47,Female,Germany,Caucasian,No,No,No,No,Yes
3839,76,Male,South Korea,African,No,No,No,Yes,Yes
3840,33,Male,India,Asian,No,No,No,Yes,No
3841,81,Female,Brazil,Hispanic,Yes,No,Yes,No,No
3842,88,Female,India,African,No,No,Yes,No,No
3843,54,Male,South Korea,African,No,Yes,No,No,Yes
3844,61,Female,Nigeria,Asian,No,No,No,Yes,Yes
3845,79,Male,Brazil,African,No,No,Yes,No,No
3846,43,Female,China,Caucasian,No,No,No,No,No
3847,64,Male,China,African,No,Yes,Yes,Yes,No
3848,27,Female,Japan,African,Yes,Yes,No,No,Yes
3849,15,Female,China,Middle Eastern,No,No,No,No,No
3850,48,Female,Nigeria,Hispanic,No,No,No,No,Yes
3851,62,Female,India,Asian,No,No,No,No,Yes
3852,62,Male,India,Asian,No,No,Yes,No,No
3853,63,Female,India,Caucasian,No,No,No,No,Yes
3854,78,Female,Brazil,Caucasian,Yes,No,No,No,No
3855,75,Male,India,African,Yes,No,No,Yes,Yes
3856,43,Female,China,Asian,No,No,Yes,No,No
3857,53,Male,China,Asian,No,No,No,Yes,Yes
3858,40,Male,Nigeria,African,No,No,Yes,No,No
3859,31,Male,India,African,Yes,No,Yes,No,No
3860,85,Female,South Korea,Asian,No,No,Yes,No,No
3861,27,Female,India,Caucasian,No,No,No,No,Yes
3862,83,Male,Germany,Hispanic,Yes,No,No,No,Yes
3863,40,Male,China,African,No,No,No,No,Yes
3864,63,Male,China,Middle Eastern,Yes,No,No,No,No
3865,81,Male,India,Asian,Yes,No,No,No,No
3866,21,Female,Germany,Asian,No,No,No,No,No
3867,72,Male,South Korea,African,No,No,No,Yes,No
3868,63,Male,China,Middle Eastern,No,No,No,No,No
3869,67,Male,Brazil,Hispanic,Yes,No,No,No,Yes
3870,79,Female,UK,Hispanic,Yes,No,Yes,Yes,Yes
3871,76,Male,China,Hispanic,No,No,No,No,No
3872,31,Male,Japan,Hispanic,No,Yes,Yes,No,No
3873,57,Female,Nigeria,Hispanic,No,No,Yes,Yes,No
3874,39,Male,China,Asian,No,Yes,No,No,Yes
3875,17,Female,India,Asian,No,No,No,No,Yes
3876,43,Female,China,Hispanic,No,No,No,No,No
3877,46,Male,Brazil,Hispanic,No,Yes,No,No,No
3878,40,Female,Nigeria,Asian,Yes,No,Yes,No,No
3879,30,Male,South Korea,Caucasian,No,No,No,Yes,No
3880,39,Male,China,Middle Eastern,No,Yes,Yes,No,No
3881,68,Female,Nigeria,African,No,No,Yes,No,No
3882,42,Male,Nigeria,Asian,Yes,No,No,Yes,No
3883,87,Female,Nigeria,Hispanic,No,No,No,No,No
3884,70,Male,Nigeria,Caucasian,No,No,Yes,Yes,No
3885,79,Female,Japan,African,Yes,No,No,No,No
3886,55,Female,India,African,Yes,Yes,No,No,No
3887,65,Male,Brazil,African,No,No,No,Yes,Yes
3888,85,Female,Nigeria,Hispanic,Yes,No,No,No,No
3889,43,Female,USA,Asian,No,No,No,No,Yes
3890,33,Female,South Korea,Hispanic,Yes,No,No,No,No
3891,80,Female,India,African,Yes,Yes,No,No,No
3892,55,Male,Brazil,Hispanic,No,No,Yes,No,Yes
3893,59,Female,China,Middle Eastern,No,Yes,No,No,Yes
3894,29,Female,USA,African,Yes,Yes,No,No,Yes
3895,17,Male,Japan,Hispanic,No,No,Yes,No,No
3896,25,Male,India,Asian,Yes,No,Yes,Yes,Yes
3897,67,Male,Nigeria,Asian,No,Yes,No,No,No
3898,60,Male,Brazil,African,No,No,No,No,No
3899,44,Female,Japan,African,No,No,No,No,Yes
3900,71,Female,Russia,Caucasian,No,No,No,No,No
3901,32,Female,Brazil,Caucasian,No,No,No,No,No
3902,65,Female,Germany,Caucasian,No,No,No,No,Yes
3903,62,Female,Nigeria,Asian,Yes,Yes,No,No,No
3904,80,Male,India,Caucasian,No,No,No,No,Yes
3905,22,Male,UK,Asian,No,Yes,Yes,No,Yes
3906,36,Female,South Korea,Asian,Yes,No,No,No,No
3907,20,Female,South Korea,Asian,No,No,No,No,No
3908,71,Male,Russia,African,Yes,No,No,No,No
3909,50,Female,India,Caucasian,No,No,No,Yes,Yes
3910,71,Female,UK,Caucasian,Yes,No,No,No,Yes
3911,63,Female,China,Caucasian,No,No,Yes,No,No
3912,59,Female,India,Caucasian,No,No,Yes,No,Yes
3913,80,Female,China,Caucasian,No,Yes,No,No,No
3914,59,Male,Brazil,Caucasian,No,No,No,Yes,Yes
3915,34,Female,China,Middle Eastern,Yes,No,Yes,No,Yes
3916,78,Male,India,Asian,No,Yes,No,No,No
3917,81,Female,China,Asian,No,Yes,Yes,Yes,Yes
3918,17,Female,Brazil,African,No,No,No,No,Yes
3919,68,Female,Nigeria,Hispanic,No,No,No,No,No
3920,78,Female,India,Asian,No,No,No,No,Yes
3921,54,Female,China,African,No,No,No,No,No
3922,73,Male,Germany,Caucasian,Yes,No,Yes,No,No
3923,69,Female,Brazil,Middle Eastern,Yes,No,No,No,Yes
3924,76,Female,Russia,Middle Eastern,No,No,Yes,Yes,Yes
3925,18,Female,Germany,Hispanic,No,No,No,No,No
3926,74,Male,USA,Hispanic,No,No,No,No,No
3927,89,Female,India,African,No,No,No,Yes,No
3928,44,Male,India,Hispanic,No,No,Yes,No,No
3929,16,Female,Germany,Caucasian,Yes,No,Yes,No,No
3930,76,Female,Russia,Caucasian,Yes,No,No,No,Yes
3931,63,Female,Brazil,African,Yes,No,No,No,Yes
3932,23,Male,China,African,No,No,Yes,Yes,Yes
3933,45,Female,India,Hispanic,No,No,No,No,No
3934,75,Male,South Korea,African,Yes,No,No,No,Yes
3935,62,Female,Russia,African,No,No,No,No,No
3936,39,Female,Japan,Asian,No,No,No,No,No
3937,50,Male,Brazil,Caucasian,No,Yes,No,Yes,No
3938,22,Male,Nigeria,Hispanic,No,No,No,No,No
3939,87,Female,India,Hispanic,Yes,No,No,Yes,No
3940,72,Male,Germany,Hispanic,Yes,No,No,Yes,No
3941,59,Male,China,Asian,No,No,No,No,No
3942,76,Female,Russia,Asian,No,No,No,Yes,No
3943,53,Male,Nigeria,African,No,No,No,No,Yes
3944,72,Male,Russia,African,No,Yes,No,No,No
3945,78,Female,Brazil,Caucasian,No,No,No,No,Yes
3946,58,Male,China,Caucasian,No,No,Yes,No,Yes
3947,43,Male,Nigeria,African,Yes,Yes,No,No,No
3948,73,Male,Russia,Caucasian,No,No,No,No,No
3949,85,Male,India,Caucasian,No,Yes,No,No,No
3950,23,Female,Germany,Hispanic,No,Yes,No,No,No
3951,20,Male,Germany,Caucasian,No,No,No,No,No
3952,43,Female,Nigeria,Hispanic,No,No,Yes,Yes,No
3953,72,Male,India,African,No,No,No,No,No
3954,31,Male,Japan,African,No,No,No,No,No
3955,30,Female,South Korea,Caucasian,Yes,No,No,No,No
3956,17,Male,Nigeria,Asian,No,No,No,No,Yes
3957,35,Male,Brazil,Middle Eastern,Yes,No,No,Yes,No
3958,78,Female,Japan,Asian,Yes,No,No,No,No
3959,50,Female,USA,African,No,No,No,No,No
3960,76,Female,Russia,Asian,Yes,No,No,No,No
3961,56,Female,Brazil,Caucasian,No,No,No,No,No
3962,56,Female,Germany,Hispanic,No,No,No,No,No
3963,75,Female,Nigeria,Caucasian,No,No,No,Yes,No
3964,27,Male,Russia,Asian,Yes,No,No,No,No
3965,25,Male,Nigeria,Hispanic,Yes,No,No,No,No
3966,68,Male,Brazil,Asian,No,No,Yes,Yes,No
3967,30,Male,USA,Asian,No,Yes,Yes,Yes,No
3968,22,Female,Brazil,African,No,No,No,Yes,No
3969,73,Female,South Korea,Caucasian,No,No,Yes,No,No
3970,71,Female,Nigeria,Middle Eastern,No,Yes,No,No,Yes
3971,54,Male,Russia,Asian,Yes,No,No,No,No
3972,73,Male,UK,Asian,Yes,No,Yes,No,No
3973,16,Male,Japan,Middle Eastern,No,Yes,No,No,No
3974,24,Male,China,Caucasian,No,Yes,No,No,No
3975,58,Female,USA,Caucasian,No,No,No,No,No
3976,25,Male,Russia,Caucasian,Yes,No,No,No,Yes
3977,16,Female,Nigeria,Caucasian,Yes,Yes,No,Yes,Yes
3978,64,Male,UK,Asian,Yes,No,No,Yes,No
3979,26,Female,Japan,Caucasian,No,No,No,No,No
3980,37,Male,South Korea,Middle Eastern,No,No,No,Yes,No
3981,32,Female,Germany,Asian,No,No,No,No,No
3982,76,Female,Brazil,Caucasian,Yes,Yes,No,No,No
3983,76,Female,China,Hispanic,No,No,No,Yes,No
3984,52,Female,Brazil,Hispanic,No,No,Yes,No,No
3985,81,Female,Nigeria,Caucasian,No,Yes,No,No,No
3986,52,Female,India,African,Yes,Yes,Yes,Yes,No
3987,81,Female,India,Hispanic,No,No,No,No,No
3988,75,Female,Russia,Caucasian,No,No,No,Yes,No
3989,15,Male,Japan,Caucasian,No,Yes,No,No,No
3990,59,Female,Japan,Caucasian,No,No,Yes,Yes,No
3991,42,Female,India,Caucasian,No,Yes,No,No,No
3992,35,Female,Japan,Caucasian,Yes,No,Yes,No,No
3993,27,Male,Nigeria,Hispanic,No,No,Yes,No,Yes
3994,41,Male,Japan,Asian,No,No,No,No,Yes
3995,21,Female,India,Asian,No,No,Yes,No,Yes
3996,36,Female,Nigeria,Hispanic,No,Yes,No,No,No
3997,88,Male,India,Hispanic,No,Yes,Yes,No,No
3998,67,Female,India,Middle Eastern,Yes,No,No,No,Yes
3999,18,Male,South Korea,African,No,Yes,No,No,Yes
4000,37,Male,China,African,No,No,No,Yes,No
4001,84,Male,Nigeria,Caucasian,No,No,No,No,No
4002,47,Female,Brazil,Asian,No,No,No,Yes,No
4003,42,Male,Nigeria,Middle Eastern,Yes,No,No,No,No
4004,22,Female,Brazil,Hispanic,Yes,No,No,No,No
4005,15,Female,China,Caucasian,No,Yes,No,No,Yes
4006,51,Female,South Korea,African,No,No,No,No,Yes
4007,77,Male,South Korea,Caucasian,No,No,No,No,Yes
4008,36,Female,China,Asian,Yes,No,No,Yes,Yes
4009,84,Male,South Korea,Caucasian,No,No,No,No,No
4010,35,Female,Japan,African,No,No,No,No,No
4011,49,Female,India,Caucasian,Yes,No,No,No,No
4012,19,Female,Japan,African,No,No,No,No,No
4013,74,Male,China,African,No,No,No,No,Yes
4014,60,Male,Nigeria,Caucasian,Yes,No,Yes,No,No
4015,64,Female,USA,Hispanic,Yes,No,No,No,No
4016,62,Female,China,African,No,No,No,No,Yes
4017,20,Male,India,African,No,No,No,No,No
4018,70,Male,Nigeria,African,No,Yes,No,Yes,Yes
4019,73,Male,India,Asian,No,No,No,No,Yes
4020,43,Female,UK,Middle Eastern,No,No,No,No,No
4021,85,Female,Russia,Caucasian,No,No,No,No,No
4022,32,Female,Japan,Caucasian,Yes,No,Yes,No,No
4023,16,Male,China,Middle Eastern,No,No,No,No,No
4024,22,Male,China,Hispanic,No,No,Yes,No,No
4025,89,Male,Russia,African,No,No,Yes,No,No
4026,68,Female,China,Caucasian,Yes,No,No,No,No
4027,52,Female,China,Caucasian,No,Yes,No,No,Yes
4028,62,Male,China,Middle Eastern,Yes,No,No,Yes,Yes
4029,41,Male,Russia,Asian,No,No,No,No,No
4030,34,Female,USA,Hispanic,No,No,No,No,Yes
4031,26,Male,Nigeria,Caucasian,Yes,No,Yes,No,No
4032,57,Female,Nigeria,Hispanic,Yes,No,Yes,No,Yes
4033,75,Male,China,Hispanic,No,No,No,No,No
4034,45,Female,USA,Caucasian,No,No,No,No,No
4035,75,Female,India,African,Yes,No,No,No,No
4036,88,Female,Brazil,Caucasian,No,No,Yes,No,No
4037,81,Male,Nigeria,Caucasian,Yes,No,Yes,No,No
4038,49,Male,Germany,African,No,No,No,No,No
4039,29,Female,Russia,Asian,No,No,Yes,No,Yes
4040,30,Male,China,Caucasian,No,No,No,No,No
4041,27,Female,South Korea,African,No,No,No,No,No
4042,49,Female,Russia,Caucasian,Yes,No,No,No,Yes
4043,89,Female,China,Hispanic,No,No,No,No,No
4044,73,Female,India,Caucasian,Yes,No,No,No,No
4045,35,Male,Russia,Middle Eastern,Yes,No,No,No,Yes
4046,68,Female,USA,Caucasian,No,No,No,No,No
4047,89,Male,China,Caucasian,No,No,No,No,No
4048,44,Female,Russia,African,Yes,No,No,No,No
4049,62,Female,Brazil,African,No,No,Yes,No,No
4050,49,Male,Germany,Hispanic,No,No,No,No,No
4051,52,Female,China,Caucasian,No,Yes,No,Yes,No
4052,45,Female,Brazil,Asian,No,Yes,No,Yes,No
4053,38,Female,USA,Asian,No,No,No,Yes,Yes
4054,63,Female,India,African,No,No,No,Yes,No
4055,46,Female,India,Caucasian,No,No,No,No,No
4056,69,Female,Brazil,African,No,Yes,No,No,Yes
4057,72,Female,India,Asian,Yes,No,No,No,No
4058,17,Female,China,Caucasian,Yes,No,Yes,Yes,No
4059,83,Male,Brazil,Middle Eastern,No,No,No,No,No
4060,24,Female,Germany,Caucasian,No,No,No,No,No
4061,39,Male,Brazil,Caucasian,No,No,No,No,Yes
4062,82,Female,UK,Hispanic,No,No,No,No,No
4063,75,Male,India,Hispanic,Yes,No,No,No,No
4064,43,Female,South Korea,Asian,Yes,Yes,No,No,No
4065,33,Male,Russia,Caucasian,No,No,No,No,No
4066,57,Female,China,Caucasian,No,No,No,Yes,Yes
4067,80,Female,South Korea,Hispanic,Yes,No,No,No,No
4068,88,Female,Japan,African,No,No,No,Yes,No
4069,75,Female,South Korea,African,No,No,No,No,Yes
4070,57,Male,UK,Caucasian,No,No,No,Yes,Yes
4071,39,Female,China,Asian,Yes,No,No,No,No
4072,34,Female,Japan,Asian,No,Yes,No,No,No
4073,62,Female,Japan,Caucasian,Yes,No,Yes,No,No
4074,38,Female,Japan,Middle Eastern,Yes,No,Yes,No,Yes
4075,25,Female,South Korea,Middle Eastern,Yes,No,Yes,Yes,Yes
4076,69,Female,Brazil,Asian,No,No,No,No,No
4077,42,Male,South Korea,Caucasian,Yes,No,No,Yes,Yes
4078,83,Male,Russia,Caucasian,Yes,Yes,Yes,No,No
4079,77,Female,Nigeria,Asian,No,No,No,No,Yes
4080,73,Female,USA,Caucasian,No,No,No,No,Yes
4081,19,Male,India,African,Yes,No,No,No,No
4082,65,Female,India,African,No,No,Yes,No,No
4083,35,Male,USA,Middle Eastern,No,No,No,No,No
4084,26,Male,UK,Hispanic,No,No,No,No,No
4085,64,Male,Nigeria,Caucasian,No,No,No,No,Yes
4086,18,Female,China,Asian,Yes,No,Yes,Yes,Yes
4087,56,Female,Japan,African,No,No,No,No,No
4088,52,Male,South Korea,Caucasian,No,Yes,No,Yes,No
4089,39,Male,China,Caucasian,Yes,No,No,No,Yes
4090,28,Female,China,Middle Eastern,No,No,No,No,No
4091,89,Male,South Korea,African,No,No,No,No,No
4092,46,Male,Japan,Hispanic,No,No,No,No,Yes
4093,25,Female,Nigeria,Asian,Yes,Yes,No,No,No
4094,75,Female,USA,Caucasian,No,No,No,Yes,Yes
4095,32,Female,India,Hispanic,No,No,No,No,No
4096,41,Male,Nigeria,Hispanic,Yes,No,No,No,No
4097,69,Female,India,Asian,Yes,No,Yes,No,No
4098,68,Female,Nigeria,Middle Eastern,No,No,Yes,No,No
4099,89,Female,China,Middle Eastern,No,No,No,No,No
4100,35,Female,Brazil,Caucasian,No,No,No,No,No
4101,58,Female,China,African,No,No,No,No,Yes
4102,19,Male,China,Caucasian,No,No,No,No,No
4103,55,Female,Japan,African,No,Yes,No,No,No
4104,73,Female,India,Asian,No,Yes,Yes,Yes,No
4105,68,Male,USA,Hispanic,No,No,No,No,No
4106,88,Female,China,Middle Eastern,No,No,No,Yes,Yes
4107,36,Female,South Korea,African,No,No,No,Yes,No
4108,79,Female,Brazil,Caucasian,No,Yes,No,No,No
4109,78,Female,India,African,No,No,Yes,No,No
4110,85,Female,India,Caucasian,No,No,Yes,No,No
4111,18,Male,India,Caucasian,No,No,Yes,Yes,Yes
4112,79,Female,Brazil,Caucasian,Yes,No,No,No,No
4113,29,Female,India,Caucasian,Yes,No,No,No,No
4114,36,Female,UK,Hispanic,No,No,No,No,Yes
4115,61,Female,UK,Caucasian,No,No,No,No,No
4116,60,Female,South Korea,Caucasian,Yes,No,Yes,No,No
4117,28,Male,Nigeria,African,No,Yes,Yes,No,No
4118,64,Male,South Korea,Asian,No,Yes,Yes,No,No
4119,34,Female,India,African,No,No,No,No,No
4120,64,Female,UK,Caucasian,Yes,No,Yes,Yes,Yes
4121,47,Male,South Korea,Hispanic,Yes,No,No,No,No
4122,73,Male,UK,Hispanic,No,No,Yes,No,No
4123,57,Male,Nigeria,Asian,No,No,No,No,No
4124,26,Male,Russia,African,Yes,No,Yes,No,No
4125,54,Female,India,Asian,Yes,No,Yes,No,No
4126,34,Female,Brazil,Asian,No,No,No,No,No
4127,52,Male,Brazil,Caucasian,Yes,No,Yes,No,No
4128,17,Male,China,Hispanic,No,No,Yes,No,No
4129,42,Female,Japan,Asian,No,No,No,No,Yes
4130,70,Male,South Korea,Middle Eastern,Yes,Yes,No,No,Yes
4131,27,Male,UK,African,No,No,No,No,No
4132,80,Female,China,Caucasian,Yes,No,No,No,No
4133,51,Female,Japan,Hispanic,No,No,Yes,No,Yes
4134,63,Male,China,Asian,Yes,No,No,No,No
4135,80,Male,China,African,Yes,Yes,No,Yes,No
4136,50,Female,UK,Middle Eastern,No,Yes,No,No,Yes
4137,68,Female,India,Hispanic,No,No,No,No,Yes
4138,40,Male,Nigeria,African,Yes,No,No,Yes,No
4139,89,Female,Russia,African,No,No,No,Yes,Yes
4140,86,Female,India,Asian,Yes,No,No,Yes,No
4141,54,Female,Nigeria,Caucasian,No,No,No,No,Yes
4142,57,Female,Russia,Caucasian,Yes,No,No,No,No
4143,36,Male,Russia,Caucasian,Yes,No,No,No,No
4144,34,Male,South Korea,Asian,No,No,No,No,No
4145,22,Female,UK,Middle Eastern,No,No,No,No,No
4146,43,Male,China,Middle Eastern,Yes,No,No,No,No
4147,54,Female,India,Caucasian,No,No,No,Yes,No
4148,44,Female,Nigeria,Hispanic,No,Yes,No,No,No
4149,69,Female,India,African,Yes,No,No,No,No
4150,30,Female,Nigeria,Caucasian,No,No,No,No,No
4151,60,Female,India,Caucasian,No,Yes,No,No,No
4152,76,Female,South Korea,Caucasian,No,No,Yes,No,No
4153,21,Male,Russia,Caucasian,No,No,Yes,No,No
4154,59,Male,Nigeria,Hispanic,No,No,No,No,Yes
4155,73,Female,India,Middle Eastern,Yes,No,Yes,No,No
4156,70,Female,Nigeria,Asian,No,No,No,No,No
4157,62,Male,Brazil,Asian,No,No,No,No,No
4158,41,Female,USA,Caucasian,No,No,No,No,Yes
4159,67,Female,China,African,No,No,No,Yes,Yes
4160,87,Female,Japan,Caucasian,Yes,No,Yes,No,No
4161,49,Female,China,Caucasian,No,Yes,No,No,No
4162,65,Female,India,African,No,No,No,No,No
4163,51,Male,Russia,African,No,No,No,Yes,No
4164,71,Male,Russia,Caucasian,Yes,Yes,No,No,No
4165,22,Female,India,African,No,No,No,No,No
4166,34,Male,Brazil,Hispanic,Yes,No,No,Yes,Yes
4167,67,Male,Japan,African,No,Yes,Yes,No,No
4168,26,Female,UK,Middle Eastern,Yes,No,No,No,No
4169,63,Male,Russia,Caucasian,No,Yes,No,No,No
4170,31,Male,Nigeria,African,No,No,Yes,No,Yes
4171,78,Male,Russia,Hispanic,No,No,No,No,No
4172,56,Male,Brazil,Caucasian,No,No,No,No,Yes
4173,43,Female,Brazil,Hispanic,No,No,No,Yes,No
4174,33,Male,Nigeria,Caucasian,No,No,No,No,No
4175,25,Female,Brazil,African,Yes,No,No,Yes,No
4176,64,Female,Japan,Caucasian,No,Yes,No,No,Yes
4177,85,Male,Russia,Asian,Yes,No,No,No,No
4178,72,Male,China,Middle Eastern,No,No,No,No,No
4179,48,Female,China,Caucasian,Yes,No,Yes,No,Yes
4180,34,Female,Brazil,Hispanic,No,No,Yes,No,Yes
4181,64,Female,Russia,Asian,No,Yes,No,No,No
4182,24,Male,China,Caucasian,No,Yes,Yes,No,No
4183,46,Female,Brazil,Hispanic,No,No,No,No,No
4184,66,Male,India,Asian,No,Yes,No,Yes,Yes
4185,29,Male,Germany,Caucasian,No,No,No,Yes,No
4186,17,Male,Brazil,African,No,Yes,No,No,No
4187,51,Male,USA,Middle Eastern,Yes,Yes,Yes,No,No
4188,54,Male,India,Caucasian,No,Yes,No,No,No
4189,86,Female,Brazil,Asian,Yes,No,Yes,No,No
4190,54,Male,South Korea,Asian,No,Yes,No,Yes,No
4191,70,Male,UK,Caucasian,Yes,No,Yes,No,Yes
4192,37,Male,India,Caucasian,Yes,No,Yes,No,No
4193,25,Female,India,Caucasian,Yes,No,No,No,No
4194,78,Female,Japan,Caucasian,Yes,No,No,No,Yes
4195,22,Male,Japan,Middle Eastern,No,No,Yes,No,Yes
4196,70,Female,Germany,Hispanic,No,No,No,No,Yes
4197,74,Male,Japan,African,Yes,No,No,No,Yes
4198,24,Male,Brazil,African,Yes,No,No,No,No
4199,53,Female,South Korea,Asian,No,No,No,No,Yes
4200,42,Male,China,Middle Eastern,No,No,No,No,No
4201,63,Male,Brazil,Caucasian,No,Yes,No,Yes,No
4202,50,Male,South Korea,Caucasian,Yes,No,No,No,No
4203,27,Male,India,Hispanic,No,No,No,No,No
4204,50,Female,USA,Hispanic,No,No,No,No,No
4205,40,Male,Nigeria,Asian,No,No,No,No,No
4206,18,Female,USA,African,No,No,Yes,Yes,Yes
4207,78,Female,India,Caucasian,No,No,No,No,Yes
4208,52,Female,Nigeria,Caucasian,No,No,No,No,No
4209,36,Male,India,African,Yes,Yes,No,No,Yes
4210,16,Male,USA,Asian,No,No,No,No,No
4211,45,Female,Russia,Asian,No,No,No,Yes,Yes
4212,25,Male,India,Caucasian,No,No,Yes,No,No
4213,60,Male,South Korea,Hispanic,No,No,Yes,No,No
4214,76,Female,India,Asian,No,No,No,No,No
4215,83,Female,China,Hispanic,No,No,No,No,Yes
4216,78,Male,Nigeria,Caucasian,Yes,No,No,No,No
4217,24,Female,China,African,No,No,No,Yes,No
4218,54,Male,China,Middle Eastern,No,No,Yes,No,No
4219,38,Female,Nigeria,Asian,No,No,No,No,No
4220,58,Female,Russia,Middle Eastern,No,No,Yes,No,Yes
4221,74,Female,South Korea,African,No,No,No,No,No
4222,76,Male,South Korea,Asian,No,No,No,No,No
4223,31,Female,Nigeria,African,No,Yes,No,No,No
4224,79,Female,Nigeria,Hispanic,No,No,No,No,No
4225,71,Male,Russia,African,No,No,No,No,Yes
4226,69,Male,South Korea,Caucasian,No,No,No,No,Yes
4227,67,Female,Nigeria,Caucasian,Yes,No,No,No,No
4228,70,Female,India,African,Yes,No,Yes,No,No
4229,23,Male,Russia,African,No,No,No,No,Yes
4230,36,Male,India,Caucasian,No,No,No,No,No
4231,27,Male,Russia,African,No,No,No,No,No
4232,62,Female,India,Asian,No,No,Yes,Yes,No
4233,32,Male,Germany,Asian,No,Yes,Yes,No,No
4234,54,Female,Nigeria,Hispanic,No,Yes,Yes,No,No
4235,31,Male,South Korea,Caucasian,No,No,No,Yes,Yes
4236,29,Female,India,Caucasian,No,No,Yes,Yes,Yes
4237,29,Male,India,Middle Eastern,Yes,No,No,No,Yes
4238,77,Female,Japan,Caucasian,Yes,No,No,No,No
4239,53,Male,China,Middle Eastern,No,No,No,No,No
4240,27,Female,Brazil,Caucasian,No,No,No,No,No
4241,46,Male,Japan,African,No,No,No,No,No
4242,23,Male,India,Caucasian,No,No,No,Yes,Yes
4243,54,Female,Brazil,Caucasian,No,No,No,Yes,No
4244,34,Female,USA,Caucasian,No,No,Yes,No,Yes
4245,87,Female,India,Caucasian,Yes,No,No,Yes,No
4246,77,Female,India,Caucasian,No,Yes,Yes,Yes,No
4247,58,Female,China,Asian,No,No,No,No,Yes
4248,52,Male,South Korea,Caucasian,Yes,No,Yes,No,No
4249,74,Male,South Korea,Caucasian,Yes,Yes,Yes,No,No
4250,85,Female,Japan,Caucasian,No,Yes,No,No,No
4251,62,Male,China,Caucasian,Yes,No,Yes,No,Yes
4252,32,Female,South Korea,African,Yes,No,Yes,No,Yes
4253,30,Female,India,Hispanic,Yes,No,No,No,Yes
4254,69,Female,Germany,Caucasian,No,No,No,No,No
4255,53,Female,Brazil,Asian,No,No,No,No,Yes
4256,82,Female,Brazil,Asian,No,Yes,No,Yes,No
4257,73,Female,Germany,African,No,No,No,No,No
4258,76,Female,Nigeria,Asian,No,No,Yes,No,Yes
4259,27,Female,India,Asian,Yes,Yes,No,No,No
4260,20,Female,Germany,Asian,No,Yes,Yes,No,No
4261,74,Female,China,African,No,No,No,No,Yes
4262,28,Female,UK,African,Yes,No,No,No,No
4263,68,Female,Nigeria,Caucasian,Yes,No,No,No,No
4264,18,Female,Russia,Asian,Yes,No,No,No,No
4265,53,Male,Nigeria,Caucasian,No,No,No,No,No
4266,86,Male,India,Asian,Yes,Yes,Yes,Yes,Yes
4267,39,Male,South Korea,Caucasian,No,No,No,No,Yes
4268,46,Female,UK,Caucasian,No,No,No,No,No
4269,73,Female,Nigeria,African,No,No,Yes,No,Yes
4270,77,Female,South Korea,Caucasian,No,No,No,Yes,Yes
4271,52,Female,Japan,Asian,Yes,No,No,No,No
4272,67,Male,India,Hispanic,No,No,No,No,No
4273,81,Female,India,Hispanic,Yes,No,No,No,No
4274,42,Female,China,Caucasian,No,No,Yes,No,No
4275,17,Male,Japan,African,No,Yes,No,No,No
4276,36,Female,UK,Asian,No,No,Yes,No,No
4277,52,Female,India,Middle Eastern,No,No,No,No,No
4278,86,Female,China,African,No,Yes,Yes,No,No
4279,86,Female,Nigeria,Hispanic,Yes,No,Yes,No,No
4280,76,Female,China,Caucasian,No,No,Yes,No,No
4281,71,Female,Nigeria,Hispanic,Yes,No,Yes,No,No
4282,20,Female,China,Hispanic,Yes,No,No,No,Yes
4283,46,Female,China,Caucasian,No,No,Yes,No,No
4284,24,Female,India,Hispanic,No,No,No,Yes,No
4285,17,Male,Nigeria,African,No,No,Yes,No,No
4286,73,Male,China,Middle Eastern,Yes,No,No,No,No
4287,63,Female,India,African,No,No,No,No,Yes
4288,73,Male,UK,Hispanic,No,No,No,No,No
4289,45,Female,China,Hispanic,No,No,No,No,No
4290,83,Female,India,Asian,No,No,No,Yes,Yes
4291,76,Male,USA,Caucasian,No,No,No,No,No
4292,66,Female,USA,Caucasian,No,No,No,No,Yes
4293,55,Female,Russia,African,No,No,No,No,Yes
4294,45,Male,Nigeria,Caucasian,No,No,No,No,No
4295,36,Male,Brazil,Caucasian,No,No,No,No,Yes
4296,18,Female,China,African,No,No,Yes,No,No
4297,27,Female,Germany,African,No,No,No,Yes,No
4298,59,Male,China,Caucasian,Yes,No,No,No,No
4299,56,Male,India,Asian,No,No,No,No,No
4300,63,Male,China,Asian,Yes,Yes,No,No,No
4301,34,Female,Russia,African,Yes,No,No,No,No
4302,68,Female,South Korea,Caucasian,Yes,No,No,No,No
4303,50,Female,UK,African,No,No,No,No,Yes
4304,15,Female,China,Caucasian,No,No,No,No,No
4305,29,Female,Germany,Caucasian,No,No,No,No,No
4306,31,Female,China,Asian,Yes,No,No,No,Yes
4307,38,Female,China,Caucasian,No,No,Yes,No,No
4308,72,Female,China,Asian,No,No,Yes,No,No
4309,86,Male,China,Hispanic,No,No,No,No,No
4310,37,Female,India,Caucasian,No,Yes,Yes,No,No
4311,60,Female,China,Hispanic,No,No,No,No,Yes
4312,86,Female,South Korea,Caucasian,No,No,Yes,Yes,No
4313,22,Male,South Korea,Caucasian,No,No,No,No,No
4314,73,Female,Brazil,Middle Eastern,No,No,No,Yes,Yes
4315,73,Female,India,Asian,No,Yes,No,Yes,No
4316,27,Male,India,Asian,No,No,No,No,Yes
4317,53,Female,Russia,Caucasian,No,No,No,No,No
4318,42,Female,India,Hispanic,Yes,No,No,Yes,No
4319,75,Female,Germany,African,No,No,No,No,Yes
4320,30,Female,Nigeria,Caucasian,No,No,No,No,No
4321,16,Female,China,Middle Eastern,No,No,Yes,No,Yes
4322,31,Female,South Korea,Asian,No,No,No,No,No
4323,44,Female,China,Caucasian,No,No,Yes,No,Yes
4324,27,Female,USA,African,No,No,No,Yes,No
4325,27,Male,China,Caucasian,No,No,No,No,Yes
4326,57,Male,India,Asian,No,No,Yes,No,No
4327,35,Female,Nigeria,Middle Eastern,No,No,No,Yes,Yes
4328,69,Female,China,Caucasian,No,No,No,No,No
4329,54,Female,China,Asian,No,No,No,No,No
4330,29,Female,Brazil,African,No,Yes,Yes,No,No
4331,87,Female,India,Caucasian,Yes,No,No,No,No
4332,66,Male,Russia,Hispanic,Yes,No,No,No,No
4333,88,Female,USA,Hispanic,No,No,No,Yes,No
4334,67,Male,India,African,No,No,No,No,No
4335,66,Female,China,Caucasian,No,Yes,No,No,Yes
4336,44,Male,Germany,Asian,No,No,Yes,Yes,No
4337,47,Female,India,Asian,Yes,No,No,No,Yes
4338,71,Female,China,Middle Eastern,Yes,Yes,Yes,No,No
4339,66,Male,Germany,Caucasian,No,No,No,No,No
4340,23,Male,India,African,Yes,No,No,No,Yes
4341,68,Male,South Korea,Hispanic,No,No,No,No,No
4342,15,Male,Nigeria,Asian,No,No,No,No,No
4343,58,Female,China,Caucasian,No,No,No,No,No
4344,89,Male,Nigeria,Asian,No,No,Yes,No,No
4345,23,Male,South Korea,Caucasian,No,No,No,Yes,No
4346,46,Female,Nigeria,Caucasian,No,No,No,No,No
4347,29,Female,China,African,No,No,No,No,No
4348,26,Female,India,African,No,No,No,No,No
4349,71,Male,India,African,No,No,No,No,No
4350,22,Male,Brazil,Caucasian,No,No,No,No,No
4351,86,Male,Brazil,African,Yes,No,No,No,No
4352,41,Male,Russia,Hispanic,No,No,No,No,No
4353,76,Female,India,Caucasian,No,No,Yes,No,No
4354,26,Male,Nigeria,Caucasian,No,No,No,No,No
4355,79,Male,China,Asian,Yes,No,No,Yes,No
4356,56,Female,Russia,African,No,Yes,No,No,No
4357,76,Female,China,Hispanic,Yes,No,No,No,No
4358,25,Female,South Korea,Asian,No,No,No,Yes,No
4359,57,Male,Nigeria,Caucasian,Yes,Yes,No,No,Yes
4360,31,Male,Germany,African,No,No,Yes,No,Yes
4361,46,Female,China,Hispanic,No,Yes,No,No,Yes
4362,54,Female,USA,African,No,No,Yes,Yes,No
4363,37,Female,Brazil,Hispanic,No,No,No,No,No
4364,70,Male,India,Asian,No,No,No,Yes,No
4365,20,Female,China,Hispanic,No,No,No,Yes,No
4366,64,Female,Brazil,Middle Eastern,Yes,Yes,No,Yes,No
4367,51,Female,Japan,Hispanic,No,No,No,No,No
4368,78,Male,India,Caucasian,No,No,Yes,Yes,No
4369,68,Female,China,Hispanic,No,No,No,No,No
4370,86,Female,Japan,Middle Eastern,No,No,No,Yes,Yes
4371,63,Female,India,African,No,No,Yes,No,No
4372,25,Male,Japan,African,Yes,No,No,No,No
4373,63,Male,India,Middle Eastern,No,No,No,No,No
4374,35,Male,Nigeria,African,No,Yes,Yes,No,Yes
4375,80,Male,South Korea,African,Yes,No,Yes,No,Yes
4376,77,Female,Russia,Hispanic,Yes,No,Yes,No,No
4377,42,Male,Nigeria,African,No,No,No,Yes,No
4378,31,Female,India,African,No,No,No,No,Yes
4379,20,Female,China,Asian,No,Yes,No,Yes,No
4380,33,Male,China,African,No,Yes,No,No,Yes
4381,70,Female,South Korea,Asian,No,No,No,No,Yes
4382,42,Female,Nigeria,African,Yes,Yes,No,No,No
4383,80,Male,Japan,Caucasian,No,No,Yes,No,No
4384,52,Female,UK,Middle Eastern,Yes,No,No,No,Yes
4385,51,Male,Russia,Asian,Yes,No,Yes,No,Yes
4386,82,Male,China,Caucasian,No,No,Yes,No,No
4387,63,Male,Nigeria,Hispanic,No,No,No,No,No
4388,57,Female,Nigeria,Middle Eastern,Yes,No,No,No,Yes
4389,50,Male,China,Hispanic,Yes,No,No,No,Yes
4390,72,Male,India,Caucasian,No,No,No,Yes,No
4391,27,Male,Brazil,Asian,No,No,No,No,No
4392,66,Male,Nigeria,Asian,No,No,No,No,Yes
4393,72,Male,Nigeria,Caucasian,Yes,No,No,No,No
4394,46,Male,India,Hispanic,No,No,No,No,No
4395,74,Female,China,African,Yes,No,No,Yes,Yes
4396,72,Female,China,Hispanic,No,No,No,Yes,No
4397,70,Female,India,Middle Eastern,No,Yes,No,No,Yes
4398,42,Female,Brazil,Hispanic,No,No,No,No,No
4399,15,Female,India,Asian,No,No,Yes,No,Yes
4400,56,Female,China,Hispanic,No,No,No,No,No
4401,62,Female,India,Caucasian,No,No,No,No,Yes
4402,54,Female,India,Asian,Yes,No,No,Yes,Yes
4403,77,Female,South Korea,Hispanic,Yes,Yes,No,No,No
4404,86,Female,South Korea,African,No,No,No,No,Yes
4405,18,Male,USA,Caucasian,No,No,No,Yes,Yes
4406,52,Female,Brazil,Middle Eastern,No,No,No,No,No
4407,41,Male,Brazil,Caucasian,No,No,Yes,No,No
4408,23,Male,Nigeria,Asian,Yes,Yes,No,No,No
4409,30,Female,Russia,Hispanic,No,No,Yes,No,No
4410,70,Male,India,African,Yes,No,Yes,Yes,No
4411,45,Female,Brazil,Caucasian,No,No,No,No,No
4412,28,Female,China,Caucasian,No,No,No,No,Yes
4413,39,Male,Russia,Caucasian,Yes,No,No,No,No
4414,48,Male,India,Hispanic,Yes,Yes,No,No,Yes
4415,81,Male,China,Caucasian,No,No,Yes,No,No
4416,38,Female,Japan,Asian,No,No,No,No,Yes
4417,87,Male,Nigeria,Middle Eastern,Yes,No,No,No,No
4418,40,Female,China,African,Yes,No,Yes,No,No
4419,34,Male,Nigeria,Hispanic,No,No,Yes,No,Yes
4420,78,Female,Brazil,Caucasian,No,Yes,No,No,No
4421,24,Male,Japan,Asian,Yes,Yes,Yes,Yes,No
4422,81,Female,Japan,Asian,No,Yes,Yes,Yes,No
4423,38,Male,Japan,Hispanic,Yes,No,No,No,No
4424,19,Female,Nigeria,Hispanic,No,No,No,No,No
4425,81,Male,Germany,African,No,No,No,No,No
4426,72,Female,Nigeria,Asian,No,No,No,No,No
4427,41,Male,India,Asian,No,No,Yes,No,No
4428,29,Male,India,Caucasian,No,No,No,No,No
4429,49,Male,India,Asian,Yes,No,No,No,Yes
4430,67,Male,Germany,African,No,No,No,No,No
4431,58,Male,Russia,Asian,No,No,No,No,Yes
4432,40,Male,India,African,Yes,No,No,No,No
4433,61,Female,Nigeria,African,No,No,Yes,Yes,No
4434,48,Male,India,Caucasian,No,No,No,Yes,No
4435,64,Female,USA,African,No,No,No,No,No
4436,26,Female,UK,Middle Eastern,No,No,No,No,Yes
4437,18,Male,Russia,Caucasian,No,No,No,No,No
4438,62,Male,UK,Asian,No,No,Yes,No,No
4439,69,Female,China,Caucasian,No,No,No,No,No
4440,15,Female,Nigeria,African,Yes,No,No,No,No
4441,80,Female,China,African,Yes,No,No,No,Yes
4442,44,Female,South Korea,Middle Eastern,Yes,Yes,No,No,No
4443,17,Male,Nigeria,Asian,No,No,No,No,No
4444,35,Female,Germany,Asian,No,No,No,No,No
4445,63,Female,India,Asian,No,No,Yes,No,Yes
4446,76,Male,UK,African,No,No,Yes,No,No
4447,52,Male,USA,Asian,No,No,No,No,No
4448,29,Female,Russia,Asian,No,No,No,No,No
4449,66,Female,Nigeria,Caucasian,No,No,No,No,No
4450,60,Female,Russia,Hispanic,Yes,No,No,No,No
4451,39,Female,USA,African,Yes,No,No,No,No
4452,35,Male,India,Asian,Yes,Yes,No,No,Yes
4453,19,Female,South Korea,Asian,Yes,No,No,No,Yes
4454,84,Male,China,Asian,Yes,No,Yes,No,No
4455,61,Male,India,Middle Eastern,No,No,Yes,No,No
4456,82,Male,Brazil,Middle Eastern,No,No,No,No,No
4457,32,Male,China,Middle Eastern,No,Yes,Yes,No,Yes
4458,35,Female,South Korea,Middle Eastern,Yes,No,No,No,No
4459,37,Male,South Korea,Hispanic,Yes,No,No,No,Yes
4460,78,Male,China,Caucasian,Yes,Yes,Yes,No,No
4461,81,Male,India,African,No,Yes,No,No,No
4462,54,Female,India,Hispanic,No,No,No,Yes,Yes
4463,24,Female,India,Caucasian,Yes,No,Yes,Yes,No
4464,66,Female,UK,Asian,No,No,No,Yes,No
4465,86,Male,Japan,African,No,No,No,Yes,Yes
4466,89,Female,China,African,No,Yes,Yes,No,No
4467,75,Male,Nigeria,Caucasian,No,No,No,No,No
4468,78,Female,Nigeria,Middle Eastern,No,No,Yes,No,No
4469,19,Female,Brazil,Hispanic,Yes,No,No,Yes,No
4470,67,Female,India,Asian,Yes,No,Yes,No,No
4471,69,Female,Nigeria,Asian,No,No,Yes,No,No
4472,51,Female,Brazil,African,No,No,No,No,Yes
4473,70,Male,India,African,Yes,No,No,No,No
4474,73,Female,UK,African,Yes,No,No,No,No
4475,83,Female,Russia,Hispanic,No,No,No,No,No
4476,87,Male,Russia,Caucasian,No,No,Yes,No,Yes
4477,73,Male,India,Middle Eastern,Yes,No,Yes,No,No
4478,16,Male,Russia,Middle Eastern,No,Yes,No,No,Yes
4479,79,Male,India,Hispanic,No,No,No,No,Yes
4480,74,Male,India,Asian,No,No,No,No,No
4481,65,Female,India,Caucasian,No,No,No,No,No
4482,44,Female,India,Caucasian,Yes,No,No,No,Yes
4483,25,Male,China,Caucasian,No,Yes,No,No,Yes
4484,53,Male,China,Caucasian,Yes,Yes,No,No,Yes
4485,86,Female,Brazil,Asian,No,No,No,No,No
4486,77,Female,South Korea,Asian,Yes,No,No,Yes,No
4487,78,Male,India,Hispanic,No,No,No,Yes,Yes
4488,75,Male,India,Caucasian,No,No,No,No,Yes
4489,68,Female,Russia,Caucasian,Yes,No,No,No,No
4490,87,Female,Japan,Caucasian,No,Yes,Yes,Yes,No
4491,72,Female,Japan,African,No,Yes,No,No,Yes
4492,70,Male,China,Caucasian,Yes,Yes,Yes,No,No
4493,48,Male,China,Asian,No,No,No,No,No
4494,45,Female,South Korea,Caucasian,Yes,No,Yes,No,No
4495,66,Female,Nigeria,Caucasian,No,Yes,No,No,Yes
4496,15,Female,South Korea,Caucasian,Yes,No,No,No,No
4497,69,Male,Brazil,Caucasian,Yes,No,No,Yes,No
4498,36,Female,Russia,Caucasian,No,No,Yes,No,No
4499,54,Female,Russia,Asian,No,No,Yes,No,No
4500,15,Male,India,Asian,No,No,No,Yes,No
4501,79,Female,China,African,No,No,No,No,No
4502,77,Female,Brazil,Caucasian,No,No,No,No,No
4503,68,Female,Nigeria,Caucasian,No,No,No,No,No
4504,56,Female,UK,Asian,Yes,Yes,No,No,Yes
4505,35,Male,India,Middle Eastern,No,No,No,Yes,Yes
4506,36,Male,Germany,Caucasian,No,No,No,Yes,No
4507,52,Female,Brazil,Hispanic,Yes,Yes,Yes,No,Yes
4508,22,Male,India,Asian,No,No,No,No,No
4509,76,Male,China,Caucasian,Yes,No,No,No,Yes
4510,61,Female,Japan,African,No,No,No,No,No
4511,31,Female,India,Asian,No,No,No,No,No
4512,31,Female,Brazil,Caucasian,No,No,No,No,No
4513,27,Male,India,Middle Eastern,No,No,No,No,No
4514,31,Female,India,Hispanic,No,Yes,No,No,No
4515,52,Male,South Korea,Asian,Yes,No,Yes,No,No
4516,59,Male,South Korea,Asian,Yes,No,No,Yes,No
4517,20,Male,China,Caucasian,No,No,Yes,No,No
4518,49,Male,India,Asian,No,No,No,No,No
4519,28,Male,Russia,Caucasian,No,No,No,No,No
4520,86,Female,India,Hispanic,Yes,No,Yes,No,No
4521,75,Female,UK,Hispanic,No,No,No,Yes,No
4522,29,Female,Japan,Caucasian,Yes,No,No,Yes,No
4523,68,Male,China,African,No,No,No,No,No
4524,41,Female,China,Caucasian,No,No,No,No,Yes
4525,27,Female,India,Caucasian,No,Yes,No,No,No
4526,45,Male,UK,Hispanic,No,No,No,No,No
4527,49,Male,South Korea,Caucasian,No,No,No,No,No
4528,74,Male,Nigeria,Caucasian,No,No,Yes,No,No
4529,20,Male,Japan,Caucasian,Yes,No,Yes,No,Yes
4530,83,Female,Nigeria,Asian,No,Yes,No,No,No
4531,72,Male,Brazil,Caucasian,No,No,No,No,No
4532,63,Male,South Korea,Middle Eastern,No,No,No,No,Yes
4533,37,Female,India,Middle Eastern,No,No,No,No,Yes
4534,48,Female,Brazil,African,Yes,Yes,No,No,No
4535,40,Female,USA,African,Yes,No,No,No,No
4536,61,Male,Nigeria,Caucasian,No,No,No,No,Yes
4537,19,Female,China,Asian,No,Yes,No,No,No
4538,34,Female,India,Caucasian,No,No,Yes,No,No
4539,20,Female,Germany,Caucasian,No,No,No,No,Yes
4540,84,Female,China,Hispanic,No,No,No,Yes,Yes
4541,73,Female,India,Caucasian,No,Yes,No,No,No
4542,78,Female,Nigeria,Caucasian,Yes,No,No,No,Yes
4543,32,Female,Japan,Asian,Yes,No,Yes,No,No
4544,18,Male,India,Asian,No,No,Yes,Yes,No
4545,31,Male,Nigeria,Asian,Yes,No,No,Yes,No
4546,28,Female,Brazil,Middle Eastern,No,No,No,No,No
4547,27,Female,Russia,African,No,No,No,No,No
4548,21,Female,USA,Middle Eastern,Yes,No,Yes,No,No
4549,58,Female,China,Asian,No,No,Yes,No,Yes
4550,29,Male,India,Asian,No,No,No,No,Yes
4551,33,Male,India,Asian,No,No,Yes,No,Yes
4552,77,Male,China,African,No,Yes,No,No,No
4553,49,Male,Nigeria,Hispanic,No,No,Yes,Yes,Yes
4554,49,Male,India,Hispanic,No,No,Yes,No,Yes
4555,33,Male,USA,African,No,No,No,Yes,Yes
4556,34,Female,Nigeria,Hispanic,No,No,No,Yes,No
4557,49,Male,Brazil,Asian,Yes,No,No,No,No
4558,46,Male,India,Caucasian,No,No,Yes,No,Yes
4559,62,Female,China,Asian,No,No,No,No,No
4560,58,Female,China,Middle Eastern,Yes,No,No,No,Yes
4561,38,Male,Brazil,African,No,Yes,No,No,No
4562,75,Female,China,Asian,No,Yes,No,No,Yes
4563,31,Female,Russia,Caucasian,No,No,No,No,No
4564,85,Female,India,Asian,No,Yes,No,No,Yes
4565,64,Female,USA,Middle Eastern,No,No,No,Yes,Yes
4566,79,Female,South Korea,Asian,Yes,No,No,Yes,Yes
4567,46,Female,USA,African,No,No,No,No,No
4568,50,Female,India,Middle Eastern,No,No,No,No,Yes
4569,27,Male,India,Asian,Yes,No,No,No,No
4570,84,Female,Nigeria,African,Yes,No,No,Yes,Yes
4571,72,Female,India,Caucasian,No,No,No,No,No
4572,28,Male,Brazil,Asian,No,No,No,No,No
4573,51,Male,Brazil,African,Yes,No,No,No,No
4574,82,Female,Russia,Asian,No,No,No,Yes,No
4575,54,Male,Brazil,Caucasian,No,Yes,Yes,No,Yes
4576,73,Female,Russia,Caucasian,No,No,No,No,No
4577,30,Female,Russia,Hispanic,No,No,Yes,Yes,No
4578,76,Male,Nigeria,African,No,No,No,No,Yes
4579,18,Female,India,African,No,No,No,Yes,Yes
4580,59,Male,India,Hispanic,Yes,No,No,No,Yes
4581,42,Female,India,Asian,No,No,Yes,No,No
4582,80,Female,Nigeria,African,No,No,No,No,No
4583,45,Female,South Korea,African,No,No,No,No,No
4584,17,Female,Russia,Caucasian,No,No,No,Yes,No
4585,22,Female,Japan,Asian,No,No,Yes,Yes,No
4586,38,Male,USA,African,No,No,Yes,No,No
4587,29,Male,Japan,African,No,No,Yes,No,No
4588,57,Female,Germany,Asian,No,No,Yes,No,Yes
4589,45,Female,China,Middle Eastern,No,No,No,No,No
4590,87,Female,Russia,Caucasian,No,No,No,No,No
4591,59,Female,India,Middle Eastern,Yes,Yes,Yes,No,Yes
4592,80,Male,India,African,No,No,No,No,Yes
4593,22,Male,Brazil,African,No,No,No,No,No
4594,85,Female,Brazil,Caucasian,Yes,Yes,No,No,No
4595,71,Female,Russia,Asian,No,No,No,Yes,Yes
4596,44,Female,UK,Asian,No,No,No,No,Yes
4597,88,Female,China,Asian,No,No,No,No,Yes
4598,32,Female,Germany,Hispanic,No,No,Yes,No,Yes
4599,83,Female,South Korea,Hispanic,No,No,No,No,No
4600,53,Female,UK,Asian,No,No,No,Yes,No
4601,74,Female,South Korea,Caucasian,No,No,No,No,Yes
4602,57,Female,India,Caucasian,No,No,No,No,Yes
4603,59,Male,Brazil,Hispanic,Yes,No,Yes,No,Yes
4604,37,Male,India,Asian,Yes,No,No,No,Yes
4605,83,Male,Russia,Hispanic,Yes,No,No,No,No
4606,20,Female,India,African,No,No,No,No,No
4607,70,Male,South Korea,Caucasian,No,No,No,No,No
4608,18,Male,Japan,Caucasian,No,No,No,No,No
4609,37,Male,Brazil,Asian,No,No,No,No,No
4610,20,Male,China,Caucasian,No,No,No,Yes,Yes
4611,46,Male,India,Caucasian,No,No,No,Yes,No
4612,32,Female,Brazil,African,No,No,Yes,Yes,No
4613,29,Male,Japan,Caucasian,No,No,No,Yes,No
4614,54,Female,China,Caucasian,No,No,No,No,No
4615,87,Female,Japan,Asian,Yes,No,Yes,No,No
4616,88,Female,Russia,Asian,No,No,No,No,Yes
4617,20,Male,South Korea,African,No,No,No,No,No
4618,77,Male,Brazil,African,No,No,No,No,No
4619,81,Female,UK,Asian,No,No,No,No,No
4620,25,Male,Germany,African,No,Yes,No,No,No
4621,57,Female,India,Caucasian,No,No,No,No,Yes
4622,31,Female,India,African,Yes,No,No,Yes,No
4623,18,Male,USA,Middle Eastern,No,No,No,No,No
4624,77,Female,India,Middle Eastern,No,No,No,Yes,Yes
4625,82,Female,India,Caucasian,No,No,No,No,No
4626,55,Female,Brazil,Asian,No,No,No,Yes,Yes
4627,19,Male,China,Middle Eastern,No,No,No,No,Yes
4628,46,Male,Nigeria,Asian,Yes,No,No,No,No
4629,84,Male,Russia,Caucasian,No,No,No,No,Yes
4630,49,Female,India,Hispanic,Yes,No,No,No,No
4631,36,Female,Brazil,Caucasian,No,Yes,No,Yes,Yes
4632,79,Female,China,Caucasian,Yes,No,Yes,No,Yes
4633,36,Female,China,African,No,No,No,Yes,No
4634,25,Female,Nigeria,Hispanic,No,No,Yes,No,No
4635,17,Female,Russia,Middle Eastern,Yes,Yes,Yes,No,No
4636,23,Female,Russia,Hispanic,No,No,No,Yes,Yes
4637,74,Female,Japan,Asian,No,No,No,No,Yes
4638,28,Male,India,Caucasian,No,No,Yes,Yes,No
4639,32,Male,Nigeria,Caucasian,No,No,No,No,No
4640,87,Male,China,Hispanic,No,Yes,No,No,No
4641,37,Male,China,Asian,No,No,Yes,No,Yes
4642,88,Female,China,African,No,Yes,Yes,No,Yes
4643,61,Male,Brazil,Caucasian,No,No,No,No,No
4644,83,Male,China,African,No,No,Yes,No,No
4645,61,Male,Japan,Asian,Yes,No,No,No,No
4646,44,Male,India,Asian,No,No,No,No,No
4647,39,Female,China,Asian,Yes,Yes,No,No,Yes
4648,42,Male,Nigeria,African,No,No,No,No,No
4649,39,Male,China,African,No,Yes,No,Yes,No
4650,88,Female,USA,African,No,No,No,No,No
4651,72,Female,Nigeria,Hispanic,Yes,No,Yes,No,No
4652,55,Male,Nigeria,Caucasian,No,No,No,No,No
4653,39,Female,India,Caucasian,Yes,No,No,Yes,Yes
4654,62,Male,China,Hispanic,No,No,No,No,No
4655,24,Female,Nigeria,Caucasian,No,No,Yes,No,No
4656,89,Male,India,Hispanic,No,No,Yes,No,No
4657,25,Female,UK,Asian,Yes,No,No,No,Yes
4658,35,Female,China,Caucasian,No,No,No,No,Yes
4659,59,Female,South Korea,Caucasian,Yes,No,Yes,No,No
4660,21,Female,Nigeria,Hispanic,Yes,Yes,No,No,No
4661,78,Male,India,Middle Eastern,No,No,Yes,No,Yes
4662,78,Male,Russia,Hispanic,No,No,No,Yes,Yes
4663,16,Female,USA,Caucasian,No,Yes,No,No,No
4664,56,Male,China,Asian,Yes,No,No,No,Yes
4665,68,Female,China,Asian,No,No,No,No,Yes
4666,89,Female,Brazil,Asian,No,Yes,No,No,No
4667,30,Female,India,Hispanic,Yes,No,No,No,Yes
4668,32,Female,China,Asian,No,No,Yes,No,No
4669,73,Male,USA,Hispanic,Yes,No,No,No,No
4670,30,Female,India,African,No,No,No,Yes,No
4671,20,Male,South Korea,Caucasian,No,No,No,No,Yes
4672,71,Female,China,Caucasian,No,Yes,No,No,No
4673,61,Male,South Korea,Caucasian,Yes,No,Yes,No,No
4674,62,Male,China,Middle Eastern,No,No,No,No,Yes
4675,56,Female,India,Hispanic,No,No,Yes,No,No
4676,74,Female,India,Caucasian,No,No,No,No,No
4677,18,Female,India,Caucasian,Yes,No,No,Yes,No
4678,16,Female,UK,Middle Eastern,No,Yes,Yes,No,No
4679,73,Male,India,Hispanic,No,No,No,No,No
4680,41,Female,India,African,No,No,Yes,No,No
4681,41,Male,Russia,Caucasian,No,Yes,No,No,Yes
4682,86,Female,India,African,No,Yes,No,Yes,No
4683,21,Female,Brazil,African,No,No,Yes,No,No
4684,77,Male,Russia,Middle Eastern,No,No,No,No,Yes
4685,60,Female,China,Caucasian,No,No,No,Yes,Yes
4686,77,Male,India,African,No,No,No,Yes,No
4687,26,Female,Russia,Caucasian,Yes,Yes,Yes,No,No
4688,27,Female,Russia,Middle Eastern,No,No,No,No,No
4689,57,Male,India,Caucasian,Yes,No,No,No,Yes
4690,31,Female,Germany,Caucasian,No,No,Yes,No,No
4691,77,Female,Nigeria,Caucasian,No,No,No,No,No
4692,50,Male,Nigeria,African,No,No,No,No,No
4693,22,Female,China,Caucasian,No,No,No,No,Yes
4694,83,Male,Nigeria,Caucasian,No,No,Yes,No,No
4695,50,Female,Brazil,Asian,No,Yes,Yes,No,No
4696,42,Female,USA,Middle Eastern,No,No,Yes,Yes,No
4697,61,Female,India,Asian,No,No,No,No,No
4698,44,Male,Russia,Asian,No,No,No,No,Yes
4699,37,Male,UK,African,No,No,No,No,No
4700,30,Female,Russia,Asian,No,No,No,No,Yes
4701,28,Female,UK,African,No,No,Yes,No,No
4702,88,Male,China,African,No,No,No,No,No
4703,85,Female,Brazil,Caucasian,No,Yes,No,No,No
4704,66,Male,China,Caucasian,Yes,Yes,No,No,No
4705,51,Female,Brazil,Caucasian,No,No,No,Yes,No
4706,43,Female,Brazil,Caucasian,Yes,No,No,Yes,Yes
4707,81,Male,India,Caucasian,No,Yes,No,No,Yes
4708,29,Female,Japan,Caucasian,Yes,No,Yes,No,Yes
4709,61,Female,Brazil,Asian,Yes,Yes,No,No,Yes
4710,60,Female,India,Asian,No,No,Yes,No,No
4711,66,Female,Germany,Caucasian,Yes,Yes,No,No,No
4712,33,Female,USA,African,No,No,No,No,No
4713,35,Male,China,Asian,Yes,No,No,No,Yes
4714,78,Female,South Korea,Asian,Yes,No,No,No,No
4715,51,Female,South Korea,African,No,No,No,No,No
4716,41,Male,Russia,Asian,No,No,No,Yes,No
4717,69,Male,Japan,Caucasian,No,No,No,Yes,Yes
4718,43,Female,Germany,Middle Eastern,No,No,No,No,No
4719,34,Male,South Korea,Caucasian,Yes,No,No,Yes,No
4720,39,Female,USA,Caucasian,No,No,No,No,No
4721,84,Female,Germany,Asian,No,No,No,Yes,No
4722,77,Male,India,Caucasian,No,No,No,No,Yes
4723,50,Female,Russia,African,Yes,No,No,No,Yes
4724,16,Female,India,African,No,No,No,Yes,No
4725,36,Female,India,Caucasian,No,No,Yes,No,No
4726,30,Female,Russia,African,Yes,No,Yes,No,No
4727,32,Male,Russia,Asian,Yes,No,Yes,No,No
4728,83,Male,Brazil,Caucasian,No,No,No,No,No
4729,68,Male,Russia,African,No,Yes,Yes,No,Yes
4730,44,Female,Brazil,African,No,No,No,No,No
4731,59,Male,Brazil,Caucasian,No,No,Yes,Yes,No
4732,33,Male,Nigeria,Hispanic,No,No,No,No,No
4733,48,Female,India,Caucasian,No,Yes,No,Yes,No
4734,27,Female,Japan,Middle Eastern,No,No,No,No,No
4735,57,Female,India,Caucasian,No,No,Yes,No,No
4736,76,Female,Japan,Hispanic,Yes,Yes,Yes,No,No
4737,36,Female,Nigeria,Caucasian,No,No,No,No,No
4738,66,Female,China,Asian,No,No,No,No,No
4739,66,Female,South Korea,Hispanic,No,No,No,No,No
4740,50,Female,Germany,Asian,No,No,Yes,No,No
4741,87,Female,Brazil,Caucasian,No,Yes,Yes,No,No
4742,33,Female,Japan,Caucasian,No,No,No,No,No
4743,52,Male,Russia,Asian,No,No,Yes,No,Yes
4744,84,Female,Nigeria,Middle Eastern,No,No,No,No,Yes
4745,71,Female,Brazil,Caucasian,Yes,No,No,No,No
4746,34,Male,South Korea,African,Yes,No,No,No,Yes
4747,23,Male,China,Asian,Yes,No,No,No,No
4748,46,Female,China,Asian,No,No,No,No,No
4749,18,Male,Japan,African,No,No,Yes,No,No
4750,64,Female,Brazil,Asian,No,No,No,No,Yes
4751,19,Male,China,Asian,Yes,No,No,No,No
4752,34,Female,India,Caucasian,No,No,No,No,No
4753,89,Female,China,Caucasian,No,No,No,No,No
4754,51,Female,India,Caucasian,No,No,No,No,No
4755,36,Male,India,African,No,No,Yes,No,Yes
4756,72,Male,China,Caucasian,No,No,Yes,No,No
4757,82,Female,India,Asian,No,Yes,No,Yes,No
4758,58,Male,Russia,Hispanic,Yes,No,No,No,No
4759,48,Male,India,Middle Eastern,Yes,No,No,No,No
4760,56,Female,China,Caucasian,No,No,Yes,Yes,No
4761,23,Female,UK,African,No,No,No,No,Yes
4762,21,Female,India,African,No,No,No,No,No
4763,82,Male,China,African,Yes,No,No,No,No
4764,33,Female,UK,African,No,Yes,No,No,No
4765,45,Male,Japan,Asian,No,Yes,Yes,No,Yes
4766,49,Male,India,African,No,Yes,No,No,No
4767,71,Female,Russia,African,Yes,No,Yes,No,No
4768,75,Male,Japan,Caucasian,No,Yes,No,No,No
4769,45,Male,Nigeria,Caucasian,Yes,No,No,No,Yes
4770,67,Female,Nigeria,Hispanic,Yes,No,No,Yes,No
4771,46,Male,Brazil,Middle Eastern,No,No,No,No,Yes
4772,80,Male,China,Middle Eastern,No,Yes,No,No,No
4773,73,Male,China,Asian,No,No,No,No,No
4774,24,Female,China,Hispanic,No,No,No,No,Yes
4775,16,Female,Brazil,Asian,No,Yes,Yes,Yes,Yes
4776,80,Female,China,Caucasian,Yes,No,No,No,Yes
4777,74,Female,South Korea,Hispanic,No,No,Yes,No,Yes
4778,31,Male,China,Asian,No,No,No,No,Yes
4779,30,Female,China,Hispanic,No,No,No,No,No
4780,30,Male,China,Middle Eastern,No,No,No,No,No
4781,60,Female,Nigeria,Middle Eastern,Yes,No,Yes,No,No
4782,53,Male,Russia,Hispanic,No,No,Yes,No,No
4783,45,Male,South Korea,Asian,No,No,No,No,No
4784,15,Female,India,Caucasian,Yes,No,No,No,No
4785,25,Female,Nigeria,Caucasian,No,No,No,No,No
4786,18,Female,Nigeria,Caucasian,No,No,No,No,Yes
4787,85,Male,China,Asian,No,Yes,No,No,No
4788,40,Male,India,Caucasian,Yes,Yes,No,No,No
4789,64,Female,China,Asian,Yes,No,No,Yes,No
4790,26,Male,China,Caucasian,No,No,No,Yes,No
4791,89,Female,India,Caucasian,No,Yes,No,No,No
4792,79,Female,China,Asian,No,No,No,No,No
4793,61,Male,China,African,No,No,No,No,Yes
4794,67,Male,Russia,African,No,No,No,No,No
4795,85,Female,Nigeria,Caucasian,No,No,No,No,Yes
4796,16,Female,India,African,No,Yes,No,No,Yes
4797,38,Male,China,Caucasian,No,No,Yes,No,No
4798,18,Male,China,African,No,No,No,No,No
4799,33,Male,India,Hispanic,No,No,Yes,Yes,No
4800,40,Male,Brazil,Caucasian,No,Yes,No,No,Yes
4801,89,Female,Brazil,Caucasian,No,No,Yes,Yes,No
4802,54,Female,China,Asian,No,No,Yes,No,No
4803,64,Female,Nigeria,Asian,No,No,No,Yes,No
4804,57,Female,China,Hispanic,No,No,No,No,No
4805,89,Female,China,Caucasian,Yes,No,No,Yes,No
4806,81,Female,Nigeria,Hispanic,No,No,Yes,Yes,Yes
4807,26,Female,Russia,African,Yes,No,Yes,No,No
4808,81,Male,UK,African,No,Yes,Yes,No,No
4809,41,Male,Brazil,African,No,No,No,No,No
4810,68,Female,Japan,Caucasian,No,No,No,No,No
4811,80,Female,India,Middle Eastern,Yes,No,Yes,Yes,Yes
4812,63,Male,India,Hispanic,No,No,No,No,No
4813,30,Female,China,Caucasian,No,No,No,No,No
4814,16,Female,Nigeria,Hispanic,No,No,No,No,No
4815,74,Male,Brazil,Caucasian,No,No,No,No,No
4816,68,Female,China,Hispanic,No,No,No,Yes,No
4817,44,Female,Nigeria,Hispanic,No,No,No,No,No
4818,52,Male,China,Asian,Yes,No,No,No,No
4819,42,Female,Nigeria,Caucasian,Yes,Yes,No,No,Yes
4820,39,Female,Brazil,African,No,No,No,No,Yes
4821,24,Female,USA,Caucasian,Yes,Yes,No,No,No
4822,74,Male,India,Middle Eastern,No,No,Yes,No,No
4823,56,Female,China,Caucasian,No,No,No,No,No
4824,54,Female,Nigeria,Hispanic,No,No,Yes,No,No
4825,56,Male,China,Asian,No,No,No,No,No
4826,61,Female,China,Caucasian,No,No,No,No,No
4827,51,Male,USA,Asian,Yes,Yes,No,Yes,No
4828,36,Female,Nigeria,Caucasian,No,No,No,Yes,No
4829,71,Female,Germany,Caucasian,No,No,No,Yes,No
4830,41,Male,China,Middle Eastern,No,No,No,Yes,No
4831,55,Male,Russia,Asian,No,No,Yes,Yes,No
4832,48,Male,Germany,Asian,No,No,Yes,No,No
4833,46,Female,Germany,Asian,Yes,No,No,Yes,No
4834,80,Male,South Korea,Caucasian,No,No,No,Yes,No
4835,26,Female,USA,Middle Eastern,No,No,No,No,Yes
4836,54,Female,UK,Caucasian,Yes,No,No,No,No
4837,87,Female,China,Asian,No,Yes,No,No,No
4838,87,Female,Russia,Asian,No,No,No,No,No
4839,24,Male,Brazil,Caucasian,No,No,No,Yes,No
4840,62,Male,USA,African,No,No,No,Yes,No
4841,34,Male,Nigeria,Asian,No,Yes,No,No,No
4842,53,Male,USA,Caucasian,Yes,Yes,No,No,No
4843,74,Male,Brazil,Middle Eastern,No,No,No,Yes,No
4844,80,Female,USA,Asian,No,No,Yes,Yes,Yes
4845,79,Male,Japan,Hispanic,Yes,No,No,Yes,No
4846,65,Male,Russia,Hispanic,No,Yes,No,Yes,Yes
4847,50,Female,UK,Asian,Yes,No,No,No,Yes
4848,38,Female,Brazil,African,Yes,No,No,No,No
4849,41,Male,South Korea,Hispanic,Yes,No,No,No,No
4850,16,Male,USA,Asian,No,No,No,No,No
4851,45,Female,India,African,No,No,Yes,No,No
4852,71,Female,China,Caucasian,No,No,Yes,No,No
4853,80,Male,India,Caucasian,Yes,No,Yes,No,No
4854,43,Female,Russia,Asian,No,No,No,No,Yes
4855,29,Male,Russia,African,No,No,No,No,Yes
4856,26,Female,Russia,Middle Eastern,No,No,No,No,Yes
4857,42,Female,Germany,Caucasian,Yes,No,No,No,No
4858,38,Male,India,Asian,No,No,No,No,No
4859,35,Male,India,African,No,No,No,No,No
4860,24,Female,China,African,No,Yes,Yes,No,No
4861,32,Female,UK,Middle Eastern,Yes,No,Yes,No,No
4862,28,Male,China,Asian,Yes,No,No,Yes,No
4863,48,Male,UK,Caucasian,Yes,Yes,No,No,No
4864,72,Female,China,Caucasian,No,No,Yes,No,Yes
4865,36,Female,UK,Caucasian,No,No,No,Yes,No
4866,84,Female,India,Asian,Yes,No,No,No,No
4867,50,Male,Japan,African,Yes,No,No,No,Yes
4868,59,Male,China,Caucasian,No,No,No,No,No
4869,50,Male,India,Asian,Yes,No,No,No,No
4870,36,Female,Japan,African,Yes,No,No,No,No
4871,75,Female,USA,African,No,No,No,No,No
4872,70,Male,UK,Caucasian,Yes,Yes,Yes,No,Yes
4873,47,Female,South Korea,Caucasian,Yes,No,Yes,No,No
4874,59,Female,Russia,African,No,No,Yes,No,Yes
4875,50,Female,USA,Caucasian,No,No,No,Yes,Yes
4876,34,Male,India,Middle Eastern,No,No,No,No,No
4877,32,Male,Japan,Asian,No,No,No,No,Yes
4878,52,Female,Brazil,Hispanic,No,No,No,No,Yes
4879,81,Female,Russia,Asian,No,No,No,No,No
4880,37,Female,South Korea,Hispanic,Yes,No,Yes,No,No
4881,30,Female,India,Caucasian,No,No,Yes,No,No
4882,73,Male,Germany,African,No,Yes,No,Yes,Yes
4883,83,Female,India,Hispanic,Yes,No,No,Yes,No
4884,82,Female,China,African,Yes,No,No,Yes,No
4885,35,Female,Japan,Caucasian,No,No,No,Yes,Yes
4886,84,Female,China,Caucasian,Yes,Yes,No,No,No
4887,26,Male,China,Caucasian,No,Yes,No,Yes,No
4888,30,Female,China,Hispanic,No,No,No,No,No
4889,28,Female,Germany,Asian,No,No,No,No,No
4890,75,Female,China,Hispanic,Yes,No,Yes,Yes,No
4891,85,Female,China,Caucasian,Yes,No,No,Yes,No
4892,60,Male,Germany,Caucasian,No,No,Yes,Yes,No
4893,46,Female,China,Hispanic,No,Yes,No,No,No
4894,29,Female,India,Asian,No,No,Yes,No,Yes
4895,58,Male,UK,Caucasian,No,No,Yes,No,No
4896,31,Male,China,African,Yes,No,No,No,No
4897,55,Female,Japan,Caucasian,No,No,No,Yes,No
4898,68,Female,Russia,Caucasian,No,No,No,No,No
4899,58,Female,India,African,Yes,No,Yes,Yes,No
4900,19,Female,Japan,African,No,Yes,No,No,No
4901,41,Male,India,Caucasian,No,No,Yes,No,No
4902,57,Male,India,Caucasian,No,No,No,No,Yes
4903,45,Female,India,Asian,Yes,Yes,No,Yes,No
4904,31,Female,Russia,Hispanic,No,No,Yes,No,Yes
4905,68,Female,Nigeria,Caucasian,No,No,No,Yes,No
4906,76,Male,Nigeria,Caucasian,Yes,No,No,No,No
4907,46,Female,Japan,Caucasian,No,No,No,No,No
4908,54,Male,Japan,Caucasian,No,No,No,No,No
4909,27,Female,Brazil,African,No,No,No,No,No
4910,49,Male,Russia,Middle Eastern,No,No,No,No,No
4911,19,Male,South Korea,Caucasian,No,No,Yes,No,Yes
4912,87,Male,Japan,African,Yes,No,Yes,No,Yes
4913,43,Male,Brazil,Asian,No,No,No,No,Yes
4914,84,Female,Japan,Caucasian,No,No,Yes,No,No
4915,39,Female,South Korea,Caucasian,No,No,No,No,No
4916,36,Female,India,Hispanic,Yes,No,No,No,No
4917,80,Male,UK,Caucasian,No,No,No,No,No
4918,59,Male,USA,Caucasian,No,No,No,No,No
4919,83,Male,Brazil,Caucasian,Yes,No,No,No,Yes
4920,86,Female,India,Caucasian,No,No,Yes,Yes,Yes
4921,15,Male,Japan,Caucasian,Yes,Yes,Yes,No,No
4922,58,Female,Germany,Caucasian,No,No,No,No,Yes
4923,89,Male,Nigeria,Caucasian,No,Yes,No,No,No
4924,53,Female,Nigeria,Caucasian,No,No,No,No,No
4925,68,Male,India,Asian,No,No,No,Yes,No
4926,89,Female,China,Caucasian,Yes,No,No,No,Yes
4927,43,Female,Japan,Caucasian,No,No,No,No,Yes
4928,68,Female,Nigeria,Caucasian,Yes,No,No,No,Yes
4929,30,Male,Germany,Asian,Yes,No,Yes,No,Yes
4930,34,Female,Brazil,African,No,No,No,Yes,No
4931,60,Female,Nigeria,Asian,No,No,Yes,No,Yes
4932,81,Male,India,African,No,Yes,Yes,No,Yes
4933,79,Male,Brazil,Asian,No,No,No,Yes,No
4934,72,Female,Nigeria,Middle Eastern,Yes,No,Yes,No,No
4935,67,Female,Nigeria,Caucasian,Yes,No,No,Yes,No
4936,15,Female,Nigeria,Caucasian,No,No,No,No,No
4937,80,Female,South Korea,Caucasian,No,No,No,No,No
4938,43,Female,Russia,Asian,Yes,No,No,No,No
4939,84,Male,Germany,Middle Eastern,No,No,No,No,No
4940,22,Male,China,Caucasian,No,No,No,No,Yes
4941,43,Female,Germany,Middle Eastern,No,Yes,No,No,No
4942,65,Female,Japan,African,No,Yes,Yes,No,No
4943,47,Female,Russia,Asian,No,No,No,No,No
4944,17,Male,India,African,Yes,No,No,Yes,No
4945,74,Female,India,Asian,No,Yes,No,No,No
4946,49,Female,Nigeria,Middle Eastern,Yes,Yes,Yes,No,Yes
4947,83,Female,India,Caucasian,No,No,Yes,No,Yes
4948,34,Female,India,African,No,No,No,No,No
4949,87,Female,Nigeria,African,No,Yes,No,No,No
4950,53,Female,UK,Asian,No,No,No,No,No
4951,18,Male,Russia,African,No,No,No,No,No
4952,33,Female,Brazil,Caucasian,Yes,No,No,No,Yes
4953,59,Female,Brazil,Caucasian,No,Yes,No,No,No
4954,57,Female,Russia,Caucasian,No,No,Yes,No,No
4955,27,Male,Japan,Caucasian,No,Yes,No,No,Yes
4956,27,Male,Russia,Hispanic,Yes,No,No,No,No
4957,74,Male,India,Middle Eastern,Yes,No,No,Yes,No
4958,71,Female,Nigeria,Asian,Yes,No,Yes,No,Yes
4959,66,Female,Brazil,Asian,No,No,Yes,No,No
4960,67,Female,South Korea,Hispanic,Yes,No,Yes,No,No
4961,57,Female,Japan,Middle Eastern,No,No,No,No,Yes
4962,86,Male,Germany,Asian,No,No,No,Yes,Yes
4963,86,Male,Brazil,Hispanic,No,No,No,No,No
4964,56,Female,Nigeria,Asian,No,Yes,No,No,Yes
4965,40,Male,India,African,No,Yes,Yes,No,No
4966,37,Male,South Korea,African,No,No,No,No,No
4967,57,Male,South Korea,Asian,Yes,No,Yes,No,No
4968,42,Male,Germany,Hispanic,No,No,No,No,No
4969,23,Male,China,African,No,No,No,No,No
4970,34,Male,China,Asian,No,Yes,No,No,Yes
4971,70,Male,India,Caucasian,No,No,No,Yes,No
4972,53,Female,India,Caucasian,No,No,No,No,No
4973,65,Female,India,Caucasian,No,No,Yes,No,No
4974,26,Male,India,Middle Eastern,Yes,No,No,No,Yes
4975,69,Female,India,African,No,No,No,No,Yes
4976,25,Male,India,Asian,No,No,Yes,No,Yes
4977,40,Male,Nigeria,Caucasian,Yes,No,No,Yes,No
4978,56,Male,South Korea,Asian,No,No,No,Yes,No
4979,41,Male,Germany,Caucasian,Yes,No,No,No,Yes
4980,25,Male,South Korea,Caucasian,No,No,No,No,No
4981,52,Male,China,Middle Eastern,No,No,Yes,No,No
4982,57,Male,Nigeria,Caucasian,Yes,No,No,No,No
4983,33,Female,South Korea,Hispanic,Yes,No,No,No,No
4984,78,Male,Nigeria,Caucasian,Yes,No,No,No,No
4985,20,Female,India,African,Yes,No,No,No,No
4986,60,Male,India,Middle Eastern,No,No,Yes,Yes,No
4987,56,Male,Nigeria,Caucasian,No,Yes,No,No,Yes
4988,79,Male,Russia,Hispanic,No,No,No,No,No
4989,86,Male,India,Asian,No,Yes,No,No,Yes
4990,73,Female,China,African,No,No,No,No,No
4991,66,Female,India,Asian,No,No,Yes,No,No
4992,61,Male,Brazil,African,Yes,Yes,No,No,No
4993,21,Female,Germany,African,No,No,No,No,No
4994,25,Female,Japan,Asian,Yes,No,No,Yes,No
4995,75,Female,Japan,Hispanic,No,No,Yes,No,Yes
4996,82,Female,UK,Caucasian,No,No,No,No,No
4997,39,Male,Nigeria,Caucasian,Yes,No,No,No,Yes
4998,26,Male,China,Hispanic,Yes,No,No,No,Yes
4999,40,Female,India,Middle Eastern,No,No,Yes,No,No
5000,26,Female,India,African,Yes,Yes,No,No,Yes
5001,57,Female,Brazil,African,No,No,No,No,No
5002,65,Male,Nigeria,Caucasian,No,No,No,No,No
5003,51,Female,Japan,Caucasian,No,No,No,No,Yes
5004,60,Male,China,Caucasian,No,Yes,No,No,No
5005,67,Female,Russia,African,No,No,No,No,No
5006,27,Male,Nigeria,Hispanic,No,No,No,No,No
5007,68,Female,Russia,African,Yes,No,No,Yes,No
5008,71,Female,USA,Asian,No,No,No,No,Yes
5009,18,Female,India,Hispanic,Yes,Yes,No,No,No
5010,89,Female,USA,Caucasian,Yes,No,No,Yes,No
5011,63,Male,South Korea,Asian,No,No,No,No,No
5012,21,Female,Nigeria,Hispanic,No,Yes,No,Yes,Yes
5013,25,Female,China,African,No,No,No,No,No
5014,68,Female,Japan,Asian,No,No,No,No,Yes
5015,59,Male,Nigeria,Middle Eastern,No,Yes,No,No,Yes
5016,37,Male,USA,African,No,No,Yes,No,Yes
5017,42,Male,UK,Asian,Yes,No,Yes,No,No
5018,71,Female,Nigeria,Asian,No,No,No,No,Yes
5019,40,Male,China,Caucasian,Yes,No,No,No,No
5020,39,Female,India,Caucasian,No,No,No,Yes,No
5021,68,Female,India,Caucasian,No,No,No,Yes,No
5022,43,Male,Nigeria,Caucasian,No,No,No,No,Yes
5023,50,Male,India,African,Yes,No,No,Yes,No
5024,28,Female,China,Asian,Yes,Yes,No,No,No
5025,49,Female,Brazil,Asian,No,No,Yes,No,Yes
5026,44,Female,Russia,Hispanic,No,No,No,No,No
5027,31,Male,Russia,Asian,No,Yes,No,No,Yes
5028,81,Female,Germany,African,Yes,No,No,No,No
5029,44,Female,Japan,Asian,Yes,Yes,Yes,No,No
5030,59,Female,Nigeria,African,No,Yes,Yes,No,No
5031,65,Male,India,Asian,No,No,No,Yes,No
5032,61,Male,India,Asian,Yes,No,No,No,No
5033,67,Female,Nigeria,Asian,No,No,No,No,Yes
5034,78,Female,UK,Asian,Yes,Yes,No,No,No
5035,52,Male,Nigeria,African,No,No,Yes,No,Yes
5036,78,Male,UK,African,No,No,Yes,No,No
5037,21,Female,China,Asian,Yes,No,No,No,Yes
5038,36,Female,South Korea,Middle Eastern,Yes,No,No,No,No
5039,55,Female,India,Caucasian,No,No,No,No,No
5040,88,Male,Brazil,Asian,Yes,No,Yes,Yes,Yes
5041,24,Male,UK,Hispanic,Yes,No,No,No,Yes
5042,71,Female,Japan,Caucasian,Yes,No,No,No,No
5043,21,Female,India,Middle Eastern,No,No,No,No,Yes
5044,64,Male,Russia,Caucasian,Yes,No,No,No,No
5045,66,Female,Germany,Caucasian,No,No,No,No,No
5046,47,Female,USA,Caucasian,Yes,No,No,Yes,Yes
5047,15,Female,South Korea,Asian,No,No,No,Yes,No
5048,67,Female,Japan,Asian,No,No,Yes,Yes,Yes
5049,74,Female,Germany,Caucasian,No,No,No,No,No
5050,48,Female,China,Asian,No,No,No,No,No
5051,18,Female,South Korea,African,No,Yes,No,Yes,No
5052,31,Male,Nigeria,Caucasian,Yes,No,Yes,No,Yes
5053,18,Female,India,Asian,No,No,No,No,Yes
5054,57,Male,Brazil,Caucasian,No,No,No,Yes,Yes
5055,18,Male,India,Asian,No,Yes,Yes,No,Yes
5056,15,Female,Nigeria,Asian,No,No,Yes,No,No
5057,85,Female,China,Caucasian,No,No,Yes,No,No
5058,64,Female,Brazil,Hispanic,Yes,No,Yes,No,No
5059,87,Female,India,Hispanic,No,No,No,No,Yes
5060,75,Male,Brazil,Asian,No,No,No,No,No
5061,49,Female,India,Asian,Yes,No,No,Yes,No
5062,22,Female,Germany,Asian,No,Yes,Yes,No,No
5063,38,Female,Japan,African,No,Yes,No,No,Yes
5064,50,Male,South Korea,Middle Eastern,No,No,Yes,No,Yes
5065,64,Male,India,Asian,No,No,No,No,No
5066,57,Male,Germany,Caucasian,Yes,Yes,Yes,No,No
5067,41,Male,India,Asian,No,No,No,No,No
5068,46,Male,Germany,Asian,Yes,No,Yes,No,No
5069,32,Male,China,Asian,Yes,No,No,No,Yes
5070,42,Female,China,African,Yes,Yes,No,No,No
5071,43,Female,Russia,Asian,No,No,Yes,No,Yes
5072,30,Female,India,Asian,No,No,No,No,No
5073,61,Male,Russia,Asian,No,Yes,No,Yes,No
5074,73,Male,USA,African,Yes,No,Yes,Yes,Yes
5075,45,Male,Nigeria,Middle Eastern,Yes,No,No,No,No
5076,18,Female,South Korea,African,Yes,No,No,No,No
5077,51,Male,China,Asian,No,No,No,No,No
5078,31,Female,Japan,Caucasian,No,Yes,No,No,No
5079,53,Female,Nigeria,Caucasian,Yes,No,No,No,No
5080,62,Female,Nigeria,Middle Eastern,No,No,No,No,Yes
5081,60,Male,USA,Asian,No,No,No,No,No
5082,62,Female,Nigeria,Caucasian,No,No,No,No,No
5083,53,Female,UK,Middle Eastern,No,No,No,No,No
5084,18,Male,Nigeria,Caucasian,No,No,Yes,No,No
5085,44,Male,Nigeria,Caucasian,No,No,No,No,No
5086,44,Female,China,Middle Eastern,No,No,No,Yes,No
5087,36,Female,India,Asian,No,No,Yes,No,No
5088,89,Female,Nigeria,Asian,No,Yes,No,No,No
5089,80,Male,India,Asian,Yes,No,Yes,No,No
5090,26,Female,China,Middle Eastern,Yes,No,Yes,No,No
5091,50,Female,UK,Caucasian,No,No,No,No,No
5092,32,Female,Nigeria,African,No,No,No,No,No
5093,67,Female,UK,Middle Eastern,Yes,No,No,No,No
5094,85,Male,Russia,African,Yes,No,Yes,Yes,No
5095,15,Female,Japan,African,No,No,No,Yes,No
5096,72,Female,Brazil,African,No,No,No,No,No
5097,20,Male,Germany,Hispanic,No,No,No,No,No
5098,84,Female,China,Asian,Yes,Yes,No,Yes,No
5099,58,Female,Nigeria,Caucasian,No,No,No,No,No
5100,86,Male,Russia,Hispanic,No,No,No,Yes,No
5101,38,Female,Russia,Caucasian,Yes,No,No,No,No
5102,33,Female,India,Caucasian,Yes,No,No,No,Yes
5103,32,Female,China,African,No,No,No,No,No
5104,44,Female,South Korea,African,No,Yes,Yes,No,No
5105,56,Male,India,African,No,No,No,Yes,No
5106,47,Female,Nigeria,Asian,No,No,Yes,Yes,No
5107,88,Female,South Korea,Caucasian,Yes,No,No,No,Yes
5108,26,Female,China,Caucasian,Yes,No,Yes,Yes,Yes
5109,41,Male,India,Hispanic,Yes,No,No,No,No
5110,53,Male,UK,Middle Eastern,Yes,Yes,Yes,No,No
5111,23,Female,South Korea,African,Yes,Yes,Yes,No,Yes
5112,35,Female,India,Caucasian,No,No,No,Yes,No
5113,43,Female,India,African,No,No,No,No,Yes
5114,47,Female,Russia,Asian,No,No,No,No,No
5115,76,Male,India,Asian,No,No,No,Yes,No
5116,29,Female,Japan,Caucasian,Yes,No,No,No,Yes
5117,16,Male,Brazil,Hispanic,Yes,No,No,No,No
5118,66,Female,USA,Asian,No,No,Yes,No,No
5119,58,Male,UK,African,No,No,No,No,No
5120,68,Male,India,Hispanic,Yes,Yes,Yes,No,No
5121,32,Male,China,Middle Eastern,No,No,No,No,No
5122,17,Female,USA,Asian,No,No,Yes,No,No
5123,21,Male,Nigeria,Caucasian,Yes,No,Yes,No,No
5124,57,Female,UK,Caucasian,No,No,No,Yes,Yes
5125,52,Female,India,African,No,No,No,Yes,No
5126,51,Male,China,Hispanic,No,Yes,No,No,No
5127,72,Female,India,Asian,Yes,Yes,Yes,No,No
5128,47,Male,Germany,Asian,No,No,No,No,No
5129,73,Female,India,Hispanic,Yes,No,No,No,No
5130,25,Male,Russia,Asian,No,No,No,No,No
5131,82,Male,UK,Caucasian,No,No,No,No,No
5132,82,Male,Russia,Middle Eastern,Yes,No,No,Yes,No
5133,36,Male,Russia,Asian,No,No,No,Yes,No
5134,80,Female,India,Asian,No,No,Yes,No,No
5135,58,Female,Russia,Caucasian,No,No,Yes,No,No
5136,20,Female,Germany,Caucasian,No,No,No,Yes,No
5137,56,Female,Russia,Caucasian,Yes,No,No,No,No
5138,39,Male,India,Asian,No,No,Yes,No,Yes
5139,71,Male,USA,Caucasian,Yes,No,No,No,No
5140,69,Male,Germany,African,No,No,No,No,No
5141,30,Female,India,Asian,No,No,No,No,No
5142,28,Female,Nigeria,Hispanic,No,No,No,No,No
5143,53,Male,Nigeria,African,Yes,No,No,No,No
5144,42,Male,USA,Caucasian,No,No,No,Yes,No
5145,65,Male,Nigeria,African,Yes,Yes,No,Yes,No
5146,63,Female,UK,Caucasian,Yes,No,No,No,No
5147,23,Female,UK,African,No,No,Yes,Yes,No
5148,72,Male,Germany,African,No,No,No,No,No
5149,59,Female,Japan,African,No,No,No,Yes,No
5150,36,Female,India,Caucasian,No,No,No,No,Yes
5151,46,Female,India,Caucasian,No,Yes,No,No,No
5152,83,Female,China,Caucasian,No,Yes,No,No,No
5153,83,Female,China,Asian,Yes,No,No,No,Yes
5154,56,Male,Brazil,Caucasian,No,No,No,No,No
5155,67,Female,India,Hispanic,No,Yes,Yes,Yes,No
5156,73,Male,Brazil,Hispanic,No,No,No,No,Yes
5157,88,Female,China,African,No,No,Yes,Yes,Yes
5158,53,Male,India,Caucasian,No,No,No,No,Yes
5159,29,Female,India,Asian,No,No,No,Yes,No
5160,85,Male,Brazil,Hispanic,No,No,No,No,No
5161,43,Female,UK,Hispanic,Yes,Yes,Yes,Yes,No
5162,17,Male,Japan,Caucasian,No,Yes,Yes,No,Yes
5163,24,Male,Russia,Middle Eastern,Yes,No,No,No,No
5164,43,Male,UK,Hispanic,No,No,No,No,No
5165,49,Female,Brazil,Asian,No,No,No,No,No
5166,20,Female,Germany,Middle Eastern,No,No,No,No,Yes
5167,26,Female,Germany,Asian,No,Yes,No,No,No
5168,52,Male,Germany,Hispanic,No,No,No,No,No
5169,33,Male,Japan,Caucasian,Yes,No,No,No,No
5170,81,Female,Japan,African,No,No,No,No,Yes
5171,22,Female,Japan,Hispanic,No,No,No,No,No
5172,22,Female,Brazil,African,No,Yes,Yes,No,No
5173,61,Female,India,Asian,Yes,No,No,No,Yes
5174,18,Female,India,African,No,No,No,No,No
5175,65,Female,India,Middle Eastern,No,No,Yes,Yes,No
5176,81,Male,India,Caucasian,No,No,No,No,No
5177,59,Female,South Korea,African,No,No,No,No,Yes
5178,22,Female,India,Asian,No,No,No,No,Yes
5179,30,Female,India,African,No,No,Yes,No,No
5180,81,Male,Nigeria,African,No,No,No,No,No
5181,23,Female,China,Middle Eastern,Yes,No,No,No,Yes
5182,74,Female,Japan,Asian,Yes,Yes,No,Yes,No
5183,85,Male,India,Caucasian,No,Yes,Yes,No,Yes
5184,29,Female,Nigeria,African,No,No,Yes,Yes,No
5185,85,Female,Brazil,Caucasian,No,No,No,Yes,No
5186,55,Female,India,Hispanic,No,No,No,No,No
5187,36,Male,Russia,African,Yes,No,No,No,No
5188,38,Female,China,Caucasian,No,Yes,No,Yes,Yes
5189,58,Female,Russia,Hispanic,Yes,No,Yes,No,Yes
5190,15,Female,India,Middle Eastern,No,No,No,No,No
5191,24,Male,India,Asian,No,No,Yes,No,No
5192,86,Female,Russia,Hispanic,Yes,Yes,No,Yes,Yes
5193,70,Male,South Korea,Asian,No,No,Yes,No,No
5194,64,Male,Brazil,Asian,Yes,No,Yes,No,No
5195,26,Female,Brazil,Hispanic,Yes,No,Yes,Yes,Yes
5196,74,Female,Russia,Asian,Yes,No,Yes,Yes,No
5197,40,Female,Brazil,Caucasian,Yes,No,Yes,Yes,No
5198,55,Male,South Korea,Middle Eastern,No,No,No,No,Yes
5199,50,Female,China,Middle Eastern,No,No,No,No,No
5200,37,Female,India,Middle Eastern,No,No,No,No,No
5201,57,Male,India,Caucasian,No,No,Yes,No,No
5202,20,Female,India,African,Yes,No,No,No,No
5203,83,Female,Nigeria,Hispanic,No,No,No,No,No
5204,57,Female,Nigeria,Middle Eastern,Yes,No,No,No,No
5205,39,Male,Russia,Hispanic,No,No,No,No,No
5206,32,Male,Russia,Caucasian,Yes,No,Yes,No,No
5207,76,Male,China,Caucasian,No,No,No,No,No
5208,27,Female,Brazil,Middle Eastern,No,No,No,No,Yes
5209,57,Female,Germany,Asian,No,No,No,No,No
5210,42,Male,South Korea,Asian,No,No,No,No,No
5211,32,Male,Brazil,Caucasian,No,Yes,No,No,No
5212,73,Female,China,Middle Eastern,No,No,Yes,No,No
5213,74,Female,Russia,Asian,No,No,No,No,No
5214,77,Female,UK,Hispanic,Yes,No,Yes,No,No
5215,71,Female,Russia,Caucasian,No,Yes,No,No,No
5216,65,Female,China,Caucasian,No,No,No,No,No
5217,70,Female,India,Asian,Yes,No,No,Yes,No
5218,41,Female,Brazil,Caucasian,No,No,No,No,No
5219,46,Female,India,African,No,No,No,No,No
5220,23,Female,India,Caucasian,No,No,No,No,No
5221,82,Female,USA,Hispanic,No,Yes,No,No,No
5222,60,Male,China,Asian,No,No,Yes,No,No
5223,81,Male,India,Caucasian,No,Yes,No,No,No
5224,40,Male,UK,Caucasian,Yes,No,No,No,No
5225,22,Female,Germany,African,No,Yes,No,Yes,No
5226,20,Female,India,Caucasian,No,No,No,No,Yes
5227,38,Female,Russia,Asian,Yes,No,No,No,Yes
5228,62,Female,Russia,African,No,No,No,No,Yes
5229,59,Male,Brazil,African,No,No,No,No,No
5230,27,Male,Brazil,African,No,No,No,No,No
5231,83,Female,South Korea,Asian,Yes,No,Yes,No,No
5232,39,Female,Brazil,Asian,Yes,No,Yes,No,No
5233,34,Female,Japan,Caucasian,No,No,No,No,No
5234,80,Female,Japan,Hispanic,Yes,Yes,No,No,Yes
5235,88,Female,Russia,Caucasian,Yes,No,No,No,Yes
5236,59,Female,Germany,Hispanic,No,No,No,No,No
5237,61,Female,Russia,Asian,No,Yes,No,No,Yes
5238,77,Female,India,Middle Eastern,No,No,No,Yes,No
5239,69,Female,China,Hispanic,No,Yes,No,Yes,No
5240,89,Female,Russia,Caucasian,Yes,No,No,No,No
5241,33,Female,Russia,Asian,No,No,No,No,No
5242,49,Male,South Korea,Hispanic,No,No,No,No,No
5243,67,Male,Japan,Hispanic,No,No,Yes,No,No
5244,40,Female,Russia,Caucasian,Yes,No,No,No,No
5245,28,Male,Germany,Hispanic,No,No,No,Yes,No
5246,59,Female,Russia,Asian,No,No,No,Yes,No
5247,58,Male,India,Asian,Yes,Yes,No,No,Yes
5248,79,Female,Japan,Caucasian,No,Yes,No,No,Yes
5249,65,Female,China,Asian,No,No,No,No,No
5250,57,Female,Nigeria,Caucasian,Yes,No,No,No,No
5251,37,Female,Japan,Asian,Yes,No,Yes,No,No
5252,70,Male,Nigeria,Hispanic,No,No,No,No,Yes
5253,33,Female,South Korea,Asian,No,No,No,No,No
5254,69,Male,Nigeria,Asian,No,No,No,Yes,No
5255,74,Female,Brazil,Asian,No,No,No,No,No
5256,73,Female,China,African,No,No,No,Yes,Yes
5257,47,Female,South Korea,African,Yes,Yes,No,No,Yes
5258,33,Female,Nigeria,Caucasian,No,No,Yes,No,Yes
5259,42,Male,India,Middle Eastern,No,No,No,No,No
5260,66,Female,Japan,Asian,No,No,No,No,No
5261,63,Female,Nigeria,African,No,No,Yes,No,No
5262,51,Male,China,Middle Eastern,No,No,No,No,No
5263,40,Female,Russia,Asian,Yes,No,Yes,No,No
5264,54,Male,India,Caucasian,No,No,No,No,No
5265,52,Female,China,African,Yes,No,No,No,No
5266,68,Male,Brazil,Asian,No,No,No,Yes,Yes
5267,36,Female,UK,Caucasian,Yes,No,Yes,No,Yes
5268,30,Female,Nigeria,Asian,Yes,No,No,No,Yes
5269,42,Female,Nigeria,Caucasian,No,No,Yes,No,No
5270,49,Female,India,African,No,No,Yes,Yes,No
5271,74,Female,Nigeria,Caucasian,Yes,No,Yes,No,No
5272,59,Male,Brazil,African,No,No,No,No,No
5273,60,Male,India,Caucasian,No,Yes,No,No,Yes
5274,86,Female,India,Caucasian,No,No,No,No,Yes
5275,69,Female,Nigeria,Hispanic,No,No,No,No,No
5276,40,Male,Brazil,Caucasian,Yes,No,No,Yes,No
5277,39,Female,Nigeria,Hispanic,No,No,Yes,No,Yes
5278,79,Male,China,Caucasian,Yes,No,Yes,No,Yes
5279,20,Female,Japan,Caucasian,No,No,Yes,No,No
5280,37,Female,UK,Middle Eastern,Yes,No,No,Yes,Yes
5281,78,Male,Nigeria,Middle Eastern,Yes,No,No,No,No
5282,57,Male,India,Hispanic,No,No,Yes,Yes,No
5283,37,Female,China,Caucasian,Yes,No,No,No,No
5284,44,Female,Brazil,Asian,No,No,No,Yes,Yes
5285,32,Female,Brazil,Caucasian,No,No,Yes,No,No
5286,35,Male,Brazil,African,No,No,No,Yes,No
5287,71,Female,China,Middle Eastern,No,No,No,Yes,No
5288,37,Female,Brazil,Hispanic,No,No,No,Yes,No
5289,59,Female,India,Hispanic,Yes,No,No,Yes,No
5290,58,Male,India,Caucasian,No,No,Yes,No,Yes
5291,61,Female,Japan,African,No,No,Yes,No,No
5292,54,Female,Brazil,Asian,No,No,No,Yes,No
5293,65,Female,China,Hispanic,No,No,Yes,No,No
5294,56,Male,Nigeria,Caucasian,No,No,No,No,No
5295,21,Male,India,Caucasian,No,No,No,No,No
5296,64,Male,China,Hispanic,No,Yes,No,No,No
5297,62,Female,China,Middle Eastern,No,No,No,Yes,No
5298,20,Male,India,African,No,Yes,No,No,No
5299,23,Male,Japan,Asian,No,No,No,Yes,No
5300,71,Female,Germany,Caucasian,No,No,No,No,Yes
5301,45,Female,South Korea,Caucasian,Yes,No,No,Yes,No
5302,35,Female,Germany,Hispanic,Yes,Yes,No,Yes,No
5303,54,Male,Nigeria,Middle Eastern,Yes,No,No,No,No
5304,59,Male,Russia,Asian,No,No,No,No,Yes
5305,63,Female,China,Middle Eastern,No,No,No,No,No
5306,34,Female,China,African,No,Yes,Yes,No,No
5307,31,Female,Japan,Asian,Yes,No,Yes,No,No
5308,42,Male,Brazil,Middle Eastern,No,No,No,No,No
5309,55,Male,India,Asian,Yes,No,No,No,Yes
5310,80,Female,Germany,African,No,No,Yes,No,No
5311,39,Male,China,African,Yes,No,No,No,No
5312,72,Male,Russia,Caucasian,Yes,No,Yes,No,No
5313,55,Male,South Korea,African,Yes,No,Yes,Yes,No
5314,20,Male,Russia,African,Yes,No,No,No,No
5315,89,Female,Nigeria,Caucasian,Yes,No,No,No,No
5316,52,Female,India,Hispanic,No,No,Yes,No,No
5317,20,Female,USA,Hispanic,No,No,Yes,Yes,No
5318,59,Female,Germany,Hispanic,Yes,No,No,Yes,No
5319,89,Male,Brazil,Middle Eastern,Yes,No,No,Yes,No
5320,28,Male,Nigeria,Hispanic,Yes,No,No,No,Yes
5321,80,Female,Japan,Caucasian,Yes,No,No,No,No
5322,54,Male,Brazil,Caucasian,No,No,No,Yes,No
5323,17,Male,Brazil,Caucasian,No,No,No,Yes,No
5324,38,Male,Japan,African,No,Yes,No,No,Yes
5325,33,Female,Japan,Asian,No,No,No,Yes,No
5326,32,Male,Nigeria,Caucasian,No,Yes,No,No,Yes
5327,78,Male,Brazil,Asian,No,Yes,No,No,No
5328,49,Female,Russia,Caucasian,No,No,Yes,Yes,Yes
5329,76,Male,Nigeria,Asian,No,No,No,No,Yes
5330,15,Male,Russia,Asian,Yes,No,Yes,No,No
5331,39,Male,Russia,Caucasian,No,No,No,No,No
5332,59,Male,Russia,Hispanic,Yes,No,No,No,No
5333,63,Female,Brazil,Hispanic,No,No,No,No,No
5334,30,Male,Russia,Hispanic,No,No,Yes,No,No
5335,33,Female,Brazil,Caucasian,No,No,No,No,No
5336,37,Female,India,Hispanic,Yes,No,Yes,Yes,No
5337,39,Female,Brazil,Caucasian,No,No,Yes,No,No
5338,30,Male,China,Middle Eastern,Yes,No,No,No,Yes
5339,68,Female,Nigeria,Hispanic,Yes,No,No,No,No
5340,87,Male,Japan,African,No,No,No,No,No
5341,15,Female,India,Caucasian,No,No,No,Yes,Yes
5342,56,Male,South Korea,Caucasian,Yes,No,Yes,No,No
5343,33,Male,Russia,Asian,Yes,No,Yes,No,No
5344,48,Male,India,African,No,No,No,No,No
5345,69,Female,Japan,African,No,No,No,Yes,No
5346,32,Female,Japan,Hispanic,Yes,No,No,Yes,No
5347,48,Female,Russia,Hispanic,No,No,No,Yes,No
5348,59,Female,China,Caucasian,Yes,No,No,Yes,No
5349,20,Female,USA,Asian,No,No,No,No,Yes
5350,35,Female,China,African,No,No,No,Yes,No
5351,84,Female,Nigeria,Asian,Yes,No,No,No,Yes
5352,62,Male,Nigeria,African,Yes,No,No,No,No
5353,53,Female,USA,Hispanic,No,No,No,No,Yes
5354,45,Female,China,African,No,No,No,Yes,No
5355,24,Male,India,African,Yes,No,No,No,No
5356,44,Female,USA,Asian,No,No,No,No,No
5357,32,Female,Brazil,African,No,No,No,No,Yes
5358,74,Female,Japan,African,No,No,Yes,Yes,No
5359,87,Female,Nigeria,African,No,No,No,Yes,Yes
5360,29,Female,UK,Middle Eastern,No,No,No,Yes,No
5361,18,Female,South Korea,Asian,Yes,No,No,Yes,No
5362,77,Female,USA,Caucasian,Yes,No,Yes,No,No
5363,54,Female,Russia,Hispanic,Yes,No,No,No,No
5364,23,Female,India,Asian,No,No,No,No,Yes
5365,23,Female,Brazil,Caucasian,Yes,Yes,No,No,No
5366,40,Female,India,Caucasian,No,No,No,No,Yes
5367,18,Male,Nigeria,Asian,No,No,Yes,No,No
5368,30,Female,South Korea,Hispanic,No,No,No,Yes,No
5369,29,Male,Nigeria,Middle Eastern,No,No,Yes,No,No
5370,66,Male,India,African,No,No,No,Yes,No
5371,83,Female,India,Asian,Yes,No,No,No,No
5372,19,Female,Russia,Middle Eastern,No,No,No,No,Yes
5373,34,Male,UK,Middle Eastern,No,No,No,Yes,No
5374,32,Male,China,Caucasian,No,No,No,Yes,Yes
5375,16,Female,China,Hispanic,Yes,No,No,No,No
5376,27,Female,India,African,No,No,No,No,No
5377,18,Male,Brazil,African,No,No,No,No,Yes
5378,56,Female,USA,Middle Eastern,Yes,No,Yes,No,No
5379,88,Female,India,African,No,Yes,Yes,No,Yes
5380,75,Female,Germany,Asian,Yes,No,No,No,Yes
5381,22,Female,India,Middle Eastern,Yes,No,No,Yes,Yes
5382,81,Female,India,Middle Eastern,No,No,No,No,No
5383,77,Male,Russia,Asian,No,No,Yes,No,Yes
5384,23,Female,Brazil,Hispanic,No,No,No,Yes,No
5385,25,Female,Russia,Caucasian,No,Yes,No,Yes,Yes
5386,56,Male,USA,Hispanic,Yes,No,Yes,No,No
5387,27,Male,India,Caucasian,No,No,No,No,No
5388,50,Male,USA,Caucasian,No,No,No,No,No
5389,27,Female,China,African,Yes,No,No,Yes,No
5390,26,Male,India,Middle Eastern,No,No,Yes,No,Yes
5391,51,Female,UK,Caucasian,Yes,No,No,No,No
5392,88,Male,India,Asian,Yes,No,No,No,No
5393,87,Male,Germany,Caucasian,No,Yes,No,No,No
5394,66,Female,India,Middle Eastern,Yes,No,Yes,No,No
5395,85,Male,China,Asian,No,No,No,No,No
5396,16,Male,South Korea,Asian,Yes,No,No,No,No
5397,70,Male,Nigeria,Asian,Yes,Yes,Yes,No,No
5398,74,Female,South Korea,African,No,No,Yes,No,Yes
5399,37,Female,China,Asian,Yes,No,No,No,No
5400,54,Female,India,Hispanic,Yes,No,Yes,Yes,Yes
5401,78,Female,India,Caucasian,Yes,No,Yes,No,No
5402,37,Male,Nigeria,Asian,No,No,No,Yes,No
5403,43,Female,China,Asian,No,No,No,Yes,No
5404,65,Female,India,Caucasian,No,No,No,No,Yes
5405,83,Male,Nigeria,Middle Eastern,No,No,No,Yes,Yes
5406,45,Female,South Korea,Asian,Yes,No,Yes,Yes,Yes
5407,64,Male,Nigeria,Hispanic,No,No,Yes,Yes,No
5408,34,Female,Russia,African,No,No,No,No,No
5409,69,Female,Nigeria,Caucasian,Yes,No,No,No,No
5410,16,Female,India,African,No,No,No,No,No
5411,39,Male,Brazil,Asian,No,No,No,No,No
5412,27,Female,India,Asian,No,No,No,No,No
5413,84,Female,China,Caucasian,No,No,Yes,No,No
5414,81,Female,India,Hispanic,No,No,Yes,No,No
5415,72,Female,Nigeria,Asian,No,No,No,No,No
5416,89,Female,India,Caucasian,No,Yes,No,No,No
5417,78,Female,South Korea,Asian,No,No,No,No,Yes
5418,83,Female,China,African,No,No,No,No,No
5419,73,Female,India,Asian,No,No,No,No,Yes
5420,74,Female,Japan,Caucasian,Yes,No,Yes,No,No
5421,76,Female,South Korea,African,No,No,No,Yes,Yes
5422,30,Female,Russia,Asian,No,No,No,No,No
5423,82,Male,Brazil,Middle Eastern,Yes,No,Yes,No,No
5424,29,Male,Russia,Asian,No,Yes,No,No,No
5425,69,Female,Japan,Middle Eastern,No,No,No,No,No
5426,49,Female,India,Asian,No,No,No,No,No
5427,69,Female,India,Caucasian,Yes,No,No,No,No
5428,28,Male,Brazil,Asian,No,No,No,No,Yes
5429,63,Female,China,Asian,No,No,Yes,No,No
5430,21,Female,India,Middle Eastern,No,No,Yes,Yes,Yes
5431,44,Female,Russia,African,Yes,No,No,No,No
5432,63,Female,Brazil,Middle Eastern,Yes,Yes,No,No,No
5433,30,Female,India,Hispanic,No,No,No,No,Yes
5434,65,Female,India,Caucasian,No,No,No,No,No
5435,86,Female,Japan,Hispanic,No,No,Yes,No,No
5436,56,Female,India,African,No,Yes,No,Yes,No
5437,31,Male,Nigeria,Asian,No,No,No,Yes,No
5438,77,Female,India,Asian,No,No,No,No,Yes
5439,59,Female,Brazil,African,No,No,No,No,No
5440,21,Female,Nigeria,Hispanic,Yes,Yes,No,No,No
5441,41,Male,Nigeria,African,Yes,No,Yes,No,No
5442,24,Female,Russia,Asian,No,No,Yes,No,Yes
5443,48,Male,Nigeria,African,Yes,No,No,No,No
5444,50,Female,South Korea,Caucasian,Yes,No,No,No,No
5445,39,Female,Japan,Asian,No,Yes,No,No,No
5446,20,Female,India,African,No,No,No,No,No
5447,38,Female,Brazil,Hispanic,No,Yes,No,No,No
5448,32,Male,Nigeria,African,No,No,No,Yes,No
5449,20,Female,Russia,Middle Eastern,No,Yes,No,No,No
5450,43,Male,China,Hispanic,No,No,No,No,No
5451,39,Female,Brazil,Caucasian,Yes,No,Yes,No,Yes
5452,69,Female,China,Caucasian,Yes,No,No,Yes,No
5453,60,Female,Nigeria,Caucasian,No,No,No,No,No
5454,38,Female,Russia,African,Yes,No,No,No,No
5455,89,Female,Germany,African,No,No,Yes,No,No
5456,40,Female,China,Caucasian,No,No,No,Yes,No
5457,42,Male,Germany,Caucasian,No,No,No,No,No
5458,17,Female,Japan,Middle Eastern,No,No,Yes,Yes,No
5459,89,Male,UK,Caucasian,No,No,No,Yes,No
5460,52,Male,UK,Middle Eastern,No,No,Yes,No,No
5461,75,Male,Nigeria,Asian,Yes,No,No,No,Yes
5462,65,Female,China,Caucasian,No,No,No,Yes,No
5463,62,Female,India,Caucasian,No,No,No,Yes,No
5464,35,Female,China,Asian,Yes,No,No,No,No
5465,68,Female,China,Caucasian,No,No,Yes,No,No
5466,70,Male,China,African,Yes,No,Yes,Yes,No
5467,73,Male,China,Asian,Yes,No,No,No,Yes
5468,86,Female,China,Caucasian,No,No,Yes,No,Yes
5469,65,Female,Brazil,Asian,No,No,Yes,No,No
5470,34,Female,China,Asian,Yes,No,No,No,No
5471,73,Male,Russia,Asian,No,No,No,No,Yes
5472,85,Male,India,Asian,Yes,Yes,No,No,Yes
5473,23,Female,Japan,Hispanic,No,No,No,No,No
5474,15,Female,Russia,African,No,No,No,Yes,No
5475,43,Male,UK,African,No,Yes,No,No,No
5476,77,Male,UK,Asian,No,No,No,No,No
5477,86,Female,Russia,Caucasian,No,No,No,Yes,Yes
5478,70,Female,South Korea,Middle Eastern,Yes,No,No,No,No
5479,82,Male,South Korea,Hispanic,No,No,No,No,No
5480,49,Female,China,Middle Eastern,No,No,No,No,No
5481,17,Male,Japan,Caucasian,No,No,Yes,No,No
5482,21,Female,Brazil,African,Yes,No,No,No,No
5483,41,Male,Germany,Asian,No,No,No,No,No
5484,15,Female,India,Middle Eastern,No,No,No,No,No
5485,85,Male,India,Hispanic,No,No,No,Yes,No
5486,58,Male,Nigeria,Caucasian,No,No,No,No,No
5487,55,Female,Nigeria,Asian,No,No,Yes,Yes,No
5488,89,Female,Brazil,African,No,No,Yes,No,No
5489,56,Female,Brazil,Caucasian,Yes,No,No,No,No
5490,47,Male,China,Hispanic,Yes,No,Yes,Yes,Yes
5491,64,Male,Russia,Hispanic,No,Yes,No,No,No
5492,77,Male,India,Asian,No,No,Yes,No,No
5493,51,Female,Brazil,African,Yes,No,No,Yes,No
5494,73,Female,India,Asian,Yes,No,No,No,Yes
5495,62,Female,Nigeria,Asian,No,Yes,No,No,No
5496,19,Male,Japan,Asian,No,No,Yes,No,No
5497,62,Female,China,Asian,Yes,No,No,Yes,No
5498,17,Female,India,Caucasian,Yes,No,No,No,No
5499,61,Female,China,Asian,No,No,No,No,No
5500,76,Female,Russia,Caucasian,Yes,No,No,No,No
5501,28,Female,USA,Asian,Yes,No,No,Yes,No
5502,77,Male,China,African,No,No,No,No,No
5503,75,Female,Germany,Caucasian,No,No,Yes,No,No
5504,45,Female,Nigeria,Hispanic,No,No,No,No,No
5505,31,Female,South Korea,Middle Eastern,No,No,No,No,No
5506,38,Male,India,African,Yes,No,No,No,No
5507,37,Male,Brazil,Caucasian,Yes,No,No,No,No
5508,64,Female,Nigeria,African,No,Yes,Yes,No,Yes
5509,84,Male,Russia,African,No,No,No,Yes,Yes
5510,41,Male,Brazil,Middle Eastern,No,No,No,No,No
5511,29,Female,Brazil,Caucasian,No,No,No,Yes,Yes
5512,64,Male,UK,African,Yes,No,No,No,No
5513,50,Female,Japan,Caucasian,No,Yes,Yes,No,No
5514,22,Female,Japan,Middle Eastern,No,No,No,No,No
5515,17,Male,Japan,Asian,No,No,No,No,No
5516,76,Female,India,African,No,No,Yes,No,Yes
5517,61,Female,Russia,Asian,No,Yes,No,Yes,No
5518,75,Male,Nigeria,African,Yes,No,No,Yes,No
5519,46,Male,Russia,African,No,No,Yes,Yes,Yes
5520,27,Female,Russia,Caucasian,No,Yes,No,No,Yes
5521,15,Female,India,Asian,No,No,No,No,Yes
5522,48,Female,China,Asian,No,No,No,Yes,No
5523,76,Female,India,African,Yes,No,No,No,Yes
5524,85,Male,India,Caucasian,No,No,No,No,No
5525,45,Female,Russia,Caucasian,No,No,No,No,No
5526,78,Female,USA,African,No,No,No,No,No
5527,39,Female,India,Asian,No,No,Yes,No,No
5528,52,Male,India,African,No,No,Yes,No,No
5529,28,Male,Japan,African,No,Yes,No,No,No
5530,22,Female,China,Hispanic,Yes,No,No,No,No
5531,68,Male,China,Asian,Yes,No,No,No,No
5532,16,Male,Nigeria,Caucasian,Yes,No,No,No,Yes
5533,70,Female,South Korea,Caucasian,No,Yes,No,No,Yes
5534,75,Male,Russia,African,No,No,No,No,Yes
5535,36,Male,Nigeria,Middle Eastern,No,No,Yes,Yes,Yes
5536,49,Female,UK,Caucasian,No,No,No,No,Yes
5537,30,Male,UK,Caucasian,No,No,No,Yes,No
5538,64,Female,South Korea,Hispanic,No,No,Yes,No,No
5539,57,Female,Russia,Caucasian,Yes,No,No,No,No
5540,31,Female,Nigeria,Hispanic,Yes,No,No,No,No
5541,72,Female,India,Hispanic,No,No,No,Yes,No
5542,16,Male,China,Caucasian,No,No,No,No,No
5543,18,Female,India,Asian,No,No,No,No,No
5544,53,Female,Germany,Middle Eastern,No,No,No,No,Yes
5545,20,Female,Brazil,Hispanic,No,Yes,No,No,Yes
5546,83,Female,China,African,No,No,Yes,No,No
5547,83,Female,Nigeria,Asian,No,No,No,No,Yes
5548,34,Female,India,Asian,No,No,No,No,No
5549,78,Male,China,Caucasian,Yes,Yes,Yes,No,No
5550,30,Female,Brazil,Hispanic,No,No,No,No,Yes
5551,65,Male,China,Asian,Yes,No,No,No,No
5552,51,Female,USA,Middle Eastern,Yes,No,No,No,No
5553,87,Female,Japan,Caucasian,Yes,No,No,No,No
5554,83,Female,India,Middle Eastern,No,No,No,No,No
5555,56,Female,China,Caucasian,Yes,No,No,Yes,Yes
5556,71,Female,Japan,Caucasian,Yes,No,No,No,No
5557,80,Female,China,Hispanic,Yes,Yes,No,Yes,Yes
5558,23,Female,Japan,Middle Eastern,No,No,Yes,No,No
5559,78,Female,Russia,Hispanic,Yes,No,No,Yes,No
5560,36,Male,Brazil,Hispanic,No,No,No,No,No
5561,48,Female,Japan,African,No,No,No,No,No
5562,69,Male,India,African,No,No,No,Yes,Yes
5563,43,Female,China,Caucasian,No,No,Yes,No,No
5564,52,Female,Japan,African,Yes,No,No,No,No
5565,32,Female,India,Caucasian,No,No,No,No,Yes
5566,85,Female,India,Hispanic,Yes,Yes,No,No,Yes
5567,79,Male,UK,Middle Eastern,No,No,Yes,No,Yes
5568,15,Male,USA,Hispanic,No,No,Yes,No,No
5569,18,Male,Japan,Caucasian,Yes,No,No,No,Yes
5570,18,Female,USA,Caucasian,Yes,No,No,Yes,No
5571,41,Male,UK,African,No,No,No,No,Yes
5572,57,Female,India,Caucasian,No,Yes,No,No,No
5573,73,Male,China,Hispanic,Yes,No,Yes,No,Yes
5574,46,Male,South Korea,Middle Eastern,No,No,No,Yes,Yes
5575,47,Female,Brazil,Asian,No,No,No,Yes,Yes
5576,42,Male,India,Caucasian,Yes,Yes,No,No,Yes
5577,69,Male,Germany,African,No,No,No,No,Yes
5578,74,Male,UK,Asian,No,No,No,Yes,Yes
5579,84,Female,Nigeria,Asian,Yes,No,Yes,No,No
5580,76,Female,South Korea,Caucasian,No,No,No,No,Yes
5581,48,Female,Russia,Middle Eastern,No,No,No,No,No
5582,70,Male,Japan,Asian,No,No,Yes,No,No
5583,27,Female,Japan,Asian,No,No,No,Yes,No
5584,70,Female,Germany,African,No,No,No,No,Yes
5585,32,Male,Nigeria,African,Yes,No,No,No,No
5586,68,Female,China,African,No,Yes,No,Yes,Yes
5587,57,Female,Japan,Middle Eastern,No,No,No,No,No
5588,53,Male,Japan,African,Yes,No,No,Yes,No
5589,75,Female,China,Asian,No,No,Yes,No,No
5590,56,Female,Russia,Middle Eastern,No,No,No,No,No
5591,32,Male,Nigeria,Caucasian,No,No,No,No,Yes
5592,37,Female,UK,African,No,Yes,No,No,No
5593,68,Male,India,Hispanic,No,No,Yes,No,No
5594,44,Female,Brazil,African,Yes,No,No,No,No
5595,72,Female,UK,Hispanic,No,No,Yes,No,Yes
5596,82,Male,South Korea,Caucasian,No,No,Yes,No,No
5597,81,Male,China,Middle Eastern,Yes,No,No,No,Yes
5598,85,Female,Nigeria,Asian,No,No,Yes,No,No
5599,32,Female,Nigeria,African,No,No,No,No,No
5600,21,Female,Nigeria,Caucasian,No,No,No,No,No
5601,54,Female,China,Caucasian,No,Yes,Yes,No,No
5602,84,Male,China,Asian,Yes,Yes,No,No,Yes
5603,79,Male,India,Asian,No,No,No,No,Yes
5604,82,Female,China,Asian,No,Yes,No,No,No
5605,63,Female,USA,Caucasian,No,Yes,No,No,Yes
5606,66,Male,South Korea,Caucasian,Yes,No,No,No,Yes
5607,43,Female,India,Asian,No,No,Yes,Yes,Yes
5608,35,Male,Brazil,Middle Eastern,No,No,No,No,No
5609,23,Female,Russia,Hispanic,Yes,No,No,No,No
5610,61,Female,Japan,African,No,Yes,No,No,Yes
5611,56,Male,China,Middle Eastern,No,No,No,Yes,Yes
5612,65,Female,Germany,African,No,Yes,No,No,No
5613,70,Female,Nigeria,Middle Eastern,No,No,No,Yes,No
5614,65,Male,India,Hispanic,No,No,No,No,No
5615,84,Female,Russia,Middle Eastern,No,No,No,No,No
5616,34,Male,Brazil,Asian,No,No,No,Yes,No
5617,41,Male,Russia,Hispanic,Yes,No,No,No,No
5618,52,Male,India,Hispanic,No,No,No,Yes,Yes
5619,86,Female,India,Caucasian,No,No,No,No,Yes
5620,79,Male,India,Asian,No,No,No,No,No
5621,68,Female,USA,Asian,No,No,No,Yes,No
5622,38,Female,South Korea,Middle Eastern,No,No,Yes,No,Yes
5623,61,Female,Russia,Caucasian,No,Yes,No,No,No
5624,85,Male,Brazil,Middle Eastern,No,No,No,No,No
5625,77,Female,India,Caucasian,Yes,No,No,No,No
5626,71,Female,China,Asian,Yes,No,Yes,No,Yes
5627,69,Female,Nigeria,Caucasian,Yes,No,No,No,No
5628,74,Female,USA,Caucasian,Yes,No,No,No,No
5629,76,Male,Germany,Asian,Yes,No,No,No,Yes
5630,44,Female,India,Middle Eastern,No,No,Yes,No,No
5631,36,Male,UK,Asian,No,No,No,No,Yes
5632,89,Female,Nigeria,Asian,Yes,Yes,No,No,No
5633,43,Male,Brazil,Caucasian,Yes,No,No,Yes,No
5634,55,Female,China,Asian,No,Yes,No,Yes,No
5635,56,Female,India,Caucasian,No,No,No,No,No
5636,79,Female,Japan,Asian,No,No,Yes,No,No
5637,45,Female,Nigeria,Asian,Yes,No,Yes,No,No
5638,44,Female,India,Caucasian,Yes,Yes,No,Yes,No
5639,32,Female,Brazil,African,Yes,No,No,No,Yes
5640,31,Female,India,Asian,No,No,No,No,No
5641,52,Male,Russia,Hispanic,No,No,No,No,Yes
5642,28,Female,South Korea,Middle Eastern,Yes,No,No,No,No
5643,70,Female,Brazil,Caucasian,No,No,No,No,No
5644,36,Male,Germany,Asian,No,No,Yes,No,No
5645,81,Male,Germany,African,Yes,No,No,No,No
5646,70,Female,India,Asian,Yes,No,Yes,No,No
5647,33,Female,Nigeria,Caucasian,Yes,No,No,No,No
5648,71,Female,China,Hispanic,No,No,No,No,No
5649,58,Female,Nigeria,Asian,No,No,No,Yes,No
5650,49,Female,UK,Asian,Yes,No,Yes,No,No
5651,15,Female,Russia,Asian,No,No,Yes,Yes,Yes
5652,66,Male,Brazil,Asian,No,No,No,No,No
5653,84,Female,Japan,Asian,Yes,No,No,No,Yes
5654,51,Female,Brazil,African,Yes,No,No,No,No
5655,79,Male,Japan,African,No,No,No,No,Yes
5656,65,Female,Russia,Caucasian,Yes,No,No,No,No
5657,15,Female,India,Asian,No,No,No,No,No
5658,35,Male,Japan,Hispanic,No,No,Yes,No,No
5659,67,Female,China,Asian,No,No,No,No,No
5660,30,Male,India,African,Yes,Yes,No,No,Yes
5661,75,Female,China,Asian,Yes,No,No,No,No
5662,68,Female,UK,Asian,No,No,No,Yes,No
5663,54,Male,Brazil,Asian,No,No,Yes,No,No
5664,40,Male,South Korea,Asian,No,No,Yes,No,No
5665,79,Female,South Korea,Caucasian,No,No,Yes,No,Yes
5666,88,Female,China,Caucasian,No,No,No,No,No
5667,78,Male,Japan,Asian,No,No,Yes,No,No
5668,57,Male,South Korea,Middle Eastern,No,Yes,No,No,No
5669,31,Female,India,Caucasian,No,Yes,No,No,No
5670,73,Female,Japan,Caucasian,No,No,No,No,Yes
5671,37,Female,India,Hispanic,No,Yes,No,Yes,No
5672,21,Female,Brazil,Middle Eastern,No,No,No,Yes,No
5673,58,Male,Germany,African,No,No,No,Yes,Yes
5674,67,Female,China,African,No,No,No,No,No
5675,85,Female,India,Caucasian,No,Yes,Yes,Yes,No
5676,48,Female,Russia,Asian,Yes,No,No,No,No
5677,60,Male,Brazil,Caucasian,No,No,No,No,No
5678,82,Female,China,African,No,No,No,Yes,Yes
5679,30,Female,UK,African,No,No,No,No,No
5680,85,Male,Nigeria,Asian,No,No,No,No,Yes
5681,33,Male,Nigeria,Middle Eastern,No,No,No,No,No
5682,16,Female,Nigeria,African,No,No,No,Yes,No
5683,24,Female,India,Caucasian,No,Yes,No,No,No
5684,64,Male,South Korea,Hispanic,No,No,No,Yes,No
5685,26,Female,India,Asian,No,No,No,No,No
5686,84,Female,USA,Asian,Yes,No,No,No,No
5687,36,Female,Japan,Hispanic,No,Yes,No,No,No
5688,46,Male,Japan,Caucasian,No,No,No,No,Yes
5689,15,Female,South Korea,Asian,No,Yes,No,Yes,Yes
5690,68,Female,China,African,No,No,No,No,Yes
5691,72,Female,South Korea,Asian,No,Yes,No,Yes,No
5692,84,Male,Germany,African,Yes,No,No,No,No
5693,32,Male,Nigeria,African,Yes,No,Yes,No,No
5694,20,Female,USA,Hispanic,No,No,No,No,Yes
5695,59,Female,Nigeria,Asian,No,No,No,No,No
5696,37,Female,Nigeria,Caucasian,No,No,No,No,No
5697,37,Female,India,African,Yes,No,No,No,No
5698,40,Male,Nigeria,African,No,No,No,No,No
5699,21,Male,Brazil,Caucasian,No,No,No,No,No
5700,58,Female,Nigeria,Asian,No,No,No,No,No
5701,41,Female,China,Hispanic,No,No,No,No,Yes
5702,40,Female,UK,African,No,No,Yes,No,Yes
5703,50,Female,Brazil,Hispanic,Yes,No,Yes,No,No
5704,69,Female,South Korea,Asian,No,No,No,No,Yes
5705,78,Male,China,Hispanic,No,No,No,No,No
5706,71,Male,India,Asian,No,No,No,Yes,No
5707,83,Female,Germany,Caucasian,Yes,Yes,No,No,Yes
5708,75,Female,UK,Caucasian,No,No,Yes,No,No
5709,16,Female,Russia,Caucasian,No,Yes,No,No,No
5710,69,Male,USA,Caucasian,No,No,No,No,Yes
5711,52,Male,Nigeria,Caucasian,No,No,Yes,No,Yes
5712,43,Female,Russia,Caucasian,No,No,No,No,No
5713,40,Female,China,African,No,No,No,No,No
5714,49,Female,India,Caucasian,No,No,Yes,No,No
5715,81,Female,India,African,No,No,No,No,No
5716,43,Female,Russia,Middle Eastern,No,No,No,No,No
5717,48,Male,India,Caucasian,No,No,No,No,No
5718,55,Male,Russia,Hispanic,No,Yes,Yes,No,No
5719,55,Female,Russia,Hispanic,No,No,Yes,No,No
5720,37,Female,Russia,Caucasian,No,No,No,No,No
5721,85,Female,South Korea,Caucasian,Yes,No,Yes,No,Yes
5722,17,Female,Nigeria,African,No,No,No,No,No
5723,72,Female,Nigeria,Asian,Yes,No,Yes,No,No
5724,46,Female,China,Asian,No,No,No,No,No
5725,45,Male,Nigeria,Asian,No,Yes,No,No,No
5726,57,Female,South Korea,Caucasian,No,No,No,No,Yes
5727,21,Female,Germany,African,No,No,No,Yes,No
5728,15,Male,Brazil,Middle Eastern,No,Yes,No,No,Yes
5729,75,Male,China,Hispanic,No,Yes,No,No,No
5730,28,Female,Brazil,African,No,No,Yes,No,No
5731,66,Female,Russia,African,No,No,No,No,No
5732,20,Female,Brazil,Asian,Yes,No,Yes,No,No
5733,24,Male,India,Caucasian,No,No,No,No,No
5734,85,Female,Brazil,Hispanic,Yes,Yes,No,No,No
5735,44,Male,South Korea,Caucasian,Yes,No,No,No,No
5736,35,Female,Japan,Asian,No,No,No,No,No
5737,74,Female,India,Asian,No,No,No,No,Yes
5738,88,Male,Brazil,Middle Eastern,No,No,No,No,No
5739,77,Female,Japan,African,Yes,No,No,Yes,No
5740,56,Male,Russia,African,No,No,No,No,Yes
5741,65,Female,China,African,Yes,No,No,No,No
5742,78,Female,Brazil,Asian,No,No,No,Yes,No
5743,70,Male,Nigeria,Asian,No,No,Yes,Yes,No
5744,55,Male,Germany,Caucasian,No,No,No,No,Yes
5745,46,Male,India,Caucasian,No,Yes,No,No,No
5746,29,Male,Nigeria,African,No,No,No,No,No
5747,76,Female,China,Middle Eastern,Yes,No,No,No,No
5748,41,Male,Japan,Hispanic,No,No,No,No,No
5749,42,Female,India,Caucasian,Yes,No,No,No,No
5750,78,Male,South Korea,Asian,No,Yes,No,Yes,Yes
5751,73,Male,Brazil,Caucasian,Yes,No,No,No,No
5752,72,Male,India,Middle Eastern,No,No,Yes,No,No
5753,16,Female,Germany,Asian,No,No,No,No,No
5754,50,Male,Nigeria,African,No,No,No,No,No
5755,85,Female,Nigeria,African,No,No,Yes,No,Yes
5756,27,Male,Russia,African,No,No,No,No,No
5757,29,Male,Nigeria,Hispanic,No,No,No,No,No
5758,74,Female,USA,Hispanic,Yes,No,No,No,Yes
5759,36,Female,South Korea,Hispanic,Yes,No,No,No,No
5760,77,Female,South Korea,Middle Eastern,No,No,No,No,Yes
5761,89,Male,Brazil,Asian,No,No,No,No,No
5762,88,Female,USA,African,No,Yes,No,Yes,No
5763,39,Female,Germany,African,No,No,No,No,No
5764,62,Female,Nigeria,African,No,No,No,No,No
5765,57,Female,Nigeria,Caucasian,No,No,No,No,No
5766,52,Male,USA,Caucasian,No,No,No,No,Yes
5767,55,Female,India,Caucasian,No,No,No,No,No
5768,59,Female,Germany,Hispanic,No,No,No,No,No
5769,54,Male,Japan,Asian,No,No,No,No,No
5770,31,Male,UK,Caucasian,Yes,No,No,No,Yes
5771,71,Male,China,Caucasian,Yes,No,No,No,No
5772,16,Male,India,Middle Eastern,No,No,Yes,No,No
5773,76,Male,Brazil,Caucasian,Yes,No,Yes,No,No
5774,23,Male,Japan,Asian,No,No,No,No,Yes
5775,82,Female,India,Asian,No,Yes,No,No,No
5776,31,Female,USA,Caucasian,Yes,No,No,No,Yes
5777,64,Male,India,Caucasian,Yes,No,No,No,No
5778,54,Female,Nigeria,Asian,No,No,No,Yes,Yes
5779,72,Female,Russia,Caucasian,Yes,No,No,No,No
5780,89,Female,USA,Caucasian,No,No,Yes,No,No
5781,35,Male,India,Caucasian,No,No,Yes,No,No
5782,32,Female,India,Hispanic,No,No,No,No,No
5783,69,Male,India,Middle Eastern,No,No,Yes,Yes,No
5784,43,Male,USA,Hispanic,No,No,No,Yes,No
5785,38,Female,China,Asian,No,No,Yes,Yes,Yes
5786,88,Female,India,African,Yes,No,Yes,No,No
5787,31,Female,Nigeria,African,Yes,Yes,No,No,No
5788,32,Male,China,Asian,No,No,No,No,No
5789,56,Male,South Korea,Caucasian,No,No,No,Yes,No
5790,59,Male,China,Caucasian,No,No,No,No,Yes
5791,31,Female,USA,Asian,Yes,No,No,No,No
5792,87,Male,Russia,Middle Eastern,No,No,Yes,No,No
5793,28,Female,South Korea,Asian,No,No,No,Yes,No
5794,63,Male,UK,Hispanic,Yes,No,No,No,No
5795,43,Female,South Korea,Caucasian,No,No,No,No,Yes
5796,18,Male,Russia,Caucasian,No,No,No,Yes,No
5797,34,Male,Nigeria,Caucasian,No,No,No,Yes,No
5798,61,Female,Nigeria,Asian,No,No,No,No,No
5799,23,Female,Japan,Caucasian,Yes,No,No,No,Yes
5800,41,Female,India,Caucasian,No,No,No,No,Yes
5801,29,Female,China,Asian,Yes,No,Yes,No,Yes
5802,33,Male,Brazil,Caucasian,No,No,No,No,No
5803,66,Female,China,Caucasian,No,No,No,No,No
5804,40,Female,India,African,Yes,No,No,No,No
5805,40,Female,Nigeria,Caucasian,Yes,No,Yes,Yes,Yes
5806,40,Male,Brazil,Hispanic,No,No,No,No,No
5807,60,Female,China,Hispanic,No,No,No,Yes,No
5808,63,Female,Nigeria,African,No,Yes,No,Yes,No
5809,67,Male,Nigeria,Asian,Yes,No,No,No,No
5810,17,Female,Brazil,Caucasian,No,No,Yes,Yes,No
5811,80,Female,Nigeria,African,Yes,No,No,No,Yes
5812,56,Male,India,Hispanic,No,No,No,No,No
5813,33,Male,Japan,African,No,No,No,No,No
5814,31,Female,China,Caucasian,No,No,No,No,Yes
5815,47,Male,Brazil,Caucasian,No,No,No,No,No
5816,63,Female,India,Caucasian,Yes,No,No,Yes,No
5817,70,Female,Japan,Caucasian,No,No,Yes,No,Yes
5818,77,Male,Brazil,Asian,Yes,Yes,No,Yes,Yes
5819,17,Male,Nigeria,Asian,No,No,Yes,No,Yes
5820,63,Male,India,Caucasian,No,No,No,No,No
5821,69,Female,China,Caucasian,Yes,Yes,No,No,Yes
5822,40,Female,India,Hispanic,No,No,Yes,Yes,No
5823,86,Male,Nigeria,Caucasian,No,No,No,No,No
5824,66,Female,Japan,Caucasian,No,No,Yes,Yes,No
5825,21,Female,Nigeria,African,No,Yes,Yes,No,No
5826,60,Male,Japan,Asian,Yes,No,No,Yes,Yes
5827,60,Female,UK,African,No,No,Yes,Yes,No
5828,30,Female,India,Asian,No,No,No,No,Yes
5829,38,Male,Nigeria,Caucasian,Yes,No,No,No,No
5830,75,Male,Germany,Asian,No,No,Yes,No,No
5831,68,Male,Japan,Middle Eastern,No,Yes,Yes,No,No
5832,76,Female,South Korea,Caucasian,Yes,No,Yes,No,Yes
5833,15,Female,Brazil,Caucasian,No,Yes,Yes,Yes,Yes
5834,63,Female,India,Asian,Yes,No,No,No,No
5835,39,Female,China,African,Yes,No,No,No,Yes
5836,24,Female,China,Caucasian,No,No,No,Yes,No
5837,30,Female,Brazil,Middle Eastern,No,No,No,No,No
5838,72,Female,China,Asian,No,No,No,No,No
5839,86,Female,China,Caucasian,No,No,No,No,No
5840,43,Female,Japan,Asian,Yes,No,No,Yes,Yes
5841,20,Female,Japan,Hispanic,No,Yes,Yes,No,Yes
5842,30,Female,Russia,Asian,No,No,No,Yes,Yes
5843,34,Female,India,African,Yes,No,No,No,Yes
5844,85,Male,Brazil,Caucasian,No,No,No,No,Yes
5845,57,Female,India,Middle Eastern,No,Yes,No,Yes,No
5846,40,Female,Russia,Hispanic,No,No,No,No,No
5847,85,Female,India,Hispanic,No,No,No,No,Yes
5848,47,Male,South Korea,Caucasian,No,No,No,Yes,No
5849,40,Female,UK,Asian,Yes,Yes,No,No,No
5850,59,Female,South Korea,African,No,Yes,Yes,No,No
5851,77,Male,Nigeria,Caucasian,No,No,No,No,No
5852,81,Female,Nigeria,Asian,No,No,No,No,Yes
5853,66,Male,Brazil,Caucasian,No,Yes,No,No,No
5854,82,Male,Germany,Hispanic,No,No,No,No,Yes
5855,40,Female,Brazil,Middle Eastern,No,No,No,No,No
5856,89,Female,Germany,Caucasian,No,Yes,No,No,No
5857,16,Female,India,Middle Eastern,Yes,No,No,No,Yes
5858,28,Male,India,African,No,No,No,No,No
5859,44,Female,India,Middle Eastern,No,Yes,No,No,No
5860,63,Female,Nigeria,Caucasian,No,Yes,No,No,No
5861,26,Female,Germany,African,No,No,Yes,No,Yes
5862,58,Male,India,African,No,No,No,No,No
5863,47,Male,Brazil,African,No,No,Yes,No,No
5864,27,Male,China,Hispanic,Yes,No,No,Yes,No
5865,40,Female,India,Asian,Yes,No,No,No,Yes
5866,35,Male,Brazil,Caucasian,No,No,No,No,Yes
5867,42,Male,Russia,Caucasian,No,No,No,Yes,No
5868,62,Male,Nigeria,Hispanic,No,No,No,No,No
5869,54,Male,India,Asian,No,No,No,No,No
5870,80,Female,Nigeria,Asian,No,No,No,No,No
5871,87,Female,Nigeria,Caucasian,No,Yes,Yes,No,Yes
5872,37,Female,USA,Caucasian,Yes,No,No,No,Yes
5873,62,Female,Germany,Caucasian,No,Yes,No,No,No
5874,16,Male,Brazil,Caucasian,No,No,Yes,No,No
5875,34,Female,China,Hispanic,No,Yes,No,Yes,No
5876,73,Female,USA,Middle Eastern,No,No,No,No,No
5877,60,Female,India,Caucasian,No,No,No,No,No
5878,17,Female,South Korea,African,No,No,No,No,No
5879,69,Female,Nigeria,Middle Eastern,No,No,Yes,No,Yes
5880,26,Male,Russia,Middle Eastern,Yes,No,Yes,Yes,No
5881,54,Male,Nigeria,Asian,Yes,No,Yes,No,No
5882,80,Female,China,Caucasian,No,Yes,No,No,Yes
5883,30,Male,Brazil,Hispanic,No,No,Yes,Yes,No
5884,48,Female,India,Hispanic,No,No,Yes,No,Yes
5885,58,Male,Japan,Caucasian,No,No,No,No,No
5886,20,Female,Nigeria,African,Yes,No,No,No,No
5887,78,Female,India,African,No,No,Yes,Yes,Yes
5888,36,Female,China,African,No,No,No,No,No
5889,32,Female,Russia,Asian,Yes,No,Yes,Yes,Yes
5890,26,Male,Japan,Caucasian,No,No,No,No,No
5891,66,Female,Russia,Hispanic,Yes,No,No,No,No
5892,65,Female,Brazil,Middle Eastern,No,Yes,No,No,No
5893,85,Female,South Korea,Caucasian,No,No,No,No,Yes
5894,62,Male,India,Caucasian,Yes,No,No,No,Yes
5895,33,Male,Russia,Middle Eastern,No,Yes,No,Yes,No
5896,20,Male,Russia,Hispanic,Yes,No,No,No,No
5897,41,Female,Brazil,Caucasian,No,No,No,No,No
5898,67,Male,Nigeria,African,No,No,No,No,No
5899,62,Female,Brazil,African,No,No,No,Yes,Yes
5900,21,Female,India,Hispanic,No,No,No,No,No
5901,73,Female,Brazil,African,No,No,Yes,No,No
5902,83,Male,India,Middle Eastern,No,No,No,No,Yes
5903,25,Female,Russia,African,No,No,No,No,No
5904,29,Female,India,Caucasian,Yes,No,No,No,No
5905,78,Male,Germany,Asian,Yes,No,No,No,No
5906,17,Male,USA,Caucasian,No,Yes,Yes,No,Yes
5907,83,Male,South Korea,Middle Eastern,No,No,No,No,Yes
5908,37,Female,Nigeria,Caucasian,Yes,No,No,Yes,Yes
5909,67,Female,China,Caucasian,No,No,Yes,No,No
5910,51,Female,India,Caucasian,Yes,No,Yes,No,No
5911,23,Female,India,Asian,No,No,No,No,Yes
5912,29,Female,South Korea,Hispanic,No,No,No,No,Yes
5913,17,Female,Japan,Caucasian,No,No,No,No,No
5914,84,Female,Germany,Asian,Yes,No,Yes,Yes,Yes
5915,31,Female,China,Hispanic,Yes,No,No,No,No
5916,40,Female,Brazil,Hispanic,Yes,No,No,Yes,No
5917,35,Female,Russia,Asian,Yes,Yes,No,Yes,No
5918,86,Female,Nigeria,Asian,Yes,Yes,Yes,No,Yes
5919,35,Male,China,Caucasian,Yes,Yes,Yes,No,No
5920,25,Female,Nigeria,Middle Eastern,Yes,No,No,Yes,Yes
5921,52,Male,USA,Middle Eastern,Yes,No,No,No,No
5922,86,Female,Nigeria,African,No,No,No,No,No
5923,49,Male,South Korea,Middle Eastern,Yes,No,No,Yes,No
5924,28,Female,UK,Caucasian,No,No,No,No,No
5925,28,Male,Brazil,Caucasian,Yes,Yes,No,No,No
5926,24,Female,Nigeria,Middle Eastern,No,No,No,Yes,No
5927,26,Male,Japan,Middle Eastern,No,No,Yes,No,No
5928,52,Female,Nigeria,Asian,Yes,No,No,No,No
5929,48,Male,USA,Caucasian,No,No,No,Yes,Yes
5930,55,Female,South Korea,Asian,No,No,No,No,No
5931,24,Female,Brazil,Asian,Yes,No,No,Yes,No
5932,31,Female,Nigeria,Hispanic,No,Yes,No,No,Yes
5933,31,Male,China,Hispanic,No,Yes,No,No,No
5934,81,Male,India,Caucasian,No,No,No,Yes,No
5935,76,Male,China,Caucasian,No,No,No,No,No
5936,15,Male,South Korea,African,No,No,No,Yes,No
5937,26,Male,Russia,African,Yes,No,No,No,No
5938,18,Male,India,Middle Eastern,No,No,No,No,Yes
5939,56,Female,USA,African,No,No,No,No,No
5940,27,Male,South Korea,Caucasian,Yes,No,Yes,No,Yes
5941,18,Male,China,African,Yes,No,No,No,No
5942,83,Male,India,African,No,No,No,No,Yes
5943,33,Female,Russia,Caucasian,No,No,No,No,Yes
5944,16,Male,India,Asian,Yes,No,No,No,No
5945,26,Female,Russia,Hispanic,Yes,Yes,Yes,Yes,Yes
5946,88,Female,Brazil,Caucasian,No,No,No,No,No
5947,20,Female,Nigeria,Middle Eastern,No,No,No,No,No
5948,22,Male,UK,African,No,No,No,No,No
5949,65,Female,China,Asian,No,No,No,Yes,No
5950,25,Male,Germany,Asian,No,No,No,Yes,Yes
5951,77,Female,China,Asian,Yes,No,Yes,No,No
5952,71,Female,China,African,No,No,No,No,Yes
5953,26,Female,China,Caucasian,Yes,No,Yes,Yes,No
5954,87,Female,India,Asian,No,No,No,No,No
5955,16,Female,Brazil,Caucasian,Yes,No,No,No,No
5956,22,Female,UK,African,No,Yes,No,No,No
5957,25,Female,India,African,Yes,No,No,No,Yes
5958,67,Female,Russia,Hispanic,Yes,No,No,No,No
5959,24,Female,Japan,Middle Eastern,No,No,No,No,No
5960,22,Female,Russia,Middle Eastern,No,Yes,No,Yes,No
5961,50,Female,China,Asian,No,No,No,Yes,Yes
5962,28,Female,India,Caucasian,Yes,No,No,Yes,No
5963,68,Male,Nigeria,Caucasian,No,Yes,No,Yes,Yes
5964,35,Male,India,Asian,No,Yes,Yes,No,No
5965,64,Female,China,Caucasian,No,No,Yes,Yes,No
5966,53,Female,India,African,No,No,No,No,No
5967,34,Female,Nigeria,Asian,No,Yes,Yes,No,Yes
5968,21,Male,Germany,Caucasian,No,No,No,Yes,No
5969,23,Female,USA,Caucasian,No,No,Yes,Yes,Yes
5970,15,Female,South Korea,Asian,No,No,No,No,No
5971,40,Female,China,Caucasian,No,Yes,No,No,No
5972,52,Female,South Korea,Hispanic,No,No,Yes,Yes,No
5973,52,Female,Germany,Asian,No,No,Yes,No,Yes
5974,75,Female,Brazil,African,Yes,No,No,No,No
5975,58,Male,USA,Asian,Yes,No,No,Yes,No
5976,58,Female,UK,Hispanic,Yes,No,Yes,Yes,No
5977,88,Female,India,Caucasian,Yes,No,No,Yes,No
5978,76,Male,India,Middle Eastern,No,No,No,Yes,No
5979,20,Female,India,Asian,No,No,No,No,Yes
5980,31,Female,South Korea,Middle Eastern,No,No,No,No,No
5981,65,Female,Nigeria,Hispanic,Yes,No,No,No,No
5982,52,Female,Japan,Asian,Yes,No,No,No,No
5983,38,Female,Japan,Caucasian,No,No,No,No,No
5984,65,Female,India,Caucasian,No,No,No,Yes,No
5985,24,Male,Japan,Asian,No,No,Yes,No,No
5986,86,Female,Brazil,African,No,Yes,No,No,No
5987,35,Male,China,Asian,Yes,No,Yes,No,No
5988,84,Male,China,Hispanic,Yes,Yes,No,No,Yes
5989,71,Female,Brazil,Hispanic,No,No,No,No,No
5990,53,Female,Russia,Hispanic,Yes,No,No,Yes,No
5991,47,Female,UK,African,No,Yes,No,No,No
5992,73,Male,Nigeria,Caucasian,No,No,No,No,No
5993,32,Male,India,Caucasian,No,No,No,No,No
5994,70,Female,Russia,Caucasian,Yes,No,No,No,No
5995,71,Female,South Korea,Asian,Yes,Yes,Yes,No,No
5996,62,Female,India,Caucasian,No,No,No,No,Yes
5997,56,Female,Nigeria,Asian,No,No,No,Yes,No
5998,41,Male,Russia,Hispanic,Yes,Yes,No,No,No
5999,88,Female,Russia,Caucasian,No,No,No,No,No
6000,66,Female,Russia,African,Yes,No,No,No,No
6001,56,Female,China,Caucasian,Yes,Yes,No,No,No
6002,46,Male,Japan,Caucasian,No,No,No,No,Yes
6003,40,Female,India,Asian,No,No,Yes,No,No
6004,39,Female,Japan,Hispanic,Yes,No,No,No,No
6005,89,Female,UK,Asian,Yes,No,No,No,No
6006,37,Female,India,Caucasian,No,Yes,No,No,Yes
6007,71,Female,Nigeria,Asian,No,No,No,No,No
6008,66,Male,Brazil,Caucasian,Yes,No,No,No,No
6009,45,Female,Brazil,African,Yes,No,No,No,No
6010,78,Male,Russia,Hispanic,No,Yes,Yes,No,No
6011,85,Male,UK,Asian,No,No,No,No,Yes
6012,47,Female,Russia,Hispanic,No,Yes,No,No,No
6013,16,Female,India,Caucasian,Yes,No,No,No,No
6014,32,Male,Nigeria,Middle Eastern,Yes,No,No,Yes,Yes
6015,61,Male,Nigeria,African,No,No,No,Yes,No
6016,47,Female,Japan,African,No,No,No,Yes,Yes
6017,49,Female,USA,Asian,No,No,No,No,Yes
6018,65,Male,South Korea,Hispanic,Yes,No,Yes,No,Yes
6019,32,Female,Russia,Middle Eastern,No,Yes,Yes,No,Yes
6020,86,Female,China,African,Yes,No,No,No,No
6021,44,Female,China,Middle Eastern,No,No,Yes,No,No
6022,58,Male,India,Caucasian,No,No,No,No,No
6023,67,Male,Nigeria,Hispanic,No,No,Yes,No,No
6024,24,Female,Brazil,African,No,Yes,Yes,No,Yes
6025,66,Female,South Korea,African,No,No,No,No,No
6026,63,Female,India,Asian,No,No,No,No,Yes
6027,25,Female,Germany,Caucasian,Yes,No,No,No,No
6028,80,Female,India,Caucasian,No,No,No,No,No
6029,72,Female,Japan,Hispanic,No,No,No,No,Yes
6030,50,Female,Japan,Caucasian,Yes,No,No,No,No
6031,47,Female,India,Hispanic,No,No,No,No,No
6032,61,Female,China,African,Yes,Yes,No,No,No
6033,27,Female,Germany,Hispanic,Yes,No,No,Yes,No
6034,54,Male,Japan,Caucasian,No,No,Yes,Yes,Yes
6035,82,Female,Germany,Caucasian,No,No,No,No,No
6036,56,Female,Japan,Asian,No,No,Yes,No,Yes
6037,33,Female,Brazil,Caucasian,No,No,No,Yes,No
6038,33,Female,India,Caucasian,No,No,No,Yes,No
6039,72,Female,China,Caucasian,No,No,No,Yes,No
6040,37,Male,Brazil,Caucasian,No,No,Yes,No,No
6041,68,Male,India,Asian,Yes,No,Yes,No,Yes
6042,79,Male,Brazil,Hispanic,No,No,Yes,No,Yes
6043,26,Female,UK,Asian,No,No,No,Yes,No
6044,38,Male,Brazil,Asian,Yes,No,Yes,No,No
6045,48,Female,Nigeria,African,No,No,No,No,Yes
6046,67,Male,Nigeria,Caucasian,No,No,No,No,No
6047,22,Male,China,Hispanic,No,No,Yes,No,No
6048,32,Male,China,Asian,No,No,No,Yes,Yes
6049,71,Female,Nigeria,Caucasian,No,No,No,No,No
6050,19,Female,Russia,African,No,No,Yes,No,Yes
6051,40,Female,India,Caucasian,Yes,Yes,No,No,No
6052,44,Male,China,Caucasian,No,No,No,No,No
6053,68,Female,Japan,Middle Eastern,No,Yes,Yes,Yes,No
6054,27,Female,Nigeria,Asian,Yes,No,No,No,No
6055,43,Male,Japan,African,No,No,No,No,No
6056,17,Female,Japan,Asian,No,No,No,No,Yes
6057,72,Female,Nigeria,African,Yes,No,No,Yes,No
6058,16,Female,Japan,Caucasian,No,No,Yes,No,No
6059,89,Female,Nigeria,Caucasian,No,No,Yes,No,Yes
6060,42,Female,Germany,Caucasian,No,No,No,No,No
6061,16,Male,Brazil,Caucasian,No,No,No,No,No
6062,21,Male,UK,Middle Eastern,Yes,No,No,No,No
6063,40,Female,India,Asian,Yes,No,Yes,No,No
6064,30,Female,South Korea,Hispanic,No,No,No,No,No
6065,37,Male,China,Asian,No,No,No,No,Yes
6066,54,Female,Germany,African,No,Yes,No,No,No
6067,74,Female,Germany,Asian,No,Yes,No,Yes,Yes
6068,87,Female,India,African,No,Yes,Yes,No,No
6069,46,Male,USA,Hispanic,No,Yes,Yes,No,No
6070,29,Female,China,African,Yes,No,No,Yes,No
6071,27,Female,Russia,African,No,No,No,No,No
6072,19,Male,Russia,African,No,No,No,No,No
6073,89,Male,Germany,African,Yes,Yes,Yes,No,No
6074,88,Female,South Korea,African,Yes,No,No,No,No
6075,66,Male,India,Middle Eastern,Yes,No,No,No,Yes
6076,55,Female,Germany,Asian,No,No,No,No,Yes
6077,67,Female,Nigeria,Caucasian,Yes,No,No,Yes,No
6078,64,Male,Nigeria,Caucasian,No,No,No,No,Yes
6079,29,Female,Japan,African,No,No,No,Yes,No
6080,21,Female,Russia,Asian,No,No,No,No,No
6081,54,Male,Nigeria,African,No,Yes,No,No,Yes
6082,42,Female,China,Asian,No,Yes,No,No,Yes
6083,46,Female,Russia,African,No,No,No,Yes,No
6084,29,Male,Russia,Hispanic,No,No,Yes,Yes,No
6085,84,Female,USA,Asian,No,No,No,No,Yes
6086,79,Female,Nigeria,Middle Eastern,Yes,No,No,No,Yes
6087,18,Male,India,Asian,No,No,No,No,No
6088,25,Male,Russia,Hispanic,No,No,Yes,Yes,No
6089,40,Female,Brazil,Caucasian,No,Yes,No,No,No
6090,75,Male,India,African,No,Yes,No,No,No
6091,51,Female,Japan,Caucasian,No,No,No,No,No
6092,37,Female,Brazil,Hispanic,No,No,Yes,No,No
6093,54,Male,Nigeria,Asian,No,No,No,No,Yes
6094,37,Male,Nigeria,Asian,No,No,No,No,No
6095,30,Male,Nigeria,Asian,No,No,No,No,Yes
6096,75,Male,Russia,Caucasian,No,No,No,No,Yes
6097,82,Female,China,Caucasian,No,No,No,No,Yes
6098,45,Female,Russia,Caucasian,No,No,No,Yes,No
6099,67,Female,Russia,African,No,Yes,No,No,No
6100,39,Male,India,Caucasian,No,No,No,No,No
6101,58,Male,Nigeria,Hispanic,No,Yes,Yes,No,No
6102,26,Female,Brazil,African,No,No,No,No,No
6103,23,Female,Russia,Asian,No,No,Yes,Yes,No
6104,26,Female,USA,African,No,No,No,Yes,No
6105,83,Female,China,Caucasian,No,No,No,No,No
6106,68,Female,Germany,Hispanic,No,No,No,No,No
6107,68,Female,China,Middle Eastern,Yes,No,No,Yes,Yes
6108,42,Male,Russia,Caucasian,No,No,No,No,No
6109,70,Male,China,Hispanic,No,No,No,No,No
6110,83,Female,India,Caucasian,No,Yes,No,Yes,No
6111,72,Female,Germany,Hispanic,Yes,No,Yes,No,No
6112,89,Female,India,Asian,No,No,No,Yes,No
6113,56,Female,Russia,Asian,No,No,No,Yes,Yes
6114,52,Female,Nigeria,Asian,No,Yes,Yes,No,No
6115,82,Male,Germany,Hispanic,No,Yes,Yes,No,No
6116,67,Female,China,Asian,No,No,No,Yes,No
6117,47,Male,Germany,Asian,Yes,No,No,No,Yes
6118,85,Male,India,Caucasian,No,No,No,No,No
6119,70,Male,Brazil,Caucasian,Yes,No,No,Yes,No
6120,86,Female,China,African,No,No,No,No,No
6121,65,Male,UK,Caucasian,No,Yes,No,Yes,No
6122,88,Male,Russia,Hispanic,No,No,No,No,No
6123,57,Female,Nigeria,Hispanic,No,No,No,Yes,No
6124,29,Male,South Korea,Hispanic,No,No,No,Yes,No
6125,52,Female,China,Caucasian,No,No,No,No,No
6126,29,Male,Russia,Hispanic,No,No,No,No,No
6127,19,Female,Brazil,Asian,Yes,No,Yes,No,Yes
6128,68,Female,Japan,Caucasian,Yes,Yes,No,No,No
6129,65,Female,China,African,Yes,No,No,No,Yes
6130,24,Female,USA,Asian,No,Yes,No,Yes,No
6131,26,Male,USA,Asian,No,No,No,Yes,No
6132,18,Female,India,Middle Eastern,Yes,No,No,No,No
6133,32,Male,Russia,Middle Eastern,Yes,No,No,Yes,No
6134,50,Female,China,Hispanic,No,No,No,No,No
6135,39,Male,India,Caucasian,No,No,No,No,No
6136,50,Male,India,Asian,No,No,Yes,No,No
6137,81,Male,India,Hispanic,No,No,No,No,Yes
6138,23,Female,China,Asian,No,No,No,No,No
6139,75,Female,South Korea,Middle Eastern,No,No,Yes,No,No
6140,67,Female,China,Asian,Yes,No,No,Yes,No
6141,32,Female,Germany,Caucasian,No,No,No,Yes,Yes
6142,57,Female,Germany,Asian,No,No,No,No,No
6143,49,Male,China,Caucasian,No,No,No,No,Yes
6144,77,Female,Nigeria,Asian,No,No,Yes,No,Yes
6145,18,Female,South Korea,Caucasian,Yes,No,No,No,No
6146,55,Female,Germany,Caucasian,Yes,No,No,No,No
6147,59,Female,China,Caucasian,No,No,Yes,No,No
6148,64,Male,Nigeria,Asian,No,No,No,Yes,No
6149,42,Female,Japan,Caucasian,Yes,No,No,Yes,No
6150,56,Male,Russia,Caucasian,No,No,No,No,No
6151,83,Female,India,Caucasian,Yes,No,No,No,No
6152,15,Female,Russia,African,No,No,No,No,No
6153,53,Female,Nigeria,Asian,No,No,Yes,No,No
6154,31,Male,UK,Asian,Yes,No,No,No,No
6155,49,Male,South Korea,Caucasian,No,No,No,Yes,Yes
6156,60,Female,Russia,Middle Eastern,Yes,No,No,No,No
6157,56,Female,China,Caucasian,No,No,Yes,No,No
6158,53,Female,Germany,Caucasian,Yes,No,No,No,No
6159,63,Male,Nigeria,Caucasian,Yes,No,No,No,No
6160,76,Female,UK,Caucasian,No,No,No,No,No
6161,52,Female,USA,Caucasian,Yes,Yes,No,No,No
6162,37,Male,Russia,Hispanic,No,No,No,No,No
6163,36,Male,UK,Asian,No,Yes,No,No,Yes
6164,18,Female,Russia,African,Yes,No,Yes,Yes,No
6165,63,Male,Russia,Asian,No,No,No,No,No
6166,73,Female,India,Hispanic,No,No,No,Yes,No
6167,87,Female,South Korea,Caucasian,Yes,No,No,No,No
6168,82,Female,UK,African,Yes,No,Yes,No,No
6169,85,Female,Japan,Hispanic,Yes,No,No,No,No
6170,16,Female,South Korea,Middle Eastern,No,No,No,No,Yes
6171,63,Female,Russia,Hispanic,No,No,No,No,No
6172,45,Male,China,Caucasian,No,No,No,Yes,Yes
6173,54,Male,Russia,Asian,Yes,No,Yes,No,No
6174,62,Female,China,Hispanic,Yes,No,Yes,No,Yes
6175,65,Female,South Korea,Asian,Yes,No,No,No,Yes
6176,57,Male,Russia,Caucasian,No,No,No,No,No
6177,69,Female,China,Asian,No,No,No,No,No
6178,63,Female,India,Asian,No,No,No,No,No
6179,71,Male,Nigeria,African,No,No,No,No,Yes
6180,29,Male,India,Caucasian,No,No,Yes,Yes,No
6181,41,Male,China,Hispanic,No,Yes,No,No,No
6182,82,Female,India,Caucasian,Yes,No,No,No,No
6183,78,Male,Germany,Middle Eastern,No,No,No,No,No
6184,44,Male,India,Caucasian,No,No,No,Yes,Yes
6185,50,Male,Japan,African,No,No,No,No,No
6186,81,Male,Japan,African,No,No,No,Yes,No
6187,63,Female,China,Caucasian,No,No,No,No,Yes
6188,69,Female,Japan,African,Yes,No,No,Yes,Yes
6189,70,Male,Brazil,Hispanic,No,No,No,Yes,Yes
6190,82,Male,South Korea,African,No,No,No,No,No
6191,58,Female,Nigeria,Middle Eastern,No,No,Yes,No,Yes
6192,45,Male,Russia,African,Yes,No,No,Yes,No
6193,72,Male,Russia,Asian,Yes,No,No,No,No
6194,67,Female,India,Caucasian,No,No,No,Yes,No
6195,37,Female,Russia,Caucasian,No,No,Yes,No,Yes
6196,42,Male,Nigeria,Hispanic,No,No,No,No,Yes
6197,30,Female,Brazil,Hispanic,No,No,No,No,Yes
6198,51,Male,USA,Hispanic,No,No,Yes,Yes,No
6199,35,Male,China,Asian,No,No,No,No,No
6200,31,Female,South Korea,Caucasian,No,No,No,No,No
6201,51,Male,South Korea,Middle Eastern,No,No,No,No,No
6202,33,Female,Japan,Caucasian,No,No,No,No,Yes
6203,44,Male,South Korea,African,Yes,No,No,No,No
6204,59,Male,Nigeria,African,No,No,No,Yes,Yes
6205,32,Male,South Korea,Asian,No,Yes,No,No,No
6206,76,Female,Brazil,Asian,No,No,No,No,No
6207,50,Female,Russia,African,Yes,Yes,No,No,Yes
6208,66,Male,Japan,African,No,No,No,Yes,No
6209,33,Female,USA,Caucasian,No,No,Yes,No,No
6210,58,Female,China,African,Yes,No,No,Yes,Yes
6211,21,Female,India,Asian,No,Yes,No,Yes,Yes
6212,58,Male,Nigeria,Caucasian,No,No,No,No,Yes
6213,82,Female,Russia,Caucasian,No,No,No,No,No
6214,48,Male,India,Asian,No,No,Yes,No,No
6215,80,Female,Nigeria,Asian,Yes,No,No,Yes,No
6216,83,Female,India,African,No,Yes,No,No,Yes
6217,69,Female,USA,African,No,No,No,No,No
6218,24,Female,UK,Middle Eastern,No,No,Yes,No,No
6219,56,Male,India,Caucasian,No,Yes,Yes,Yes,No
6220,55,Male,India,African,Yes,No,Yes,No,No
6221,83,Female,India,Asian,Yes,No,Yes,No,No
6222,24,Female,China,Caucasian,Yes,No,Yes,Yes,No
6223,24,Male,India,Hispanic,Yes,No,No,Yes,Yes
6224,74,Female,China,Middle Eastern,Yes,No,No,No,No
6225,65,Female,USA,Asian,Yes,No,No,No,No
6226,35,Female,South Korea,Caucasian,Yes,Yes,No,Yes,No
6227,22,Female,Nigeria,Middle Eastern,No,No,No,No,No
6228,79,Female,China,African,No,No,No,Yes,No
6229,44,Male,Germany,African,No,No,No,No,Yes
6230,63,Female,India,Middle Eastern,No,No,No,No,No
6231,23,Female,India,Hispanic,No,No,Yes,Yes,No
6232,31,Female,China,Middle Eastern,No,No,No,No,Yes
6233,83,Male,South Korea,Caucasian,No,No,No,No,No
6234,72,Male,USA,Asian,No,No,Yes,No,No
6235,71,Female,India,Caucasian,No,No,No,Yes,No
6236,76,Female,UK,Hispanic,No,No,No,Yes,No
6237,66,Female,China,Caucasian,No,Yes,Yes,No,Yes
6238,75,Female,India,Middle Eastern,No,No,No,No,No
6239,54,Female,Japan,Asian,Yes,Yes,No,No,No
6240,52,Male,UK,African,No,Yes,Yes,No,Yes
6241,57,Female,China,African,Yes,No,Yes,No,No
6242,77,Male,South Korea,Hispanic,No,No,No,No,No
6243,33,Female,Nigeria,Asian,No,Yes,Yes,No,Yes
6244,64,Female,Brazil,Middle Eastern,No,No,Yes,No,Yes
6245,47,Female,USA,African,No,No,No,Yes,Yes
6246,27,Female,Germany,Caucasian,No,No,No,No,No
6247,76,Female,China,African,No,No,Yes,No,No
6248,57,Female,USA,Caucasian,No,No,No,No,No
6249,63,Male,India,Asian,No,No,No,No,Yes
6250,50,Male,Nigeria,Hispanic,Yes,No,Yes,No,Yes
6251,24,Female,China,Caucasian,No,Yes,No,No,Yes
6252,20,Male,Russia,Asian,Yes,No,No,No,No
6253,71,Male,India,Caucasian,No,No,No,No,Yes
6254,15,Male,Germany,African,Yes,No,No,No,No
6255,85,Male,India,Caucasian,No,No,No,No,No
6256,72,Female,Japan,African,No,No,Yes,No,Yes
6257,35,Female,India,Middle Eastern,No,No,Yes,No,No
6258,70,Male,Nigeria,Asian,Yes,No,Yes,No,No
6259,34,Male,South Korea,Asian,Yes,No,No,No,No
6260,68,Male,India,Caucasian,No,Yes,No,No,No
6261,39,Male,Japan,Asian,Yes,Yes,No,No,No
6262,42,Female,Germany,African,Yes,No,No,No,No
6263,19,Male,Brazil,Asian,No,No,No,No,No
6264,35,Male,India,Asian,Yes,No,No,No,Yes
6265,32,Male,Brazil,Asian,Yes,No,Yes,No,No
6266,61,Male,India,Caucasian,No,No,No,No,No
6267,84,Male,China,Asian,No,No,No,Yes,Yes
6268,71,Male,Nigeria,Caucasian,No,No,No,Yes,No
6269,33,Female,Germany,Caucasian,No,No,No,No,No
6270,79,Female,UK,Caucasian,Yes,No,No,No,Yes
6271,17,Female,Nigeria,African,No,No,No,No,No
6272,56,Male,India,African,Yes,No,No,No,Yes
6273,35,Female,South Korea,Asian,No,Yes,Yes,No,No
6274,54,Male,Nigeria,African,No,No,No,Yes,Yes
6275,81,Female,Brazil,African,No,No,No,Yes,No
6276,39,Female,Brazil,Hispanic,No,Yes,No,No,No
6277,69,Female,Russia,Asian,Yes,No,No,No,No
6278,66,Female,Russia,Hispanic,No,No,No,Yes,Yes
6279,58,Male,Germany,Asian,No,No,No,No,No
6280,70,Male,Russia,Asian,No,No,No,No,Yes
6281,69,Female,USA,Asian,Yes,No,No,No,Yes
6282,84,Female,China,Asian,No,No,No,Yes,Yes
6283,87,Female,Nigeria,African,No,No,No,No,Yes
6284,80,Male,China,Asian,No,Yes,Yes,No,No
6285,33,Female,Brazil,African,No,No,No,No,Yes
6286,21,Female,Nigeria,Asian,No,No,No,No,No
6287,77,Male,India,Caucasian,Yes,No,No,Yes,No
6288,56,Male,Nigeria,Caucasian,No,No,No,No,No
6289,56,Male,Nigeria,Asian,Yes,No,No,No,No
6290,73,Female,Nigeria,Asian,No,No,No,No,No
6291,34,Female,South Korea,Middle Eastern,Yes,No,No,Yes,No
6292,87,Female,Brazil,Asian,No,Yes,No,No,No
6293,31,Male,China,Caucasian,No,No,No,No,No
6294,41,Female,Russia,Middle Eastern,No,No,No,Yes,Yes
6295,61,Female,Nigeria,Caucasian,Yes,No,No,No,No
6296,16,Female,Nigeria,Asian,No,No,No,No,No
6297,77,Female,India,African,No,No,Yes,Yes,Yes
6298,76,Female,Russia,Caucasian,No,No,No,No,Yes
6299,33,Male,South Korea,Asian,No,No,No,No,No
6300,31,Female,South Korea,Asian,No,No,No,Yes,No
6301,83,Male,Brazil,Asian,Yes,No,No,No,Yes
6302,53,Male,India,African,No,No,No,No,No
6303,85,Male,Nigeria,Middle Eastern,No,Yes,No,No,Yes
6304,53,Female,Germany,African,No,Yes,No,Yes,No
6305,50,Male,India,African,No,No,No,No,No
6306,54,Male,Russia,Asian,No,No,No,No,Yes
6307,59,Male,China,African,No,No,No,No,No
6308,18,Male,Germany,Middle Eastern,Yes,No,No,No,Yes
6309,39,Male,Japan,African,No,No,No,Yes,No
6310,83,Female,Brazil,Middle Eastern,No,No,Yes,No,No
6311,44,Female,Japan,Caucasian,Yes,No,Yes,No,No
6312,82,Male,Russia,Asian,Yes,No,No,No,Yes
6313,43,Female,South Korea,African,No,No,No,No,No
6314,87,Male,Brazil,Asian,No,No,No,No,Yes
6315,82,Female,Japan,Caucasian,No,No,No,No,No
6316,65,Female,Russia,Caucasian,No,Yes,No,No,Yes
6317,38,Female,Russia,Hispanic,No,Yes,No,No,No
6318,28,Female,China,Caucasian,No,No,No,No,No
6319,83,Female,China,Asian,Yes,Yes,Yes,No,No
6320,32,Male,Brazil,Middle Eastern,Yes,No,Yes,No,Yes
6321,56,Male,China,African,No,No,No,No,No
6322,71,Female,Japan,African,No,No,No,No,No
6323,26,Female,Japan,Hispanic,No,No,No,No,No
6324,31,Male,India,Hispanic,No,No,No,No,Yes
6325,44,Female,Nigeria,Asian,Yes,No,No,No,No
6326,89,Male,China,African,No,Yes,No,No,Yes
6327,37,Female,USA,Middle Eastern,No,Yes,No,Yes,No
6328,15,Female,Nigeria,Middle Eastern,No,No,No,No,No
6329,46,Female,China,African,No,No,No,No,No
6330,23,Female,Nigeria,Asian,Yes,No,Yes,No,Yes
6331,29,Female,China,Asian,No,Yes,No,No,No
6332,42,Male,South Korea,Asian,Yes,No,No,Yes,No
6333,38,Female,South Korea,Caucasian,No,Yes,No,No,No
6334,74,Female,China,Caucasian,No,No,No,No,No
6335,49,Male,UK,African,Yes,No,No,No,Yes
6336,41,Male,India,Asian,Yes,No,No,No,Yes
6337,34,Female,India,African,No,No,No,Yes,No
6338,79,Male,Brazil,Hispanic,No,No,Yes,No,No
6339,63,Male,Brazil,Asian,Yes,No,No,Yes,Yes
6340,15,Male,China,Caucasian,No,No,No,No,No
6341,24,Female,China,African,No,Yes,Yes,No,No
6342,61,Male,Brazil,African,No,No,No,No,No
6343,73,Male,Germany,Caucasian,Yes,No,Yes,No,No
6344,76,Male,India,Caucasian,No,No,No,Yes,No
6345,32,Female,China,Hispanic,No,No,No,No,No
6346,60,Female,USA,Hispanic,No,No,No,No,No
6347,46,Female,India,African,No,No,No,Yes,No
6348,41,Male,China,Hispanic,No,No,No,No,No
6349,32,Male,UK,Asian,No,No,No,No,No
6350,53,Female,India,Asian,No,Yes,No,No,No
6351,63,Female,Germany,Caucasian,No,No,No,No,No
6352,58,Male,South Korea,Caucasian,No,No,Yes,No,No
6353,86,Male,China,Caucasian,Yes,No,No,No,No
6354,68,Female,India,Middle Eastern,No,No,No,No,No
6355,48,Female,Russia,Asian,No,No,No,No,No
6356,85,Male,Russia,Caucasian,Yes,No,Yes,No,Yes
6357,50,Male,China,African,No,No,No,No,Yes
6358,32,Female,Nigeria,Hispanic,No,Yes,No,No,No
6359,52,Female,Russia,African,No,Yes,No,No,No
6360,73,Male,China,Caucasian,Yes,No,Yes,Yes,Yes
6361,23,Female,India,Asian,No,No,No,No,No
6362,87,Female,UK,Asian,Yes,No,No,No,No
6363,86,Female,Brazil,Middle Eastern,Yes,Yes,No,Yes,Yes
6364,65,Female,UK,African,No,No,No,No,No
6365,49,Female,India,Caucasian,Yes,No,No,No,No
6366,19,Male,Nigeria,Caucasian,Yes,No,No,No,No
6367,28,Female,China,Caucasian,No,No,No,No,No
6368,44,Male,Nigeria,Caucasian,No,No,Yes,No,Yes
6369,18,Male,India,Asian,Yes,No,No,No,No
6370,53,Female,Germany,Caucasian,No,No,No,No,No
6371,78,Female,Nigeria,Asian,Yes,No,No,No,Yes
6372,39,Female,Russia,Asian,Yes,Yes,Yes,Yes,No
6373,42,Male,Nigeria,Caucasian,No,No,No,No,No
6374,80,Male,Japan,Hispanic,Yes,Yes,No,No,Yes
6375,36,Male,Nigeria,African,No,No,No,No,Yes
6376,45,Female,Japan,Hispanic,No,No,No,No,No
6377,37,Female,Germany,African,Yes,No,No,No,No
6378,62,Female,India,Caucasian,No,No,No,No,Yes
6379,34,Female,India,Hispanic,Yes,No,No,Yes,No
6380,52,Female,Japan,African,No,No,No,No,No
6381,69,Female,India,African,Yes,No,No,No,Yes
6382,82,Female,Russia,Asian,No,No,Yes,No,No
6383,15,Female,Brazil,African,No,Yes,No,No,No
6384,21,Male,Russia,Asian,No,No,Yes,No,No
6385,71,Male,Russia,Middle Eastern,No,No,No,Yes,No
6386,26,Male,India,Caucasian,No,No,Yes,No,No
6387,19,Female,Japan,African,Yes,No,No,No,No
6388,64,Female,Brazil,Hispanic,No,Yes,Yes,No,No
6389,56,Male,China,African,Yes,No,No,No,No
6390,26,Male,India,Asian,Yes,Yes,No,Yes,No
6391,32,Female,Nigeria,Middle Eastern,Yes,Yes,Yes,No,No
6392,80,Male,Brazil,Middle Eastern,Yes,No,No,No,No
6393,88,Male,India,Caucasian,No,No,No,Yes,Yes
6394,31,Male,India,Middle Eastern,No,No,No,No,No
6395,82,Male,USA,Middle Eastern,Yes,No,No,No,No
6396,85,Male,South Korea,African,No,No,Yes,No,No
6397,76,Male,China,Asian,No,Yes,No,Yes,No
6398,55,Female,Japan,African,No,No,Yes,No,Yes
6399,48,Male,China,African,No,No,No,Yes,No
6400,84,Female,India,Asian,No,No,No,No,Yes
6401,59,Female,Japan,Hispanic,No,No,No,No,Yes
6402,72,Female,India,Asian,No,No,No,No,Yes
6403,65,Female,Japan,Caucasian,Yes,No,No,No,No
6404,48,Male,India,Hispanic,No,No,No,No,Yes
6405,58,Female,Germany,African,No,No,No,Yes,No
6406,29,Male,China,Asian,No,Yes,No,No,No
6407,84,Female,South Korea,African,No,No,No,Yes,No
6408,64,Male,Russia,Asian,No,No,No,No,Yes
6409,46,Female,India,Asian,No,No,No,No,No
6410,81,Male,Nigeria,Asian,Yes,Yes,No,Yes,No
6411,17,Female,UK,African,No,No,No,No,Yes
6412,88,Female,Brazil,Hispanic,Yes,No,Yes,No,No
6413,65,Female,Nigeria,Caucasian,No,No,No,No,No
6414,81,Female,South Korea,Asian,Yes,No,No,No,No
6415,62,Female,India,Middle Eastern,No,No,Yes,Yes,No
6416,31,Female,China,Caucasian,No,No,No,No,No
6417,21,Female,UK,Middle Eastern,Yes,No,No,Yes,No
6418,27,Female,Brazil,African,No,No,No,No,No
6419,80,Female,China,Asian,No,No,No,No,No
6420,18,Male,Japan,Caucasian,No,No,No,No,No
6421,24,Male,South Korea,African,Yes,No,Yes,No,No
6422,31,Female,Russia,Caucasian,No,Yes,No,No,No
6423,66,Female,USA,Hispanic,No,No,No,No,No
6424,20,Female,Germany,African,No,No,No,No,Yes
6425,83,Female,India,Asian,No,No,Yes,Yes,No
6426,88,Female,India,African,No,No,No,Yes,No
6427,23,Female,China,Hispanic,No,Yes,No,No,No
6428,35,Male,India,Middle Eastern,Yes,No,No,No,No
6429,38,Male,India,African,No,No,No,No,Yes
6430,18,Female,China,Caucasian,No,No,No,Yes,Yes
6431,38,Female,India,Caucasian,No,No,No,No,No
6432,73,Female,China,Middle Eastern,Yes,No,No,No,No
6433,17,Male,India,Middle Eastern,No,Yes,Yes,No,No
6434,82,Male,Russia,Middle Eastern,Yes,No,No,No,Yes
6435,54,Male,Nigeria,Caucasian,No,No,No,Yes,Yes
6436,62,Female,China,Middle Eastern,No,No,No,No,No
6437,68,Female,India,Caucasian,No,No,No,No,No
6438,49,Female,UK,Caucasian,Yes,No,No,No,No
6439,70,Female,India,Caucasian,No,No,No,No,No
6440,54,Female,Nigeria,Caucasian,No,No,No,No,Yes
6441,82,Male,USA,Caucasian,No,No,No,No,Yes
6442,60,Female,China,African,No,No,No,No,No
6443,27,Female,India,Middle Eastern,Yes,No,No,No,Yes
6444,41,Female,Russia,Hispanic,No,No,No,No,No
6445,20,Female,Japan,Hispanic,No,No,No,No,No
6446,31,Male,UK,Caucasian,No,Yes,No,No,No
6447,50,Male,South Korea,Asian,Yes,No,No,No,No
6448,16,Male,South Korea,Asian,No,No,Yes,No,No
6449,66,Female,Nigeria,Hispanic,No,No,No,No,No
6450,80,Male,Brazil,Middle Eastern,No,No,No,No,No
6451,66,Female,Russia,African,Yes,No,Yes,No,No
6452,57,Female,India,Caucasian,No,No,No,No,No
6453,36,Female,Brazil,Hispanic,No,No,Yes,No,No
6454,69,Male,Nigeria,Caucasian,Yes,No,Yes,No,No
6455,81,Female,China,Hispanic,Yes,No,No,No,No
6456,74,Male,Japan,African,Yes,No,No,No,No
6457,72,Female,India,Asian,Yes,No,No,No,No
6458,26,Male,Nigeria,Caucasian,Yes,No,Yes,No,No
6459,83,Female,Brazil,Hispanic,No,No,No,No,No
6460,53,Female,Nigeria,Asian,No,No,Yes,No,Yes
6461,27,Male,Nigeria,Hispanic,Yes,No,Yes,No,No
6462,55,Male,China,Asian,No,No,No,No,No
6463,71,Male,China,Caucasian,No,No,No,No,No
6464,67,Male,Russia,African,No,No,Yes,Yes,Yes
6465,26,Male,Germany,African,No,No,No,Yes,Yes
6466,27,Female,India,Middle Eastern,No,Yes,No,No,No
6467,88,Female,Germany,Asian,No,No,No,No,No
6468,71,Female,Russia,Caucasian,No,No,No,No,Yes
6469,54,Female,China,African,No,No,Yes,Yes,Yes
6470,59,Female,Nigeria,Caucasian,No,No,No,No,Yes
6471,49,Female,Japan,Asian,No,No,No,No,No
6472,17,Male,South Korea,Asian,Yes,Yes,No,No,No
6473,19,Female,South Korea,Caucasian,Yes,No,No,Yes,No
6474,25,Female,Nigeria,Hispanic,No,No,No,No,Yes
6475,85,Female,China,Asian,Yes,No,Yes,No,No
6476,70,Male,USA,African,No,No,No,No,Yes
6477,24,Female,Japan,African,No,No,No,No,Yes
6478,48,Male,India,Hispanic,No,No,No,Yes,No
6479,81,Female,India,Middle Eastern,No,Yes,No,No,Yes
6480,86,Female,Russia,Asian,No,No,Yes,No,Yes
6481,45,Female,Nigeria,Caucasian,No,Yes,Yes,No,No
6482,89,Female,Brazil,African,No,No,No,No,Yes
6483,85,Male,Brazil,African,No,No,No,Yes,No
6484,80,Male,India,African,No,Yes,No,No,No
6485,84,Female,Brazil,Caucasian,No,Yes,No,No,No
6486,55,Male,China,Asian,No,No,No,Yes,Yes
6487,77,Male,India,Asian,No,No,No,No,No
6488,46,Female,India,Hispanic,Yes,No,No,No,No
6489,34,Male,India,Hispanic,No,No,No,Yes,Yes
6490,71,Female,USA,African,No,No,No,No,No
6491,64,Female,Germany,Hispanic,No,No,No,No,No
6492,39,Female,India,African,No,No,No,Yes,No
6493,26,Female,Nigeria,Middle Eastern,No,No,No,No,No
6494,85,Male,Brazil,Caucasian,No,No,No,No,No
6495,53,Male,Nigeria,Asian,Yes,No,Yes,No,No
6496,31,Female,Brazil,Asian,Yes,No,No,No,No
6497,59,Female,Nigeria,Hispanic,No,No,No,No,No
6498,25,Male,Brazil,Caucasian,Yes,No,No,No,No
6499,84,Male,Nigeria,Asian,No,No,No,No,No
6500,37,Female,India,African,No,No,No,No,Yes
6501,84,Female,China,Asian,No,No,No,No,No
6502,52,Female,Japan,African,Yes,No,Yes,No,No
6503,16,Female,Russia,Caucasian,No,No,No,No,Yes
6504,86,Female,Japan,Asian,No,Yes,No,Yes,No
6505,51,Male,Russia,Hispanic,No,No,No,No,Yes
6506,63,Male,India,Middle Eastern,Yes,No,Yes,No,Yes
6507,66,Male,South Korea,African,No,Yes,No,No,Yes
6508,47,Female,China,African,Yes,No,Yes,No,No
6509,36,Female,Nigeria,Caucasian,No,Yes,No,Yes,Yes
6510,19,Female,India,Asian,Yes,Yes,No,Yes,Yes
6511,32,Female,India,Caucasian,No,No,Yes,No,No
6512,52,Female,China,Hispanic,No,Yes,Yes,Yes,No
6513,51,Female,Russia,Caucasian,No,No,No,No,No
6514,78,Female,USA,Asian,No,No,No,Yes,Yes
6515,24,Male,Nigeria,Caucasian,No,No,No,Yes,No
6516,56,Male,China,Middle Eastern,Yes,Yes,No,No,No
6517,62,Female,Japan,African,No,No,No,No,Yes
6518,58,Female,Nigeria,African,No,Yes,No,Yes,No
6519,30,Female,China,African,Yes,No,No,No,No
6520,68,Female,China,Caucasian,No,No,No,No,Yes
6521,49,Female,Nigeria,Hispanic,No,No,No,No,No
6522,42,Female,India,Caucasian,No,Yes,No,No,No
6523,16,Female,India,Middle Eastern,No,No,No,No,Yes
6524,27,Female,Russia,Caucasian,Yes,No,No,Yes,No
6525,55,Female,India,African,No,No,No,No,No
6526,73,Female,UK,Asian,No,No,No,No,Yes
6527,83,Female,India,Middle Eastern,Yes,No,No,No,No
6528,67,Female,India,Asian,No,No,Yes,No,Yes
6529,59,Female,Brazil,Caucasian,No,No,Yes,Yes,No
6530,34,Female,India,Caucasian,No,No,No,No,No
6531,38,Female,USA,African,No,No,No,No,No
6532,75,Female,Germany,Caucasian,No,No,No,No,No
6533,72,Female,Nigeria,Asian,No,No,No,No,Yes
6534,41,Male,South Korea,Caucasian,Yes,Yes,No,No,No
6535,40,Female,Germany,Hispanic,No,Yes,No,No,No
6536,21,Male,China,Asian,No,No,No,No,No
6537,56,Female,China,Asian,Yes,No,No,No,No
6538,61,Female,India,Hispanic,No,No,No,No,No
6539,67,Male,China,Hispanic,Yes,No,No,Yes,No
6540,73,Female,Russia,Caucasian,Yes,No,No,No,No
6541,52,Female,Japan,Hispanic,Yes,No,Yes,Yes,No
6542,83,Female,India,African,No,No,No,No,Yes
6543,67,Female,India,Caucasian,Yes,Yes,No,No,No
6544,29,Female,USA,Caucasian,Yes,No,No,No,No
6545,40,Female,China,African,No,No,Yes,No,No
6546,62,Male,Nigeria,Hispanic,No,No,No,No,Yes
6547,33,Female,Japan,Hispanic,Yes,Yes,No,No,No
6548,23,Female,USA,Asian,No,No,No,No,No
6549,78,Male,China,Asian,No,No,No,No,No
6550,68,Female,India,Asian,No,No,No,No,No
6551,65,Female,Japan,Hispanic,No,Yes,No,No,No
6552,53,Female,Germany,Asian,No,No,Yes,No,No
6553,18,Female,UK,Middle Eastern,No,No,No,No,Yes
6554,17,Male,Brazil,Caucasian,No,No,Yes,No,Yes
6555,78,Female,India,Asian,Yes,No,No,No,No
6556,43,Female,Nigeria,Caucasian,No,Yes,Yes,No,No
6557,25,Female,Russia,Caucasian,Yes,No,No,No,No
6558,72,Male,Brazil,Asian,No,No,No,No,No
6559,89,Female,Germany,Caucasian,Yes,No,Yes,No,No
6560,41,Female,China,African,No,No,No,No,Yes
6561,35,Male,South Korea,Middle Eastern,Yes,No,No,No,No
6562,53,Male,India,Asian,Yes,No,No,No,No
6563,60,Male,Nigeria,Asian,No,Yes,No,No,No
6564,80,Female,Nigeria,Caucasian,No,No,No,No,Yes
6565,50,Male,Germany,Caucasian,Yes,No,No,No,No
6566,89,Female,Russia,Hispanic,No,No,No,Yes,Yes
6567,79,Female,Russia,African,No,No,Yes,No,Yes
6568,77,Female,China,African,No,No,No,Yes,No
6569,49,Male,Japan,African,Yes,No,No,No,No
6570,45,Female,USA,Middle Eastern,Yes,Yes,No,No,No
6571,42,Female,India,African,No,No,Yes,No,No
6572,15,Female,India,Asian,Yes,Yes,Yes,No,No
6573,39,Male,Brazil,Hispanic,No,Yes,No,No,Yes
6574,57,Female,Nigeria,Asian,No,Yes,Yes,No,No
6575,81,Female,Nigeria,Hispanic,No,No,No,No,Yes
6576,77,Male,Nigeria,Hispanic,Yes,No,No,Yes,No
6577,65,Female,USA,Caucasian,No,No,Yes,No,No
6578,16,Female,Brazil,Caucasian,No,No,No,No,No
6579,78,Male,Germany,Asian,No,No,No,Yes,No
6580,88,Female,Russia,Hispanic,No,No,No,No,No
6581,83,Female,UK,Caucasian,No,No,No,No,No
6582,23,Female,USA,Asian,No,No,No,No,No
6583,16,Male,Nigeria,Caucasian,No,No,Yes,No,No
6584,48,Female,Japan,Caucasian,No,Yes,No,Yes,No
6585,74,Male,India,Caucasian,No,No,No,Yes,No
6586,75,Male,Germany,Caucasian,No,Yes,Yes,No,Yes
6587,45,Female,Russia,Caucasian,No,No,No,Yes,No
6588,24,Male,Brazil,Asian,Yes,No,No,No,No
6589,50,Female,Russia,African,Yes,Yes,Yes,No,No
6590,63,Male,UK,Asian,Yes,No,No,No,No
6591,84,Male,China,Hispanic,No,No,No,No,Yes
6592,63,Male,Japan,Caucasian,No,No,No,Yes,Yes
6593,17,Male,Nigeria,Middle Eastern,No,No,No,No,Yes
6594,88,Male,South Korea,Caucasian,No,Yes,No,Yes,No
6595,19,Male,Japan,Caucasian,Yes,No,No,No,Yes
6596,75,Male,Russia,Caucasian,No,No,No,Yes,Yes
6597,40,Female,UK,African,No,No,No,No,No
6598,86,Female,Brazil,Caucasian,No,No,No,Yes,Yes
6599,19,Female,Japan,Hispanic,No,No,Yes,No,No
6600,29,Male,China,African,No,No,No,No,No
6601,30,Female,India,Asian,No,No,No,No,No
6602,15,Female,Japan,Caucasian,No,No,No,No,Yes
6603,30,Female,Russia,Asian,No,No,No,No,No
6604,51,Female,Russia,Caucasian,No,No,No,Yes,No
6605,17,Female,China,Caucasian,Yes,Yes,Yes,No,No
6606,66,Female,Nigeria,Asian,Yes,No,Yes,Yes,No
6607,61,Female,Japan,Hispanic,No,No,Yes,No,No
6608,27,Female,Brazil,Hispanic,No,No,No,Yes,Yes
6609,69,Female,Russia,Middle Eastern,No,No,No,No,No
6610,35,Female,USA,Caucasian,No,No,Yes,Yes,No
6611,80,Female,Russia,Asian,No,No,Yes,No,No
6612,68,Male,UK,Hispanic,No,Yes,No,No,No
6613,41,Female,China,African,Yes,No,No,No,No
6614,52,Female,Russia,Asian,No,No,Yes,Yes,Yes
6615,72,Female,China,African,No,No,No,No,No
6616,76,Male,India,Caucasian,No,Yes,No,No,No
6617,60,Male,Nigeria,Middle Eastern,No,Yes,No,No,Yes
6618,25,Female,India,African,No,No,No,No,No
6619,86,Male,Nigeria,Middle Eastern,Yes,Yes,No,No,No
6620,22,Male,USA,Asian,No,No,No,Yes,Yes
6621,85,Female,South Korea,Caucasian,Yes,Yes,No,No,No
6622,78,Male,India,African,No,No,Yes,No,No
6623,35,Female,South Korea,Asian,No,No,Yes,Yes,No
6624,86,Female,Nigeria,Asian,No,Yes,No,No,No
6625,77,Female,UK,Asian,No,No,No,No,No
6626,78,Female,Nigeria,Asian,Yes,No,Yes,No,Yes
6627,34,Female,Brazil,Asian,No,No,No,No,Yes
6628,22,Male,China,Asian,No,No,No,No,Yes
6629,72,Female,USA,Caucasian,No,No,Yes,No,No
6630,60,Female,China,Middle Eastern,No,No,No,No,Yes
6631,45,Female,Brazil,Asian,No,Yes,Yes,No,No
6632,23,Male,India,Caucasian,No,No,No,No,No
6633,29,Female,Japan,Hispanic,No,Yes,No,No,No
6634,40,Male,China,Asian,No,Yes,Yes,Yes,No
6635,24,Male,India,African,Yes,No,No,No,No
6636,43,Female,India,Middle Eastern,Yes,No,No,Yes,Yes
6637,50,Male,China,Asian,No,Yes,Yes,No,No
6638,51,Male,India,Caucasian,Yes,No,No,No,No
6639,85,Male,China,African,Yes,No,No,No,No
6640,37,Female,China,Asian,Yes,No,Yes,No,No
6641,55,Male,Nigeria,African,No,No,No,Yes,No
6642,42,Female,Japan,Asian,No,No,No,Yes,No
6643,62,Female,Nigeria,Asian,Yes,No,No,No,No
6644,52,Female,Nigeria,Hispanic,No,No,No,No,Yes
6645,45,Female,China,African,Yes,No,No,No,No
6646,28,Female,Russia,Asian,No,No,No,No,Yes
6647,87,Male,UK,African,No,No,No,No,Yes
6648,43,Male,India,Asian,Yes,No,Yes,No,No
6649,65,Male,Germany,African,No,No,No,No,No
6650,63,Female,USA,Hispanic,Yes,No,No,No,Yes
6651,57,Female,Brazil,Caucasian,No,No,No,No,No
6652,86,Male,China,Asian,Yes,No,No,No,No
6653,19,Female,Nigeria,Hispanic,No,No,Yes,No,No
6654,56,Male,China,Caucasian,No,Yes,No,No,No
6655,21,Female,UK,Caucasian,No,No,Yes,No,No
6656,56,Female,South Korea,Caucasian,No,No,No,No,No
6657,50,Male,Nigeria,Caucasian,Yes,No,Yes,Yes,No
6658,41,Female,India,Hispanic,No,No,No,No,No
6659,72,Female,Russia,Middle Eastern,No,No,No,Yes,No
6660,60,Female,UK,Middle Eastern,Yes,Yes,No,Yes,No
6661,80,Male,South Korea,Asian,No,Yes,No,No,No
6662,39,Female,Brazil,Asian,No,No,Yes,No,No
6663,87,Male,Nigeria,African,No,No,No,No,No
6664,41,Female,Russia,Hispanic,Yes,Yes,No,No,Yes
6665,15,Female,Russia,African,No,No,No,No,No
6666,88,Female,UK,Caucasian,Yes,No,No,No,Yes
6667,56,Female,Russia,Caucasian,No,No,No,Yes,Yes
6668,66,Female,Nigeria,Caucasian,No,No,Yes,No,Yes
6669,39,Female,Russia,Hispanic,No,No,No,No,No
6670,68,Female,Japan,Caucasian,Yes,No,No,No,Yes
6671,81,Male,Nigeria,African,Yes,No,No,Yes,No
6672,20,Male,India,Asian,No,No,Yes,Yes,No
6673,72,Female,Russia,Caucasian,No,No,No,Yes,No
6674,84,Female,USA,Caucasian,No,No,No,No,No
6675,67,Male,China,Caucasian,Yes,No,Yes,No,No
6676,80,Female,Germany,Asian,No,Yes,No,No,No
6677,72,Female,Japan,Hispanic,Yes,No,No,No,No
6678,16,Male,Nigeria,African,Yes,No,Yes,No,Yes
6679,36,Male,India,Asian,Yes,No,No,No,No
6680,51,Male,Russia,Asian,Yes,No,No,No,Yes
6681,34,Female,Russia,African,No,No,Yes,Yes,No
6682,38,Female,Russia,Asian,No,No,No,Yes,No
6683,79,Male,Nigeria,Middle Eastern,No,No,No,Yes,No
6684,79,Male,China,Caucasian,Yes,No,No,No,No
6685,15,Female,India,Middle Eastern,No,Yes,No,No,No
6686,17,Female,Japan,Caucasian,No,No,No,No,Yes
6687,60,Male,USA,Caucasian,No,No,No,No,No
6688,69,Female,Russia,African,No,No,Yes,No,Yes
6689,89,Male,South Korea,Hispanic,Yes,No,No,Yes,No
6690,78,Female,Nigeria,Caucasian,No,No,No,Yes,No
6691,59,Male,USA,Caucasian,No,Yes,Yes,Yes,Yes
6692,40,Female,India,African,No,No,No,No,Yes
6693,79,Female,Japan,Hispanic,No,No,Yes,No,No
6694,38,Male,Japan,Asian,No,No,No,Yes,No
6695,88,Female,Brazil,Asian,Yes,No,No,No,Yes
6696,49,Male,Russia,Caucasian,No,No,No,No,Yes
6697,38,Female,USA,Asian,No,No,No,No,No
6698,42,Female,China,Hispanic,Yes,Yes,No,No,No
6699,30,Female,India,Caucasian,Yes,No,No,No,No
6700,73,Male,India,Caucasian,No,No,No,No,No
6701,68,Male,Russia,Caucasian,Yes,No,Yes,No,Yes
6702,30,Female,India,Caucasian,No,No,No,No,No
6703,29,Female,China,Asian,Yes,No,No,No,No
6704,25,Female,USA,African,No,No,No,No,No
6705,79,Female,UK,Asian,Yes,No,Yes,Yes,Yes
6706,82,Male,USA,Middle Eastern,No,No,No,No,No
6707,57,Male,UK,African,No,No,No,No,No
6708,83,Male,South Korea,Caucasian,No,No,No,No,Yes
6709,27,Female,Japan,Asian,Yes,No,No,No,No
6710,24,Female,India,Asian,No,No,Yes,No,No
6711,89,Male,Germany,Asian,Yes,Yes,No,No,Yes
6712,55,Male,Japan,Hispanic,Yes,No,No,No,Yes
6713,64,Male,China,Hispanic,No,No,No,No,No
6714,85,Male,Nigeria,African,No,No,Yes,No,No
6715,73,Female,China,Caucasian,No,No,Yes,No,No
6716,53,Female,Russia,African,Yes,No,No,No,No
6717,17,Female,Japan,Hispanic,No,No,Yes,No,No
6718,21,Female,India,Caucasian,Yes,No,No,No,No
6719,63,Female,Brazil,Caucasian,No,No,Yes,No,Yes
6720,40,Male,Russia,Asian,No,No,Yes,No,No
6721,47,Female,China,Asian,Yes,No,No,No,Yes
6722,62,Female,India,Asian,No,No,No,Yes,No
6723,16,Female,China,Caucasian,Yes,Yes,No,No,No
6724,85,Male,Nigeria,Caucasian,No,No,No,No,No
6725,46,Female,India,Caucasian,No,No,Yes,No,No
6726,18,Female,USA,African,No,No,No,No,No
6727,34,Male,Brazil,African,No,No,No,No,No
6728,50,Male,Germany,African,Yes,No,No,Yes,Yes
6729,46,Female,Russia,Caucasian,No,No,No,No,Yes
6730,42,Female,China,Asian,No,No,No,No,No
6731,15,Female,South Korea,Middle Eastern,Yes,No,No,No,No
6732,74,Male,China,Asian,Yes,No,No,No,No
6733,70,Male,Nigeria,Asian,Yes,No,No,Yes,Yes
6734,49,Male,Nigeria,Asian,No,No,No,No,No
6735,44,Female,Japan,Asian,No,No,Yes,Yes,No
6736,68,Female,India,Caucasian,No,Yes,Yes,No,No
6737,50,Male,India,Caucasian,Yes,Yes,No,Yes,Yes
6738,69,Male,South Korea,Asian,No,No,No,No,Yes
6739,72,Female,Brazil,Asian,No,Yes,No,Yes,Yes
6740,79,Female,China,Asian,No,No,Yes,No,No
6741,83,Female,Brazil,African,No,No,Yes,No,Yes
6742,65,Female,India,Caucasian,No,No,No,No,No
6743,36,Female,China,Caucasian,No,No,No,No,No
6744,67,Male,India,African,No,No,No,Yes,Yes
6745,50,Male,South Korea,Hispanic,No,No,No,No,No
6746,82,Female,UK,Caucasian,No,No,Yes,No,Yes
6747,50,Female,Brazil,Asian,No,No,No,No,Yes
6748,66,Female,Germany,Hispanic,No,No,No,Yes,No
6749,67,Female,Brazil,Caucasian,No,No,No,Yes,No
6750,64,Female,Nigeria,African,Yes,No,Yes,No,Yes
6751,55,Male,Japan,Caucasian,Yes,No,No,No,Yes
6752,32,Male,Nigeria,Asian,No,No,No,No,No
6753,36,Male,China,Caucasian,No,No,No,No,Yes
6754,80,Male,USA,Middle Eastern,Yes,No,Yes,Yes,No
6755,35,Female,South Korea,Asian,No,No,No,No,No
6756,58,Female,Japan,Caucasian,No,No,No,No,No
6757,61,Male,Brazil,Caucasian,No,No,No,Yes,No
6758,53,Male,South Korea,African,Yes,No,No,No,No
6759,43,Male,Russia,Asian,Yes,No,No,No,No
6760,68,Female,India,Caucasian,No,No,Yes,No,No
6761,31,Female,China,African,Yes,No,No,No,Yes
6762,74,Female,Nigeria,African,Yes,No,Yes,No,No
6763,45,Male,India,Hispanic,No,No,No,No,No
6764,87,Female,Japan,Caucasian,No,No,No,No,No
6765,63,Male,Russia,Middle Eastern,No,Yes,No,No,No
6766,16,Female,Brazil,Asian,No,No,No,Yes,No
6767,62,Male,India,Hispanic,Yes,No,No,Yes,No
6768,28,Male,Russia,Hispanic,No,No,No,No,No
6769,73,Female,South Korea,Hispanic,No,No,No,No,Yes
6770,72,Female,China,Caucasian,No,No,No,No,No
6771,72,Male,Russia,Asian,No,No,No,No,No
6772,65,Female,Russia,African,No,Yes,No,No,No
6773,16,Female,Russia,Asian,No,No,No,No,No
6774,55,Female,Germany,African,No,Yes,No,No,No
6775,30,Female,Russia,Caucasian,No,No,No,No,No
6776,18,Female,China,Middle Eastern,No,No,No,No,No
6777,26,Male,China,Middle Eastern,No,No,No,No,No
6778,43,Male,China,Caucasian,No,No,No,No,No
6779,21,Male,Nigeria,Caucasian,No,No,Yes,No,Yes
6780,28,Male,USA,Asian,Yes,Yes,No,No,Yes
6781,26,Female,USA,African,No,Yes,Yes,No,Yes
6782,19,Male,UK,African,No,No,No,No,No
6783,46,Female,India,Caucasian,No,No,Yes,No,No
6784,88,Female,Brazil,Caucasian,No,Yes,Yes,Yes,No
6785,57,Male,India,Middle Eastern,No,No,No,No,No
6786,83,Female,Germany,Caucasian,Yes,No,Yes,No,No
6787,59,Female,Nigeria,Middle Eastern,No,No,Yes,Yes,No
6788,23,Female,China,Hispanic,No,Yes,No,No,No
6789,63,Female,India,Middle Eastern,Yes,Yes,Yes,No,No
6790,47,Female,Russia,Caucasian,Yes,No,No,No,No
6791,32,Male,India,Hispanic,No,No,No,No,Yes
6792,23,Female,China,Asian,No,No,No,Yes,Yes
6793,76,Female,USA,Hispanic,No,No,Yes,No,Yes
6794,71,Male,South Korea,African,No,No,Yes,Yes,No
6795,43,Female,India,Asian,Yes,No,No,No,No
6796,39,Male,Japan,Asian,Yes,No,Yes,Yes,No
6797,29,Male,China,Hispanic,No,Yes,No,No,No
6798,20,Female,Brazil,Caucasian,Yes,No,Yes,No,No
6799,56,Female,Russia,Caucasian,Yes,Yes,No,No,Yes
6800,43,Female,India,Asian,Yes,No,No,No,No
6801,18,Female,Brazil,Caucasian,No,No,No,No,Yes
6802,71,Female,India,Asian,No,No,Yes,No,No
6803,63,Female,Germany,Caucasian,No,No,No,No,Yes
6804,58,Female,India,Caucasian,No,No,No,No,No
6805,89,Female,China,Caucasian,No,No,No,No,No
6806,28,Female,India,Caucasian,Yes,No,No,No,Yes
6807,17,Male,India,Hispanic,Yes,Yes,Yes,No,Yes
6808,76,Male,Nigeria,Hispanic,No,No,No,Yes,No
6809,78,Female,Russia,Caucasian,Yes,No,No,Yes,No
6810,59,Female,China,Caucasian,No,Yes,No,No,No
6811,72,Male,India,Caucasian,No,No,No,No,No
6812,34,Male,UK,Middle Eastern,No,Yes,No,No,No
6813,72,Female,Nigeria,Caucasian,No,No,No,No,No
6814,71,Female,Japan,Middle Eastern,Yes,No,No,No,No
6815,82,Female,Brazil,Asian,Yes,Yes,No,No,No
6816,66,Female,USA,Caucasian,Yes,Yes,Yes,No,No
6817,51,Female,Brazil,Hispanic,Yes,No,Yes,No,Yes
6818,22,Female,India,Caucasian,No,No,Yes,No,Yes
6819,58,Female,South Korea,Caucasian,Yes,No,No,Yes,No
6820,19,Male,Japan,African,No,No,No,No,No
6821,83,Female,UK,Caucasian,No,No,No,No,No
6822,45,Female,Russia,Caucasian,No,No,No,No,Yes
6823,59,Female,Brazil,African,No,No,No,No,Yes
6824,23,Male,South Korea,Caucasian,No,No,No,No,Yes
6825,46,Female,Russia,Middle Eastern,No,No,No,No,No
6826,47,Male,Nigeria,African,Yes,No,No,Yes,No
6827,81,Female,Japan,Hispanic,Yes,No,No,No,No
6828,44,Female,India,Caucasian,Yes,No,No,Yes,No
6829,43,Female,India,Caucasian,No,No,No,No,No
6830,17,Male,Brazil,Caucasian,No,No,No,Yes,No
6831,71,Male,Japan,African,No,No,No,No,Yes
6832,44,Female,China,Caucasian,No,No,Yes,No,Yes
6833,23,Female,Japan,African,No,Yes,No,No,No
6834,40,Female,Nigeria,Caucasian,Yes,No,Yes,Yes,No
6835,16,Male,Russia,Caucasian,No,No,No,No,Yes
6836,76,Male,Japan,Caucasian,Yes,Yes,No,Yes,Yes
6837,17,Female,South Korea,Hispanic,Yes,No,No,No,No
6838,60,Male,Japan,Caucasian,Yes,Yes,No,No,Yes
6839,82,Male,Nigeria,Asian,No,No,No,No,Yes
6840,39,Male,China,Asian,No,No,No,No,No
6841,65,Male,Russia,Caucasian,No,No,No,No,No
6842,27,Female,Japan,Asian,No,No,No,No,Yes
6843,58,Male,Japan,Middle Eastern,Yes,No,No,No,Yes
6844,49,Male,Brazil,Asian,No,No,Yes,No,No
6845,69,Female,South Korea,Hispanic,No,No,Yes,Yes,No
6846,23,Female,India,Caucasian,Yes,No,No,No,No
6847,16,Male,UK,African,No,No,Yes,Yes,Yes
6848,75,Female,China,Hispanic,No,No,No,Yes,No
6849,55,Male,Russia,Asian,Yes,No,Yes,No,No
6850,58,Male,India,Asian,No,No,Yes,No,No
6851,78,Male,Japan,African,Yes,No,No,No,No
6852,45,Female,USA,Middle Eastern,Yes,No,No,No,No
6853,61,Female,Brazil,Asian,No,Yes,No,No,No
6854,16,Female,India,Hispanic,No,No,No,No,No
6855,83,Female,Russia,Asian,No,No,No,No,No
6856,72,Male,India,African,No,No,No,No,No
6857,58,Female,India,Asian,No,No,Yes,No,No
6858,88,Male,South Korea,Asian,No,Yes,No,No,No
6859,70,Female,Brazil,Hispanic,Yes,Yes,No,No,No
6860,57,Female,China,Asian,No,No,No,No,Yes
6861,48,Male,Nigeria,Hispanic,Yes,No,No,No,No
6862,44,Male,India,Caucasian,No,No,No,No,No
6863,85,Female,China,Caucasian,Yes,No,Yes,No,No
6864,84,Female,Japan,Caucasian,No,Yes,No,No,No
6865,69,Male,Nigeria,Asian,No,Yes,Yes,No,Yes
6866,81,Male,India,Caucasian,No,No,Yes,No,Yes
6867,27,Female,Japan,African,No,Yes,No,No,No
6868,17,Female,South Korea,African,Yes,No,No,Yes,Yes
6869,40,Male,China,Caucasian,Yes,No,No,Yes,Yes
6870,71,Male,China,Hispanic,No,No,No,Yes,No
6871,38,Female,Russia,African,No,No,Yes,No,No
6872,67,Female,China,Hispanic,Yes,No,No,No,No
6873,84,Female,Nigeria,Caucasian,No,Yes,No,No,Yes
6874,57,Female,Nigeria,Middle Eastern,No,No,No,Yes,Yes
6875,74,Male,India,Hispanic,No,No,No,No,Yes
6876,72,Female,China,African,No,No,Yes,No,No
6877,63,Female,Brazil,Hispanic,Yes,Yes,No,No,No
6878,56,Female,China,Caucasian,Yes,No,No,No,No
6879,80,Female,Japan,Hispanic,No,No,No,No,No
6880,25,Female,China,Asian,No,No,No,Yes,Yes
6881,32,Female,USA,Caucasian,No,Yes,No,No,No
6882,66,Female,USA,African,Yes,Yes,Yes,No,No
6883,60,Female,Nigeria,Caucasian,Yes,Yes,No,No,No
6884,58,Female,USA,Caucasian,Yes,No,No,No,Yes
6885,36,Male,UK,African,No,No,No,No,No
6886,67,Female,Nigeria,African,No,No,No,No,No
6887,73,Female,USA,Caucasian,No,No,Yes,No,No
6888,44,Female,Nigeria,Caucasian,No,No,No,Yes,Yes
6889,22,Female,Brazil,Hispanic,Yes,No,No,No,No
6890,71,Female,Nigeria,Caucasian,No,No,No,No,No
6891,87,Female,Nigeria,Caucasian,No,Yes,Yes,No,No
6892,34,Female,Russia,African,No,No,No,No,Yes
6893,39,Female,Nigeria,African,Yes,No,No,Yes,Yes
6894,33,Female,India,Caucasian,No,No,Yes,No,No
6895,19,Male,Germany,Caucasian,No,No,No,Yes,Yes
6896,89,Male,China,African,No,No,No,No,No
6897,86,Female,Nigeria,Middle Eastern,No,No,No,Yes,No
6898,41,Male,Russia,Caucasian,No,No,No,No,No
6899,54,Male,Germany,Asian,Yes,No,No,No,No
6900,40,Female,India,Caucasian,No,No,Yes,No,No
6901,41,Female,Russia,Middle Eastern,No,No,No,No,No
6902,76,Male,Nigeria,Asian,Yes,No,No,No,No
6903,64,Male,Nigeria,Middle Eastern,Yes,No,No,No,No
6904,56,Female,Japan,Asian,No,No,Yes,No,No
6905,43,Female,India,Asian,Yes,No,No,Yes,No
6906,53,Male,India,Hispanic,No,No,No,No,No
6907,74,Female,Nigeria,Asian,No,No,No,No,No
6908,55,Female,India,Caucasian,No,No,No,No,Yes
6909,47,Female,Brazil,African,No,No,No,No,No
6910,30,Female,Japan,African,No,No,Yes,Yes,Yes
6911,37,Female,Russia,Caucasian,Yes,No,No,Yes,No
6912,21,Female,China,Asian,Yes,No,Yes,No,Yes
6913,40,Female,India,Caucasian,Yes,No,Yes,No,No
6914,26,Female,Nigeria,Hispanic,Yes,No,No,No,No
6915,86,Female,India,African,No,Yes,No,No,Yes
6916,19,Female,India,Asian,No,No,No,No,Yes
6917,83,Female,South Korea,African,No,No,No,No,No
6918,63,Male,China,Hispanic,No,Yes,Yes,No,Yes
6919,40,Female,China,African,No,No,No,No,No
6920,19,Female,India,Hispanic,No,No,No,No,No
6921,36,Male,China,Asian,No,No,No,No,No
6922,27,Male,China,Asian,No,No,No,Yes,Yes
6923,42,Female,Nigeria,African,Yes,No,No,Yes,Yes
6924,47,Female,South Korea,Hispanic,No,No,No,No,No
6925,37,Female,India,Caucasian,Yes,No,No,No,Yes
6926,32,Male,Russia,Caucasian,No,No,No,No,No
6927,44,Male,Brazil,Asian,No,No,No,No,Yes
6928,40,Female,South Korea,African,No,Yes,No,No,No
6929,30,Female,India,Caucasian,No,Yes,No,Yes,No
6930,53,Male,USA,Caucasian,No,No,Yes,No,No
6931,47,Male,India,Asian,No,Yes,No,No,Yes
6932,40,Female,China,Middle Eastern,No,No,No,No,Yes
6933,62,Female,India,Caucasian,No,No,No,No,No
6934,79,Male,South Korea,African,No,No,No,No,Yes
6935,52,Female,Russia,Hispanic,Yes,Yes,No,No,No
6936,16,Male,India,Middle Eastern,No,No,No,No,No
6937,20,Male,Russia,Middle Eastern,Yes,Yes,No,No,No
6938,60,Male,India,African,No,No,Yes,No,No
6939,64,Female,India,Caucasian,No,Yes,No,No,No
6940,52,Male,Japan,Hispanic,Yes,Yes,No,Yes,No
6941,32,Male,India,African,No,Yes,Yes,No,No
6942,41,Male,Japan,Hispanic,Yes,No,Yes,Yes,No
6943,55,Female,South Korea,Hispanic,Yes,Yes,No,No,No
6944,86,Female,South Korea,African,No,No,No,Yes,No
6945,88,Male,India,Caucasian,No,No,No,No,Yes
6946,31,Male,USA,Hispanic,No,No,No,No,Yes
6947,76,Male,USA,Caucasian,No,No,No,No,No
6948,43,Female,China,Middle Eastern,No,No,No,No,No
6949,72,Male,China,Hispanic,No,No,Yes,No,Yes
6950,84,Female,China,Hispanic,No,No,No,No,No
6951,36,Female,Russia,Asian,No,No,No,No,No
6952,20,Female,USA,Caucasian,No,No,No,Yes,Yes
6953,40,Male,Nigeria,Caucasian,Yes,No,No,No,Yes
6954,53,Female,India,African,No,No,No,No,No
6955,26,Female,Japan,Asian,No,No,Yes,No,Yes
6956,28,Female,Brazil,African,Yes,No,No,No,Yes
6957,36,Female,Nigeria,African,Yes,No,Yes,No,No
6958,65,Female,Russia,Asian,Yes,No,Yes,No,No
6959,37,Female,South Korea,Middle Eastern,Yes,No,Yes,No,No
6960,62,Female,China,Asian,No,No,Yes,Yes,No
6961,85,Male,Russia,Hispanic,No,No,No,No,Yes
6962,64,Female,South Korea,Asian,No,No,No,No,Yes
6963,27,Female,India,Caucasian,No,No,No,No,No
6964,24,Female,Japan,Hispanic,Yes,No,No,No,No
6965,69,Male,Nigeria,Caucasian,No,No,No,No,No
6966,23,Female,China,Middle Eastern,No,Yes,No,No,No
6967,66,Female,China,Asian,No,No,Yes,No,Yes
6968,16,Male,UK,Caucasian,No,Yes,No,No,No
6969,39,Male,Russia,Asian,No,No,No,No,No
6970,27,Female,UK,African,No,No,No,No,No
6971,65,Male,USA,Asian,No,No,No,No,No
6972,72,Male,UK,Asian,No,No,No,No,No
6973,48,Male,South Korea,Caucasian,Yes,No,No,No,Yes
6974,49,Female,Japan,Middle Eastern,No,No,No,No,No
6975,17,Female,Russia,African,No,Yes,No,No,No
6976,73,Female,China,Asian,Yes,No,No,No,Yes
6977,84,Female,India,Caucasian,Yes,No,No,No,No
6978,62,Female,USA,Caucasian,No,No,Yes,Yes,No
6979,78,Male,India,Hispanic,Yes,Yes,No,No,No
6980,33,Female,Russia,Asian,Yes,No,No,No,Yes
6981,81,Male,Japan,Caucasian,Yes,No,Yes,No,No
6982,87,Male,India,African,Yes,No,Yes,No,Yes
6983,19,Female,South Korea,Middle Eastern,No,No,Yes,No,No
6984,81,Female,Germany,African,Yes,No,Yes,No,Yes
6985,25,Male,Japan,Caucasian,Yes,No,No,Yes,No
6986,82,Female,India,Middle Eastern,No,No,No,No,No
6987,83,Female,USA,African,Yes,Yes,Yes,Yes,Yes
6988,15,Male,China,Caucasian,No,Yes,No,No,No
6989,77,Female,India,Middle Eastern,Yes,No,No,No,No
6990,43,Female,USA,Middle Eastern,Yes,No,Yes,No,No
6991,26,Female,Germany,Asian,No,No,Yes,Yes,No
6992,55,Male,Brazil,Asian,No,No,Yes,No,No
6993,16,Female,Japan,Hispanic,No,No,No,No,No
6994,51,Female,UK,Hispanic,Yes,No,No,No,No
6995,59,Female,China,Caucasian,No,No,No,Yes,Yes
6996,62,Female,UK,African,No,No,No,No,No
6997,38,Female,Brazil,Caucasian,No,No,No,Yes,Yes
6998,36,Female,Brazil,Middle Eastern,Yes,No,No,No,No
6999,25,Male,China,Hispanic,No,No,Yes,No,Yes
7000,72,Male,Brazil,Hispanic,No,No,No,No,Yes
7001,60,Male,Germany,Caucasian,No,No,Yes,No,No
7002,43,Male,India,Asian,No,Yes,No,No,No
7003,49,Male,UK,Asian,Yes,No,No,No,Yes
7004,29,Female,India,Caucasian,Yes,No,Yes,No,No
7005,74,Female,Brazil,Caucasian,No,No,No,No,No
7006,56,Male,China,Caucasian,No,No,No,No,No
7007,57,Female,USA,African,Yes,No,No,Yes,No
7008,88,Female,Japan,Asian,No,No,No,No,Yes
7009,63,Male,Nigeria,African,Yes,No,No,Yes,Yes
7010,78,Female,Russia,Hispanic,Yes,Yes,No,Yes,No
7011,46,Female,India,Asian,No,Yes,No,No,Yes
7012,78,Female,India,Middle Eastern,No,No,No,No,Yes
7013,16,Male,China,African,No,No,Yes,No,No
7014,38,Female,Russia,African,Yes,No,No,No,Yes
7015,80,Male,Brazil,Caucasian,Yes,No,No,No,No
7016,52,Male,China,Caucasian,No,No,No,No,No
7017,45,Male,China,Asian,No,No,Yes,No,No
7018,40,Female,Japan,Middle Eastern,Yes,No,No,Yes,Yes
7019,43,Female,China,Caucasian,Yes,No,No,Yes,No
7020,81,Male,India,African,No,No,No,No,No
7021,39,Female,Nigeria,Middle Eastern,Yes,No,No,No,No
7022,62,Female,Brazil,African,Yes,No,Yes,No,No
7023,79,Female,China,Caucasian,Yes,No,Yes,No,No
7024,67,Female,Nigeria,Caucasian,No,No,No,No,Yes
7025,81,Female,UK,Asian,No,No,No,Yes,Yes
7026,32,Male,China,Middle Eastern,No,No,No,No,No
7027,23,Female,China,Caucasian,Yes,No,No,No,No
7028,52,Female,Japan,Middle Eastern,No,No,Yes,Yes,No
7029,35,Male,China,Middle Eastern,No,No,No,No,No
7030,79,Male,Japan,Hispanic,Yes,No,Yes,Yes,Yes
7031,35,Female,Brazil,Hispanic,No,Yes,No,No,No
7032,41,Male,Japan,Middle Eastern,No,No,Yes,Yes,No
7033,84,Male,Nigeria,Caucasian,No,Yes,Yes,Yes,No
7034,58,Male,India,Hispanic,No,No,No,No,Yes
7035,42,Female,India,African,No,No,No,No,Yes
7036,59,Male,South Korea,Caucasian,No,No,No,No,No
7037,31,Male,India,Caucasian,No,No,No,No,No
7038,54,Female,Russia,African,Yes,No,No,No,No
7039,17,Female,Nigeria,Asian,No,No,No,No,No
7040,80,Male,Russia,Caucasian,Yes,No,No,No,No
7041,60,Male,Nigeria,African,Yes,No,Yes,No,No
7042,44,Female,USA,Asian,Yes,No,No,No,No
7043,83,Male,India,Caucasian,Yes,No,No,No,No
7044,23,Female,Brazil,Hispanic,No,No,No,No,No
7045,25,Female,Japan,Hispanic,No,No,No,No,No
7046,83,Female,China,Caucasian,No,No,No,Yes,No
7047,80,Female,Nigeria,Hispanic,No,No,No,No,No
7048,45,Female,Germany,Middle Eastern,Yes,No,No,No,No
7049,47,Female,Russia,Asian,Yes,Yes,Yes,No,No
7050,53,Male,China,African,No,No,Yes,No,No
7051,60,Female,Russia,Middle Eastern,No,No,No,Yes,Yes
7052,51,Female,Japan,Caucasian,No,No,Yes,No,No
7053,74,Male,China,Middle Eastern,No,Yes,Yes,No,No
7054,45,Male,Nigeria,Asian,No,No,No,No,No
7055,25,Female,Nigeria,African,No,No,No,No,No
7056,16,Female,China,Hispanic,No,No,Yes,Yes,No
7057,41,Female,UK,Caucasian,Yes,No,No,No,Yes
7058,16,Male,Germany,African,Yes,No,No,No,No
7059,35,Female,India,African,No,No,Yes,No,No
7060,72,Female,Japan,Hispanic,No,No,No,Yes,No
7061,19,Female,India,Caucasian,Yes,No,Yes,Yes,No
7062,66,Male,India,Hispanic,No,No,Yes,No,Yes
7063,59,Male,South Korea,Asian,No,No,No,No,No
7064,34,Female,Nigeria,Caucasian,No,No,No,No,No
7065,75,Female,Russia,African,Yes,No,No,No,No
7066,52,Female,USA,Middle Eastern,No,No,No,Yes,Yes
7067,34,Female,Japan,Caucasian,Yes,No,No,Yes,No
7068,39,Female,Brazil,Middle Eastern,No,No,No,No,No
7069,16,Female,South Korea,Caucasian,Yes,No,No,No,Yes
7070,46,Male,Brazil,Caucasian,Yes,Yes,No,Yes,No
7071,40,Female,India,Hispanic,No,No,Yes,No,No
7072,84,Male,China,Middle Eastern,No,No,Yes,No,No
7073,55,Male,Russia,Hispanic,No,Yes,Yes,No,No
7074,81,Male,Nigeria,Middle Eastern,Yes,No,No,No,Yes
7075,15,Female,UK,Middle Eastern,Yes,No,No,Yes,Yes
7076,65,Male,China,Middle Eastern,No,No,No,Yes,No
7077,19,Female,Nigeria,Asian,Yes,No,Yes,Yes,No
7078,27,Male,South Korea,Middle Eastern,No,No,No,No,Yes
7079,33,Female,India,Hispanic,No,No,No,No,No
7080,26,Male,China,Hispanic,No,Yes,No,Yes,Yes
7081,62,Male,Russia,Caucasian,Yes,No,Yes,No,Yes
7082,39,Female,Brazil,Caucasian,No,Yes,No,Yes,No
7083,71,Female,Russia,African,No,No,No,No,No
7084,49,Male,USA,Middle Eastern,Yes,No,Yes,No,No
7085,19,Male,USA,Asian,No,No,No,No,No
7086,36,Female,China,Hispanic,No,No,No,No,No
7087,71,Female,Japan,Asian,No,No,Yes,No,No
7088,61,Male,Germany,Caucasian,Yes,Yes,No,No,No
7089,68,Female,Nigeria,Caucasian,No,Yes,Yes,No,No
7090,17,Female,Nigeria,African,Yes,No,No,No,No
7091,67,Female,USA,Middle Eastern,Yes,No,No,No,No
7092,45,Female,Nigeria,Middle Eastern,No,No,Yes,No,Yes
7093,83,Female,China,Caucasian,No,No,No,No,No
7094,47,Female,Brazil,Caucasian,Yes,No,Yes,Yes,No
7095,86,Female,USA,Asian,No,No,No,No,No
7096,64,Female,South Korea,Hispanic,No,No,No,No,No
7097,30,Male,Germany,Asian,No,No,No,No,Yes
7098,53,Male,South Korea,Asian,No,No,No,No,No
7099,60,Female,Russia,African,Yes,No,No,No,Yes
7100,61,Female,Nigeria,African,No,No,No,No,No
7101,58,Female,USA,African,No,No,No,No,No
7102,23,Female,Russia,Caucasian,No,No,No,No,No
7103,64,Male,Nigeria,Asian,No,Yes,No,No,No
7104,74,Female,Brazil,Asian,No,No,Yes,No,Yes
7105,29,Female,Brazil,African,No,No,No,No,Yes
7106,50,Male,Japan,Caucasian,Yes,No,No,No,No
7107,77,Female,Japan,Hispanic,No,No,Yes,No,Yes
7108,83,Female,UK,Caucasian,Yes,No,Yes,No,Yes
7109,55,Male,Brazil,Asian,Yes,No,No,Yes,No
7110,88,Male,India,Middle Eastern,No,No,No,No,Yes
7111,38,Female,South Korea,African,Yes,No,No,No,No
7112,63,Male,Japan,Middle Eastern,No,Yes,Yes,No,No
7113,32,Male,Japan,Asian,Yes,No,No,No,No
7114,21,Female,Nigeria,Hispanic,No,No,No,No,No
7115,18,Female,Nigeria,Caucasian,Yes,No,No,No,Yes
7116,83,Female,USA,Asian,No,Yes,No,No,No
7117,74,Female,India,Caucasian,Yes,Yes,No,Yes,No
7118,69,Female,Brazil,Hispanic,No,No,No,Yes,Yes
7119,30,Male,India,Asian,No,Yes,Yes,No,No
7120,43,Female,Russia,African,No,No,Yes,No,No
7121,37,Female,Russia,Hispanic,No,No,No,No,No
7122,28,Male,China,Hispanic,No,No,Yes,No,Yes
7123,63,Female,Nigeria,Caucasian,No,No,No,Yes,Yes
7124,47,Female,USA,Asian,Yes,Yes,No,No,No
7125,39,Male,Brazil,African,Yes,No,No,No,Yes
7126,35,Female,South Korea,African,Yes,No,No,No,No
7127,31,Female,Nigeria,Middle Eastern,No,No,Yes,No,No
7128,37,Female,Brazil,Caucasian,Yes,No,No,No,Yes
7129,71,Female,India,Asian,No,No,No,No,No
7130,72,Male,Nigeria,Hispanic,No,No,Yes,Yes,No
7131,28,Male,India,Asian,Yes,No,No,No,No
7132,34,Female,UK,Hispanic,No,No,No,Yes,Yes
7133,44,Female,Japan,Caucasian,No,No,No,Yes,No
7134,33,Female,Russia,Middle Eastern,No,Yes,No,No,No
7135,67,Female,Nigeria,Hispanic,Yes,Yes,No,No,Yes
7136,70,Male,Nigeria,Caucasian,No,No,No,No,Yes
7137,37,Female,China,Hispanic,No,Yes,No,Yes,Yes
7138,76,Male,Nigeria,Hispanic,No,No,No,No,Yes
7139,47,Male,India,Hispanic,No,No,Yes,No,No
7140,32,Male,Japan,Asian,No,No,No,No,No
7141,87,Male,Russia,African,No,Yes,Yes,No,Yes
7142,47,Female,Nigeria,Caucasian,No,Yes,No,No,No
7143,46,Female,China,Caucasian,No,No,No,No,No
7144,75,Female,USA,Asian,No,Yes,No,No,Yes
7145,68,Female,Brazil,Asian,No,Yes,Yes,No,No
7146,31,Male,Japan,Caucasian,Yes,No,No,No,No
7147,33,Female,Nigeria,Asian,Yes,No,No,No,No
7148,84,Female,UK,Caucasian,No,No,No,No,No
7149,48,Male,Russia,African,Yes,No,Yes,No,Yes
7150,39,Male,UK,Caucasian,Yes,No,No,No,Yes
7151,82,Female,USA,Hispanic,Yes,No,No,No,Yes
7152,88,Male,China,Caucasian,No,No,Yes,No,No
7153,88,Female,Nigeria,African,No,Yes,Yes,No,No
7154,25,Male,Nigeria,Caucasian,Yes,Yes,No,No,No
7155,30,Female,USA,African,No,No,Yes,No,No
7156,75,Female,China,African,No,No,No,Yes,No
7157,21,Male,Nigeria,Caucasian,No,No,Yes,No,No
7158,30,Male,Russia,Caucasian,No,No,No,No,No
7159,30,Male,India,Asian,No,No,No,No,No
7160,54,Female,India,African,No,Yes,No,Yes,No
7161,26,Male,China,African,No,No,No,Yes,No
7162,49,Female,South Korea,Asian,No,No,No,No,No
7163,35,Male,USA,Caucasian,No,No,No,No,No
7164,64,Male,China,Asian,No,No,No,No,No
7165,57,Female,India,African,No,No,No,No,Yes
7166,31,Female,Germany,Caucasian,No,No,No,No,No
7167,46,Male,Russia,Caucasian,No,Yes,No,No,Yes
7168,55,Female,Japan,African,No,No,Yes,No,No
7169,20,Female,Nigeria,Caucasian,No,No,No,No,Yes
7170,41,Female,Nigeria,Middle Eastern,Yes,Yes,No,No,No
7171,34,Female,Brazil,Middle Eastern,No,No,No,No,No
7172,39,Female,India,African,No,No,No,No,No
7173,80,Female,China,African,No,No,Yes,No,No
7174,23,Female,India,Hispanic,No,No,No,No,No
7175,67,Female,Japan,Middle Eastern,No,Yes,Yes,No,No
7176,75,Male,South Korea,Asian,No,No,No,No,No
7177,52,Male,USA,African,Yes,No,No,No,No
7178,17,Female,Nigeria,African,No,No,Yes,No,No
7179,84,Female,Russia,Hispanic,No,No,No,No,No
7180,69,Female,Germany,Asian,Yes,No,No,Yes,No
7181,15,Female,India,Asian,Yes,No,Yes,No,Yes
7182,84,Female,India,Middle Eastern,No,No,Yes,No,No
7183,59,Male,China,African,No,No,No,No,No
7184,61,Male,Nigeria,Middle Eastern,Yes,No,Yes,No,No
7185,40,Male,India,Caucasian,No,No,No,No,No
7186,28,Female,South Korea,Middle Eastern,No,No,No,No,Yes
7187,68,Male,South Korea,Caucasian,Yes,Yes,No,No,No
7188,85,Male,South Korea,African,Yes,No,No,No,Yes
7189,60,Female,Brazil,Asian,No,No,No,No,No
7190,45,Female,India,Caucasian,Yes,Yes,No,No,Yes
7191,73,Female,Nigeria,Caucasian,No,No,No,No,Yes
7192,43,Female,India,Caucasian,No,Yes,No,No,Yes
7193,31,Female,UK,African,No,No,No,No,No
7194,28,Male,Brazil,Asian,No,No,No,No,No
7195,50,Female,Nigeria,Middle Eastern,No,Yes,Yes,No,Yes
7196,72,Male,UK,Hispanic,Yes,No,No,No,Yes
7197,38,Female,Japan,Asian,Yes,No,Yes,No,No
7198,77,Male,South Korea,Caucasian,Yes,No,No,No,Yes
7199,39,Female,India,Caucasian,No,No,Yes,Yes,Yes
7200,73,Male,Japan,Asian,Yes,No,Yes,Yes,Yes
7201,46,Female,Germany,Hispanic,No,No,No,Yes,Yes
7202,32,Female,India,Caucasian,No,Yes,No,Yes,Yes
7203,51,Female,Russia,Caucasian,Yes,No,Yes,Yes,No
7204,40,Female,Brazil,Caucasian,No,No,No,No,No
7205,23,Female,India,Caucasian,Yes,Yes,No,Yes,No
7206,78,Male,Brazil,Asian,Yes,Yes,Yes,No,No
7207,86,Male,India,African,No,No,No,No,No
7208,34,Female,India,African,No,No,No,Yes,Yes
7209,68,Female,USA,Asian,Yes,No,Yes,No,No
7210,44,Female,China,Caucasian,No,No,No,No,No
7211,67,Female,Nigeria,Caucasian,No,No,No,No,No
7212,77,Male,USA,Caucasian,No,Yes,No,No,No
7213,25,Female,Germany,Middle Eastern,No,No,No,No,No
7214,45,Female,Japan,Middle Eastern,No,No,No,No,Yes
7215,63,Female,USA,African,No,No,Yes,No,No
7216,33,Female,USA,African,No,Yes,No,No,No
7217,26,Male,Russia,Caucasian,No,No,No,No,No
7218,29,Female,Nigeria,Asian,No,No,No,No,No
7219,45,Male,China,Caucasian,Yes,No,No,Yes,No
7220,57,Male,India,Middle Eastern,No,No,No,No,No
7221,51,Female,Japan,African,No,No,No,No,No
7222,43,Female,Russia,Caucasian,No,No,No,No,No
7223,40,Female,Japan,Caucasian,No,No,No,No,No
7224,16,Female,Nigeria,Middle Eastern,No,Yes,No,Yes,Yes
7225,29,Female,China,Caucasian,No,No,Yes,No,Yes
7226,18,Female,Japan,Middle Eastern,No,No,No,Yes,Yes
7227,64,Female,Nigeria,Hispanic,No,No,No,No,No
7228,52,Female,Brazil,Hispanic,No,No,No,Yes,No
7229,37,Male,India,Asian,No,No,No,No,Yes
7230,73,Female,China,Hispanic,Yes,No,No,No,Yes
7231,89,Female,Nigeria,Caucasian,Yes,No,Yes,No,No
7232,42,Male,India,Caucasian,No,No,No,No,No
7233,80,Female,India,Asian,No,Yes,No,No,Yes
7234,22,Female,USA,Asian,No,No,No,No,No
7235,43,Female,Nigeria,Middle Eastern,No,No,No,No,No
7236,25,Female,Germany,African,No,No,No,No,Yes
7237,32,Female,China,African,Yes,Yes,No,No,Yes
7238,69,Male,USA,Caucasian,Yes,No,No,No,No
7239,64,Female,Brazil,Asian,Yes,No,Yes,No,No
7240,28,Male,Japan,Caucasian,Yes,No,No,No,No
7241,88,Female,Russia,Middle Eastern,No,No,No,No,No
7242,23,Female,Nigeria,Caucasian,No,No,No,No,No
7243,25,Male,Brazil,Asian,No,Yes,No,No,No
7244,77,Female,Japan,Asian,Yes,No,No,No,No
7245,81,Female,Nigeria,African,No,Yes,Yes,No,No
7246,67,Female,India,African,No,No,No,Yes,Yes
7247,53,Female,India,African,No,No,No,No,Yes
7248,70,Female,India,Caucasian,Yes,No,Yes,Yes,Yes
7249,42,Female,India,Asian,No,No,No,No,No
7250,89,Female,Brazil,Hispanic,No,No,Yes,Yes,No
7251,53,Male,India,Asian,No,No,No,No,Yes
7252,39,Male,Brazil,African,Yes,No,No,No,No
7253,35,Female,Nigeria,Caucasian,No,No,No,No,Yes
7254,24,Male,Brazil,Caucasian,Yes,No,No,No,No
7255,57,Female,India,African,Yes,No,No,No,No
7256,29,Female,Japan,Middle Eastern,No,No,No,No,No
7257,62,Female,China,Caucasian,Yes,Yes,Yes,No,No
7258,35,Female,India,Caucasian,Yes,No,No,Yes,No
7259,74,Female,Brazil,Caucasian,Yes,No,No,Yes,Yes
7260,64,Male,UK,Hispanic,No,No,Yes,No,No
7261,37,Male,India,Caucasian,No,No,Yes,Yes,No
7262,27,Female,Nigeria,Asian,Yes,No,No,No,Yes
7263,83,Female,Russia,Asian,No,No,Yes,No,No
7264,18,Female,UK,Hispanic,Yes,No,Yes,No,Yes
7265,86,Male,China,Hispanic,No,No,No,Yes,Yes
7266,23,Female,India,Middle Eastern,Yes,No,No,Yes,No
7267,49,Male,India,Asian,Yes,No,No,No,No
7268,35,Male,USA,African,No,No,Yes,No,No
7269,72,Female,Germany,Caucasian,No,No,No,No,Yes
7270,32,Female,China,Caucasian,Yes,No,Yes,No,No
7271,86,Female,Russia,Middle Eastern,No,No,No,Yes,Yes
7272,57,Female,China,Hispanic,No,No,No,No,No
7273,20,Male,India,Asian,No,Yes,No,No,No
7274,81,Male,India,Hispanic,No,No,No,No,No
7275,26,Female,Nigeria,Asian,Yes,No,Yes,No,Yes
7276,26,Male,India,African,No,No,No,Yes,Yes
7277,80,Female,Germany,Caucasian,No,No,No,No,Yes
7278,16,Female,Japan,Asian,No,No,Yes,No,No
7279,29,Male,South Korea,Hispanic,Yes,No,No,No,No
7280,37,Female,Japan,Caucasian,No,Yes,No,No,No
7281,43,Female,Japan,Asian,No,Yes,No,No,No
7282,21,Female,India,Middle Eastern,Yes,No,Yes,No,No
7283,42,Female,Russia,African,No,No,No,No,Yes
7284,28,Female,India,Asian,Yes,No,No,No,No
7285,58,Male,Japan,Asian,No,Yes,No,Yes,Yes
7286,44,Female,India,Asian,No,No,No,No,No
7287,46,Female,China,Caucasian,No,No,Yes,No,No
7288,84,Female,Nigeria,Asian,No,No,No,No,No
7289,20,Female,India,Caucasian,No,No,No,No,No
7290,41,Female,India,Caucasian,Yes,No,No,No,No
7291,38,Female,Nigeria,Caucasian,No,No,Yes,No,No
7292,48,Female,Russia,Middle Eastern,No,Yes,No,No,No
7293,54,Male,China,Asian,Yes,No,No,No,No
7294,61,Female,South Korea,Caucasian,No,No,No,No,No
7295,89,Male,Brazil,Hispanic,No,No,No,No,No
7296,38,Male,India,Caucasian,No,No,Yes,No,No
7297,79,Male,USA,Asian,Yes,No,No,No,Yes
7298,32,Male,China,Caucasian,No,No,Yes,Yes,No
7299,58,Female,Brazil,Caucasian,No,Yes,No,No,No
7300,71,Female,India,Asian,No,No,No,No,No
7301,42,Female,India,Hispanic,No,No,No,No,No
7302,85,Female,Russia,African,No,No,No,Yes,No
7303,37,Female,China,Asian,Yes,No,Yes,Yes,Yes
7304,48,Male,UK,Asian,No,Yes,No,No,Yes
7305,25,Female,India,Caucasian,No,Yes,No,No,No
7306,49,Male,Nigeria,Hispanic,No,No,No,No,Yes
7307,56,Male,South Korea,Asian,No,No,No,No,No
7308,42,Male,Russia,Middle Eastern,No,No,No,No,Yes
7309,38,Female,Nigeria,Asian,No,No,No,No,No
7310,22,Female,India,Hispanic,No,No,Yes,No,Yes
7311,67,Female,Japan,Asian,No,No,No,No,No
7312,86,Female,South Korea,Caucasian,No,No,No,No,Yes
7313,18,Female,Germany,Caucasian,No,No,No,No,Yes
7314,19,Female,Russia,African,No,No,No,No,No
7315,63,Female,China,African,Yes,No,No,Yes,No
7316,44,Female,India,African,No,Yes,Yes,No,No
7317,86,Male,China,Asian,Yes,No,No,No,Yes
7318,77,Male,Japan,Asian,No,No,No,Yes,No
7319,61,Female,India,Hispanic,No,No,Yes,No,No
7320,40,Female,China,African,Yes,No,No,No,No
7321,71,Male,Japan,Asian,No,Yes,No,No,No
7322,51,Male,China,Hispanic,No,Yes,Yes,No,No
7323,21,Female,Brazil,Caucasian,No,No,No,No,Yes
7324,54,Female,China,African,No,No,No,No,No
7325,53,Male,UK,Caucasian,No,No,No,No,No
7326,76,Female,South Korea,African,No,No,No,No,Yes
7327,67,Male,Japan,Asian,Yes,No,No,No,No
7328,18,Female,India,Hispanic,Yes,No,Yes,Yes,No
7329,39,Female,India,Asian,No,No,No,No,Yes
7330,21,Female,Japan,Caucasian,No,No,No,No,No
7331,42,Male,China,Asian,No,No,No,No,Yes
7332,83,Male,Brazil,Asian,Yes,No,No,Yes,No
7333,81,Female,Japan,Hispanic,No,No,No,Yes,No
7334,34,Male,Brazil,Caucasian,No,No,No,Yes,No
7335,25,Female,Japan,Hispanic,Yes,No,No,Yes,No
7336,81,Female,South Korea,African,No,No,No,No,Yes
7337,21,Female,South Korea,Caucasian,Yes,Yes,No,No,Yes
7338,37,Male,China,Caucasian,Yes,No,No,No,Yes
7339,75,Female,Brazil,Caucasian,No,No,No,No,Yes
7340,85,Female,Brazil,Asian,No,No,Yes,No,No
7341,48,Female,Brazil,Caucasian,Yes,No,No,No,No
7342,33,Female,Germany,Hispanic,Yes,No,No,Yes,No
7343,72,Female,Russia,Asian,No,No,No,No,No
7344,23,Male,South Korea,African,No,No,No,Yes,Yes
7345,62,Female,Brazil,Caucasian,No,Yes,Yes,No,No
7346,55,Female,Germany,Middle Eastern,No,No,No,No,No
7347,62,Female,India,Middle Eastern,No,No,Yes,No,No
7348,59,Male,Brazil,Asian,No,No,No,No,Yes
7349,39,Male,China,Hispanic,No,No,No,No,No
7350,39,Female,China,Hispanic,Yes,No,No,Yes,No
7351,33,Female,South Korea,Hispanic,No,No,No,No,No
7352,53,Male,India,Hispanic,No,No,No,No,Yes
7353,41,Female,India,Caucasian,No,Yes,Yes,Yes,No
7354,88,Male,India,Caucasian,Yes,No,Yes,No,No
7355,77,Male,Japan,Hispanic,No,No,No,No,No
7356,82,Female,India,Caucasian,Yes,No,No,No,Yes
7357,33,Female,Japan,Caucasian,No,No,No,No,No
7358,42,Female,Nigeria,Asian,No,No,No,No,No
7359,47,Female,Russia,Asian,No,No,No,No,No
7360,24,Male,India,Middle Eastern,Yes,Yes,No,Yes,Yes
7361,44,Female,Japan,Caucasian,Yes,No,No,No,Yes
7362,36,Female,South Korea,African,Yes,No,No,No,No
7363,17,Female,India,Middle Eastern,Yes,No,No,No,No
7364,89,Male,USA,Asian,No,No,No,Yes,No
7365,62,Male,Nigeria,Middle Eastern,Yes,No,No,No,Yes
7366,16,Female,Russia,Middle Eastern,No,No,No,No,No
7367,68,Female,USA,Asian,No,No,Yes,No,Yes
7368,20,Female,Japan,Caucasian,No,No,No,No,No
7369,54,Male,Japan,Hispanic,No,No,No,No,No
7370,16,Female,South Korea,Hispanic,No,No,No,No,No
7371,87,Male,Japan,African,No,No,No,No,No
7372,16,Female,USA,Hispanic,No,No,No,No,No
7373,88,Male,India,Hispanic,No,No,No,No,No
7374,69,Female,India,Hispanic,No,No,No,No,No
7375,86,Male,Japan,Hispanic,No,No,No,No,No
7376,74,Male,Japan,Asian,Yes,No,No,No,No
7377,20,Male,UK,Asian,Yes,No,No,No,No
7378,33,Male,UK,Middle Eastern,No,No,No,No,No
7379,41,Female,Nigeria,Caucasian,No,Yes,No,No,Yes
7380,15,Female,Russia,Hispanic,Yes,No,No,No,No
7381,47,Male,India,Caucasian,Yes,No,No,No,No
7382,54,Female,India,Caucasian,No,No,Yes,No,Yes
7383,46,Female,UK,Hispanic,No,No,No,No,No
7384,83,Female,Nigeria,Hispanic,No,No,No,No,Yes
7385,31,Female,Japan,Caucasian,Yes,No,No,No,No
7386,22,Female,China,Asian,No,No,No,Yes,No
7387,71,Male,China,Asian,No,No,No,No,No
7388,56,Female,India,Hispanic,No,Yes,No,No,Yes
7389,23,Male,Nigeria,Middle Eastern,Yes,No,No,No,No
7390,49,Female,Brazil,Caucasian,No,No,Yes,No,No
7391,85,Female,USA,Caucasian,No,No,No,No,No
7392,67,Female,Japan,Caucasian,Yes,No,Yes,No,No
7393,68,Female,USA,Hispanic,No,No,No,No,Yes
7394,39,Male,Russia,Caucasian,No,No,Yes,Yes,No
7395,81,Male,Japan,Asian,No,No,Yes,Yes,No
7396,76,Male,Germany,Caucasian,Yes,Yes,No,No,No
7397,69,Male,India,Caucasian,No,Yes,No,No,No
7398,60,Male,Russia,Asian,No,Yes,Yes,No,No
7399,38,Female,South Korea,African,No,No,No,No,No
7400,60,Male,Nigeria,African,No,No,Yes,No,Yes
7401,36,Female,Russia,Asian,No,No,No,No,No
7402,25,Female,Nigeria,Hispanic,No,No,No,Yes,Yes
7403,62,Female,Russia,African,Yes,No,No,Yes,Yes
7404,22,Female,Russia,Caucasian,Yes,No,No,No,No
7405,53,Female,Germany,Caucasian,Yes,Yes,No,Yes,No
7406,49,Female,Russia,Middle Eastern,Yes,No,No,No,No
7407,63,Female,USA,African,No,No,No,No,No
7408,60,Female,Brazil,Asian,No,No,No,No,No
7409,52,Female,UK,African,No,No,No,Yes,No
7410,22,Male,Japan,Hispanic,Yes,No,Yes,No,No
7411,68,Female,Germany,Caucasian,Yes,No,No,Yes,No
7412,51,Female,India,Hispanic,Yes,No,Yes,No,No
7413,54,Female,China,African,No,Yes,No,No,No
7414,48,Male,Russia,Caucasian,No,No,Yes,No,Yes
7415,31,Male,Japan,Asian,Yes,No,No,Yes,No
7416,47,Female,Germany,Asian,Yes,No,No,No,No
7417,61,Female,Nigeria,Asian,Yes,No,No,No,No
7418,66,Male,Nigeria,Caucasian,No,No,No,No,No
7419,23,Female,Nigeria,African,No,No,Yes,No,No
7420,47,Male,Germany,Caucasian,Yes,Yes,No,No,Yes
7421,74,Female,Germany,Asian,Yes,No,No,No,No
7422,35,Female,South Korea,Hispanic,No,No,Yes,No,No
7423,72,Female,USA,Hispanic,No,No,Yes,No,No
7424,83,Female,India,Middle Eastern,Yes,Yes,Yes,Yes,No
7425,24,Female,India,African,Yes,No,No,No,No
7426,20,Female,Russia,Asian,No,No,Yes,No,No
7427,27,Female,Nigeria,Hispanic,No,No,No,No,Yes
7428,79,Female,USA,Asian,No,No,No,No,No
7429,34,Male,Brazil,Asian,Yes,No,No,No,No
7430,71,Female,China,Middle Eastern,No,Yes,No,No,Yes
7431,60,Female,UK,African,No,No,No,Yes,No
7432,22,Female,South Korea,African,No,No,No,No,No
7433,24,Female,Russia,Hispanic,Yes,No,Yes,No,No
7434,87,Male,Nigeria,African,No,Yes,No,Yes,Yes
7435,81,Female,China,Caucasian,No,No,No,No,No
7436,25,Female,Russia,Caucasian,No,No,No,No,No
7437,26,Female,India,Asian,Yes,Yes,No,No,No
7438,24,Male,Nigeria,African,No,No,No,Yes,No
7439,39,Female,China,Caucasian,No,No,No,No,No
7440,63,Female,Brazil,Caucasian,No,No,Yes,Yes,No
7441,63,Female,China,Asian,No,No,No,Yes,No
7442,25,Male,China,Caucasian,No,No,No,No,No
7443,76,Male,India,Hispanic,No,No,No,No,No
7444,50,Female,China,Hispanic,No,No,No,No,No
7445,53,Female,Russia,Asian,No,No,No,No,No
7446,67,Female,India,Asian,No,Yes,No,No,No
7447,70,Female,India,Hispanic,No,No,Yes,No,No
7448,15,Male,Nigeria,Caucasian,No,No,No,No,No
7449,70,Female,UK,Hispanic,Yes,No,No,No,No
7450,18,Female,Russia,Asian,Yes,No,No,No,No
7451,44,Female,USA,Middle Eastern,No,No,No,No,No
7452,26,Female,India,Caucasian,No,Yes,Yes,Yes,No
7453,49,Female,China,Asian,No,Yes,No,Yes,Yes
7454,66,Female,Russia,African,No,Yes,No,Yes,Yes
7455,45,Female,Russia,Asian,Yes,No,No,No,No
7456,82,Male,USA,Hispanic,No,Yes,No,No,No
7457,66,Female,India,Middle Eastern,No,No,No,Yes,No
7458,21,Female,China,Asian,No,No,No,No,No
7459,36,Female,India,African,No,No,No,No,Yes
7460,89,Male,China,Caucasian,No,No,No,No,No
7461,70,Male,Nigeria,Caucasian,No,No,No,No,No
7462,72,Female,China,Middle Eastern,No,No,No,Yes,No
7463,78,Female,China,African,No,Yes,No,No,No
7464,26,Female,China,African,No,No,No,No,Yes
7465,21,Male,China,Caucasian,No,No,No,No,No
7466,69,Male,Japan,Asian,No,Yes,Yes,No,Yes
7467,76,Female,China,Caucasian,No,Yes,No,Yes,No
7468,87,Male,China,African,No,No,No,No,No
7469,69,Female,Brazil,Asian,No,No,No,No,No
7470,50,Male,Brazil,Hispanic,Yes,No,No,Yes,No
7471,38,Female,India,Hispanic,No,No,No,No,No
7472,58,Male,China,Hispanic,No,No,Yes,No,Yes
7473,31,Female,China,Middle Eastern,No,No,No,No,Yes
7474,16,Female,Brazil,Caucasian,No,No,No,No,Yes
7475,27,Female,Nigeria,Asian,No,No,No,Yes,Yes
7476,45,Female,Nigeria,Caucasian,No,No,Yes,No,No
7477,42,Male,Germany,Caucasian,No,No,No,No,Yes
7478,74,Female,Brazil,Middle Eastern,Yes,No,Yes,No,No
7479,41,Female,China,Caucasian,No,Yes,No,No,No
7480,29,Female,China,Hispanic,No,No,No,Yes,No
7481,47,Female,India,Middle Eastern,No,Yes,No,Yes,No
7482,34,Male,Nigeria,Middle Eastern,No,No,No,Yes,Yes
7483,56,Female,China,Hispanic,No,No,No,No,Yes
7484,26,Female,India,Asian,No,No,No,No,No
7485,87,Male,Brazil,Hispanic,No,No,Yes,No,No
7486,37,Male,India,Caucasian,No,No,No,No,No
7487,86,Male,Japan,Asian,No,No,No,No,No
7488,28,Male,India,African,Yes,No,No,No,Yes
7489,39,Female,South Korea,Caucasian,No,No,No,Yes,No
7490,45,Male,Japan,Caucasian,Yes,Yes,No,No,No
7491,68,Male,Nigeria,Caucasian,No,No,No,No,Yes
7492,19,Female,Brazil,Hispanic,Yes,No,No,No,Yes
7493,27,Male,Russia,Asian,No,No,No,No,Yes
7494,42,Female,Nigeria,Caucasian,Yes,No,Yes,No,No
7495,57,Female,South Korea,Middle Eastern,No,No,No,No,No
7496,61,Male,Japan,Caucasian,Yes,No,No,No,No
7497,85,Male,UK,Asian,Yes,Yes,Yes,No,No
7498,52,Female,Brazil,African,No,No,No,Yes,Yes
7499,81,Female,Brazil,Caucasian,No,No,No,Yes,No
7500,76,Male,UK,Asian,No,No,No,Yes,No
7501,53,Male,Nigeria,Middle Eastern,No,No,No,No,No
7502,51,Female,China,Caucasian,No,No,Yes,No,Yes
7503,22,Male,India,Caucasian,No,No,Yes,No,Yes
7504,66,Female,Russia,African,No,No,No,No,No
7505,47,Male,India,African,Yes,No,No,No,No
7506,56,Female,UK,Hispanic,Yes,No,Yes,No,Yes
7507,41,Female,Nigeria,Caucasian,No,No,No,No,Yes
7508,22,Female,Germany,Asian,No,No,No,No,No
7509,37,Female,Brazil,Hispanic,No,No,No,No,Yes
7510,78,Male,Brazil,African,No,No,No,No,No
7511,34,Female,UK,African,No,No,No,No,No
7512,30,Male,India,Hispanic,No,Yes,No,No,No
7513,31,Male,South Korea,Asian,No,No,No,No,No
7514,33,Male,Germany,Caucasian,Yes,No,No,No,No
7515,22,Male,UK,Hispanic,Yes,Yes,No,No,No
7516,52,Male,Brazil,Asian,Yes,No,No,No,No
7517,52,Female,India,Caucasian,Yes,Yes,No,No,No
7518,67,Male,India,Asian,Yes,No,No,No,Yes
7519,45,Male,Nigeria,Asian,No,No,No,No,No
7520,58,Female,Nigeria,Asian,Yes,No,No,No,No
7521,74,Male,China,Asian,Yes,No,No,No,Yes
7522,31,Female,Russia,Middle Eastern,No,Yes,No,No,No
7523,87,Male,India,Asian,Yes,Yes,No,No,No
7524,53,Male,Germany,Caucasian,Yes,No,Yes,No,No
7525,56,Female,India,African,No,No,Yes,No,No
7526,62,Male,India,African,No,No,No,Yes,Yes
7527,26,Female,Russia,Caucasian,Yes,No,Yes,No,No
7528,32,Female,China,Caucasian,No,No,No,Yes,No
7529,20,Male,Brazil,Asian,No,No,No,No,Yes
7530,57,Male,Brazil,Caucasian,Yes,No,No,No,No
7531,49,Male,Nigeria,African,No,Yes,No,No,No
7532,68,Female,India,African,Yes,No,No,No,No
7533,76,Female,Nigeria,Hispanic,No,Yes,No,No,No
7534,83,Male,Brazil,Asian,No,No,No,No,No
7535,30,Male,Nigeria,Caucasian,No,No,No,Yes,Yes
7536,22,Female,Nigeria,Asian,Yes,No,No,No,Yes
7537,45,Female,China,Middle Eastern,No,No,No,No,Yes
7538,24,Female,Russia,Caucasian,Yes,No,Yes,No,No
7539,70,Male,Germany,Caucasian,No,No,No,No,Yes
7540,84,Female,UK,Asian,No,No,No,No,No
7541,34,Female,Brazil,Hispanic,Yes,No,No,No,Yes
7542,19,Female,China,Hispanic,No,No,Yes,No,Yes
7543,37,Male,India,Caucasian,No,Yes,No,No,Yes
7544,23,Male,Brazil,Asian,Yes,No,No,No,Yes
7545,72,Male,India,Middle Eastern,No,No,No,Yes,Yes
7546,73,Male,Germany,Asian,No,No,No,No,No
7547,68,Male,India,Asian,No,No,No,Yes,Yes
7548,60,Male,India,Caucasian,Yes,No,No,No,No
7549,36,Male,China,Hispanic,No,No,Yes,No,No
7550,78,Male,South Korea,African,No,No,No,Yes,Yes
7551,22,Male,Japan,Hispanic,No,No,Yes,No,Yes
7552,34,Female,China,African,No,No,No,No,No
7553,65,Female,India,African,No,No,No,No,Yes
7554,53,Female,USA,African,No,No,No,No,No
7555,51,Female,China,Caucasian,No,No,No,Yes,No
7556,64,Female,India,Middle Eastern,No,No,No,No,No
7557,48,Female,Japan,African,No,Yes,Yes,No,Yes
7558,89,Female,Japan,Caucasian,Yes,Yes,No,No,No
7559,47,Female,India,African,No,No,Yes,Yes,No
7560,45,Female,China,Middle Eastern,No,No,No,No,No
7561,68,Male,Brazil,Hispanic,No,No,No,No,No
7562,58,Female,Russia,Asian,No,No,No,No,No
7563,48,Male,China,African,No,No,No,No,No
7564,85,Female,Japan,Caucasian,No,No,No,Yes,No
7565,76,Female,USA,Asian,No,No,No,No,Yes
7566,37,Female,China,Caucasian,No,No,No,No,Yes
7567,60,Male,Russia,African,Yes,No,Yes,Yes,No
7568,70,Male,India,Asian,No,No,No,No,No
7569,21,Female,China,Hispanic,Yes,No,Yes,No,Yes
7570,75,Male,India,African,No,No,No,Yes,No
7571,17,Female,India,Middle Eastern,Yes,No,Yes,Yes,Yes
7572,52,Female,USA,Caucasian,No,No,Yes,No,No
7573,48,Female,Nigeria,Hispanic,No,No,No,No,No
7574,58,Male,Germany,Hispanic,No,No,No,No,No
7575,44,Female,China,African,Yes,Yes,Yes,No,Yes
7576,31,Male,South Korea,African,No,No,Yes,Yes,No
7577,73,Female,India,Asian,No,No,No,No,No
7578,24,Female,Brazil,African,Yes,No,Yes,Yes,Yes
7579,32,Male,South Korea,African,No,No,No,No,No
7580,59,Female,India,Asian,No,No,No,Yes,No
7581,73,Male,Nigeria,Hispanic,No,No,No,No,Yes
7582,76,Female,Brazil,Caucasian,No,No,No,No,No
7583,73,Male,Russia,Hispanic,Yes,No,No,No,No
7584,63,Male,Nigeria,Caucasian,No,No,No,No,No
7585,77,Female,South Korea,Caucasian,Yes,No,No,No,No
7586,46,Female,India,Caucasian,No,No,No,No,No
7587,24,Male,Germany,African,No,Yes,No,No,No
7588,25,Male,India,Asian,No,No,No,Yes,No
7589,84,Female,Germany,African,No,Yes,No,No,Yes
7590,76,Male,Brazil,Asian,No,No,No,No,Yes
7591,61,Female,China,African,No,No,Yes,No,Yes
7592,48,Female,China,Caucasian,No,No,No,No,No
7593,31,Female,Brazil,Hispanic,No,No,Yes,No,Yes
7594,68,Female,India,Middle Eastern,Yes,No,No,No,Yes
7595,54,Male,China,Middle Eastern,No,No,No,No,Yes
7596,33,Female,India,Hispanic,No,No,No,Yes,No
7597,81,Male,Nigeria,Asian,No,Yes,Yes,No,No
7598,67,Male,India,Hispanic,Yes,No,No,No,No
7599,78,Female,China,Asian,No,No,Yes,No,No
7600,61,Male,Nigeria,Hispanic,Yes,No,No,No,Yes
7601,20,Male,India,African,Yes,No,No,No,No
7602,30,Female,China,African,Yes,Yes,No,No,No
7603,86,Male,India,Middle Eastern,No,No,No,No,Yes
7604,32,Female,India,Middle Eastern,No,Yes,No,No,Yes
7605,66,Female,India,Caucasian,Yes,Yes,Yes,No,No
7606,62,Male,Germany,Asian,No,Yes,Yes,No,Yes
7607,57,Female,Russia,Asian,No,No,Yes,No,No
7608,53,Female,Nigeria,Caucasian,Yes,No,No,Yes,No
7609,63,Male,Brazil,Caucasian,No,No,No,No,No
7610,26,Female,China,Hispanic,No,No,Yes,No,No
7611,24,Female,Brazil,Caucasian,No,Yes,No,No,Yes
7612,85,Female,Brazil,Asian,Yes,No,No,No,No
7613,69,Male,Germany,Hispanic,No,No,No,No,Yes
7614,15,Male,Germany,African,Yes,No,No,No,No
7615,63,Male,Nigeria,Caucasian,No,No,No,Yes,No
7616,50,Female,Nigeria,Caucasian,No,No,No,Yes,Yes
7617,35,Female,Nigeria,Asian,No,No,No,No,Yes
7618,51,Female,Germany,Caucasian,No,No,Yes,No,No
7619,38,Female,China,Hispanic,No,No,No,No,Yes
7620,69,Male,Russia,Hispanic,No,No,Yes,No,No
7621,39,Male,Russia,Caucasian,No,Yes,No,No,No
7622,21,Female,Japan,Caucasian,No,No,No,No,Yes
7623,85,Female,USA,African,No,No,Yes,No,Yes
7624,85,Female,Russia,Asian,Yes,No,No,Yes,No
7625,38,Female,India,Caucasian,No,No,Yes,Yes,No
7626,25,Female,UK,African,No,No,No,No,No
7627,87,Female,China,Caucasian,Yes,No,No,No,No
7628,26,Female,India,Asian,No,No,Yes,No,Yes
7629,49,Male,China,Hispanic,No,No,No,No,No
7630,77,Female,India,Asian,No,No,No,No,Yes
7631,82,Female,China,Asian,Yes,No,Yes,No,Yes
7632,71,Male,Nigeria,African,No,No,No,No,Yes
7633,27,Female,Russia,Caucasian,No,No,No,Yes,Yes
7634,37,Female,Russia,African,No,No,No,No,No
7635,53,Male,Russia,Caucasian,Yes,No,No,No,No
7636,26,Female,Brazil,African,No,Yes,No,No,No
7637,48,Female,Brazil,Asian,No,No,No,No,No
7638,85,Female,China,Caucasian,No,No,No,No,Yes
7639,89,Female,China,Caucasian,No,No,No,No,Yes
7640,45,Female,Germany,Middle Eastern,Yes,No,No,No,No
7641,76,Male,China,African,No,Yes,No,No,No
7642,27,Male,Japan,Hispanic,No,No,No,No,No
7643,45,Male,China,Asian,No,No,Yes,Yes,No
7644,16,Female,China,Caucasian,Yes,No,No,No,No
7645,29,Female,Russia,Asian,Yes,No,Yes,No,No
7646,71,Male,India,Asian,No,No,No,No,No
7647,89,Female,Brazil,African,Yes,No,No,Yes,No
7648,48,Male,Nigeria,Asian,No,No,Yes,No,No
7649,82,Female,India,Hispanic,Yes,No,No,No,No
7650,89,Female,India,Caucasian,Yes,No,No,Yes,No
7651,43,Male,USA,Hispanic,Yes,No,Yes,No,No
7652,80,Male,China,Asian,Yes,No,No,No,No
7653,30,Male,Nigeria,Caucasian,Yes,No,Yes,Yes,Yes
7654,53,Female,Nigeria,African,No,No,No,No,Yes
7655,51,Female,Nigeria,Caucasian,No,No,No,No,Yes
7656,35,Male,Nigeria,Caucasian,Yes,No,Yes,No,Yes
7657,58,Male,USA,Caucasian,No,No,No,No,No
7658,33,Female,Nigeria,Caucasian,No,No,No,Yes,Yes
7659,85,Male,Japan,Middle Eastern,No,Yes,Yes,No,No
7660,22,Female,India,Hispanic,No,No,No,No,No
7661,80,Male,UK,Middle Eastern,No,No,No,No,No
7662,55,Male,Russia,Hispanic,No,No,No,No,No
7663,89,Female,India,Caucasian,No,No,No,Yes,Yes
7664,84,Male,Nigeria,Asian,No,No,No,Yes,Yes
7665,75,Female,Japan,Caucasian,No,No,No,Yes,No
7666,40,Male,South Korea,Middle Eastern,Yes,Yes,No,No,No
7667,85,Male,USA,Asian,Yes,No,Yes,No,No
7668,84,Male,Nigeria,Hispanic,No,No,Yes,No,No
7669,43,Female,Nigeria,Caucasian,Yes,No,No,No,No
7670,80,Male,China,African,No,No,No,No,No
7671,33,Female,Japan,Asian,Yes,No,No,No,No
7672,82,Female,India,Asian,No,No,No,Yes,Yes
7673,72,Female,Nigeria,Asian,No,No,No,No,Yes
7674,84,Male,Russia,Asian,No,No,No,No,Yes
7675,71,Male,Germany,Caucasian,No,No,No,No,No
7676,51,Female,India,African,No,No,No,No,No
7677,75,Female,India,Caucasian,No,No,Yes,No,Yes
7678,44,Male,Japan,Caucasian,No,No,No,No,Yes
7679,85,Male,Russia,Asian,Yes,No,No,No,No
7680,87,Male,Nigeria,Hispanic,No,No,No,No,Yes
7681,39,Female,India,Caucasian,No,Yes,No,No,No
7682,79,Male,Brazil,Caucasian,No,No,No,No,No
7683,20,Female,India,Hispanic,No,Yes,Yes,No,No
7684,32,Female,Nigeria,Caucasian,Yes,Yes,No,No,No
7685,24,Female,India,Hispanic,No,No,No,No,No
7686,25,Female,Germany,Hispanic,Yes,No,No,No,No
7687,79,Male,India,Caucasian,No,No,No,No,No
7688,79,Male,India,Asian,No,No,Yes,No,No
7689,66,Male,Nigeria,Asian,No,No,No,No,No
7690,81,Male,India,African,Yes,No,No,No,No
7691,45,Male,Nigeria,Hispanic,No,No,No,No,Yes
7692,31,Male,Nigeria,Caucasian,Yes,Yes,Yes,No,No
7693,69,Female,UK,Middle Eastern,No,No,Yes,No,No
7694,50,Female,South Korea,Caucasian,Yes,Yes,No,No,No
7695,40,Female,India,Caucasian,No,Yes,Yes,No,Yes
7696,67,Male,China,Caucasian,No,No,No,Yes,Yes
7697,31,Female,India,Asian,No,No,No,No,No
7698,39,Female,China,African,Yes,Yes,No,No,No
7699,16,Male,USA,African,Yes,No,No,Yes,No
7700,19,Female,China,Hispanic,Yes,No,No,No,Yes
7701,18,Male,Nigeria,Caucasian,No,No,No,No,Yes
7702,50,Female,USA,Middle Eastern,No,No,No,No,No
7703,20,Female,China,African,No,No,No,No,No
7704,35,Female,China,Asian,No,No,No,No,Yes
7705,40,Male,India,Hispanic,Yes,No,No,No,No
7706,69,Male,China,Caucasian,No,No,No,No,Yes
7707,53,Female,Brazil,African,No,No,No,No,Yes
7708,47,Female,China,Hispanic,No,No,No,No,No
7709,28,Female,India,Middle Eastern,No,No,No,No,No
7710,70,Female,Nigeria,Caucasian,No,No,Yes,No,No
7711,35,Female,Brazil,Middle Eastern,No,No,No,No,No
7712,60,Male,Nigeria,Caucasian,No,No,No,No,No
7713,30,Female,Brazil,Caucasian,No,No,Yes,No,No
7714,30,Female,India,Asian,No,No,No,No,No
7715,43,Male,Russia,Caucasian,No,No,No,No,Yes
7716,22,Male,Russia,Hispanic,No,No,No,No,No
7717,17,Female,China,Middle Eastern,No,No,No,No,Yes
7718,33,Male,Russia,Caucasian,Yes,No,Yes,Yes,No
7719,80,Female,South Korea,African,No,No,Yes,No,No
7720,88,Female,Japan,Hispanic,No,No,No,No,No
7721,36,Male,Brazil,African,No,No,No,No,No
7722,60,Female,Japan,African,No,Yes,Yes,No,Yes
7723,27,Female,Nigeria,Caucasian,No,No,No,No,Yes
7724,47,Female,Nigeria,Caucasian,Yes,No,No,No,Yes
7725,19,Male,China,African,No,No,No,Yes,No
7726,41,Female,India,Hispanic,No,No,No,No,No
7727,38,Female,India,Caucasian,Yes,Yes,No,No,No
7728,81,Male,Nigeria,Caucasian,No,No,No,No,No
7729,77,Female,USA,Caucasian,No,Yes,No,No,No
7730,62,Female,India,Asian,No,Yes,No,No,No
7731,77,Male,India,Asian,No,No,No,Yes,No
7732,26,Female,India,Middle Eastern,No,No,No,No,No
7733,42,Female,China,Hispanic,No,No,No,No,No
7734,58,Male,Nigeria,Asian,No,No,Yes,No,Yes
7735,57,Female,Nigeria,African,No,No,Yes,No,No
7736,31,Male,China,Hispanic,No,No,Yes,No,Yes
7737,54,Female,India,Caucasian,No,No,No,No,Yes
7738,63,Female,South Korea,Asian,No,No,Yes,No,No
7739,71,Female,India,Hispanic,Yes,No,No,No,Yes
7740,78,Male,India,Asian,No,No,No,Yes,No
7741,89,Female,Japan,Caucasian,No,No,No,No,No
7742,71,Female,China,African,Yes,No,No,No,No
7743,88,Female,Nigeria,Asian,No,No,No,No,No
7744,88,Female,India,Caucasian,No,No,No,No,No
7745,84,Female,USA,Asian,No,No,No,Yes,No
7746,57,Female,China,Caucasian,No,No,No,No,No
7747,37,Male,China,Middle Eastern,Yes,No,Yes,No,Yes
7748,41,Female,Brazil,Middle Eastern,No,No,No,No,Yes
7749,72,Female,Brazil,Asian,Yes,No,No,Yes,Yes
7750,51,Male,Japan,Hispanic,No,Yes,No,No,No
7751,20,Female,Japan,Caucasian,Yes,Yes,No,No,Yes
7752,79,Female,India,African,No,No,No,No,Yes
7753,20,Male,Brazil,African,No,No,No,No,No
7754,64,Female,Brazil,Caucasian,Yes,Yes,Yes,No,No
7755,36,Female,India,Caucasian,Yes,No,No,No,No
7756,39,Male,India,Caucasian,Yes,No,No,No,Yes
7757,86,Female,Nigeria,Asian,Yes,Yes,No,No,No
7758,65,Female,Germany,Caucasian,Yes,No,No,No,No
7759,62,Male,Brazil,African,No,No,Yes,Yes,No
7760,84,Male,India,Hispanic,No,Yes,No,Yes,No
7761,79,Female,China,Caucasian,No,No,No,No,No
7762,74,Male,China,Caucasian,No,No,No,Yes,No
7763,60,Female,China,Hispanic,No,No,Yes,No,Yes
7764,50,Female,Russia,Asian,Yes,No,Yes,No,No
7765,72,Male,South Korea,Middle Eastern,No,No,Yes,No,No
7766,52,Female,China,Caucasian,Yes,No,No,No,No
7767,25,Male,India,Caucasian,No,No,No,No,Yes
7768,26,Male,India,Caucasian,No,No,Yes,No,Yes
7769,56,Male,Japan,Caucasian,No,No,No,Yes,No
7770,53,Male,Russia,African,No,No,No,No,No
7771,85,Female,India,Hispanic,No,No,No,No,No
7772,25,Female,China,Caucasian,No,Yes,No,No,Yes
7773,50,Female,India,Middle Eastern,No,Yes,Yes,Yes,No
7774,66,Female,China,Caucasian,Yes,No,No,No,No
7775,45,Female,India,Caucasian,No,No,No,No,Yes
7776,47,Female,UK,Hispanic,Yes,No,Yes,Yes,No
7777,27,Female,Brazil,Caucasian,No,No,No,Yes,No
7778,32,Female,Nigeria,Caucasian,No,No,No,No,No
7779,55,Female,Nigeria,Hispanic,No,No,Yes,No,Yes
7780,72,Male,China,Caucasian,No,No,No,Yes,No
7781,70,Female,Nigeria,Caucasian,No,No,No,Yes,No
7782,38,Male,USA,Hispanic,No,No,No,Yes,No
7783,87,Female,Russia,Caucasian,No,No,Yes,Yes,No
7784,45,Female,China,Asian,No,No,No,No,No
7785,69,Male,USA,Asian,Yes,No,No,No,Yes
7786,24,Female,Brazil,Asian,No,No,No,No,No
7787,74,Female,Brazil,Middle Eastern,No,No,No,Yes,No
7788,16,Male,Russia,Caucasian,No,No,No,No,No
7789,29,Female,Brazil,Hispanic,No,No,No,No,No
7790,17,Female,India,Caucasian,Yes,No,No,Yes,Yes
7791,57,Female,Nigeria,Caucasian,Yes,No,No,No,No
7792,45,Female,Brazil,Asian,No,No,No,No,No
7793,84,Male,Russia,Asian,No,Yes,No,No,Yes
7794,81,Female,India,Caucasian,No,No,No,No,No
7795,70,Female,Brazil,African,Yes,No,No,No,No
7796,77,Female,USA,Caucasian,No,No,Yes,No,No
7797,89,Male,UK,Asian,No,No,Yes,No,No
7798,29,Female,China,Hispanic,No,Yes,No,No,No
7799,24,Female,Japan,Caucasian,No,No,No,No,Yes
7800,52,Male,Brazil,Asian,No,No,No,Yes,Yes
7801,61,Female,India,Asian,Yes,No,No,No,No
7802,71,Male,China,African,No,No,Yes,No,Yes
7803,64,Female,UK,Asian,Yes,No,No,No,No
7804,85,Female,India,Asian,Yes,No,No,No,Yes
7805,29,Male,USA,Hispanic,No,No,Yes,No,No
7806,32,Male,China,African,No,No,No,No,No
7807,16,Female,China,Caucasian,No,No,No,No,No
7808,57,Female,Nigeria,Caucasian,No,No,No,No,No
7809,40,Female,Brazil,Hispanic,Yes,No,No,No,No
7810,85,Male,Japan,African,Yes,No,No,No,Yes
7811,52,Female,Nigeria,Middle Eastern,No,No,No,No,No
7812,56,Female,South Korea,Asian,No,No,No,No,No
7813,19,Female,USA,Caucasian,No,No,No,Yes,No
7814,25,Female,South Korea,Caucasian,No,No,No,No,No
7815,79,Female,Brazil,Asian,No,No,No,No,No
7816,48,Male,India,Asian,No,No,No,No,No
7817,15,Female,Russia,African,No,No,No,Yes,Yes
7818,16,Male,South Korea,African,Yes,Yes,No,No,Yes
7819,34,Female,China,African,No,No,Yes,No,Yes
7820,75,Female,Nigeria,Caucasian,Yes,No,No,No,Yes
7821,35,Male,UK,Asian,No,No,Yes,No,Yes
7822,82,Male,Germany,African,No,No,No,Yes,No
7823,26,Female,China,Caucasian,Yes,Yes,No,Yes,No
7824,36,Female,Brazil,African,No,No,No,Yes,Yes
7825,34,Female,India,African,No,No,No,Yes,No
7826,15,Male,India,Caucasian,Yes,No,No,No,No
7827,44,Female,India,Middle Eastern,Yes,No,No,No,Yes
7828,38,Male,Japan,African,No,No,Yes,No,No
7829,28,Male,Nigeria,African,No,No,No,Yes,No
7830,50,Female,USA,Asian,No,No,No,No,Yes
7831,83,Male,Russia,Middle Eastern,No,No,No,No,Yes
7832,89,Female,India,Hispanic,No,No,Yes,No,No
7833,38,Female,Germany,Middle Eastern,No,No,Yes,No,Yes
7834,74,Female,Russia,African,Yes,No,No,Yes,Yes
7835,69,Male,Russia,Caucasian,Yes,Yes,Yes,No,No
7836,38,Male,Russia,African,No,No,Yes,Yes,No
7837,38,Female,India,Caucasian,Yes,No,No,No,Yes
7838,68,Male,India,Caucasian,Yes,No,Yes,No,No
7839,40,Female,Germany,Hispanic,No,Yes,No,No,No
7840,80,Female,South Korea,African,No,No,No,Yes,No
7841,52,Female,Japan,Hispanic,No,No,No,No,No
7842,79,Female,India,Hispanic,Yes,No,Yes,No,No
7843,89,Female,USA,Hispanic,No,No,No,No,No
7844,65,Female,UK,Hispanic,No,No,No,No,No
7845,49,Female,Japan,African,Yes,No,No,No,No
7846,57,Female,Brazil,Asian,Yes,Yes,Yes,Yes,No
7847,43,Male,Nigeria,Asian,Yes,No,Yes,No,Yes
7848,51,Female,Nigeria,Hispanic,No,No,No,No,No
7849,72,Female,China,Asian,No,No,No,Yes,Yes
7850,68,Male,China,Caucasian,No,Yes,No,No,No
7851,53,Male,China,Hispanic,No,No,No,No,No
7852,56,Female,China,Asian,No,No,Yes,Yes,No
7853,42,Female,Nigeria,Hispanic,No,No,No,No,No
7854,43,Female,Japan,Caucasian,No,No,No,No,No
7855,57,Female,China,Asian,No,No,Yes,Yes,No
7856,17,Male,Nigeria,Caucasian,No,Yes,Yes,No,No
7857,24,Female,South Korea,Asian,Yes,No,No,No,Yes
7858,73,Female,Japan,Caucasian,No,No,No,No,No
7859,28,Female,Brazil,Caucasian,No,Yes,No,No,Yes
7860,61,Female,Japan,Hispanic,No,Yes,Yes,No,Yes
7861,56,Female,USA,Asian,No,No,Yes,No,No
7862,46,Male,Brazil,Hispanic,Yes,No,No,No,No
7863,46,Female,Nigeria,Caucasian,No,No,No,No,Yes
7864,56,Male,Nigeria,Asian,No,No,No,No,No
7865,46,Male,India,African,No,No,No,Yes,Yes
7866,40,Female,Brazil,Asian,No,No,No,Yes,No
7867,15,Male,UK,African,No,No,No,No,Yes
7868,70,Female,USA,Caucasian,Yes,No,No,No,No
7869,16,Female,China,Caucasian,No,No,No,No,No
7870,44,Female,China,Hispanic,Yes,Yes,No,No,No
7871,85,Male,India,Asian,Yes,Yes,No,No,No
7872,66,Female,China,Caucasian,No,No,Yes,No,No
7873,23,Female,Russia,Asian,No,No,Yes,No,No
7874,36,Female,Nigeria,Asian,Yes,Yes,No,No,No
7875,48,Male,USA,Caucasian,No,Yes,No,No,No
7876,63,Male,India,Caucasian,No,No,No,No,No
7877,15,Female,India,Caucasian,No,No,No,No,No
7878,87,Male,Nigeria,Caucasian,No,No,Yes,No,Yes
7879,67,Female,Nigeria,Asian,No,No,Yes,No,No
7880,54,Male,India,Caucasian,Yes,No,Yes,Yes,Yes
7881,59,Male,Brazil,Middle Eastern,No,Yes,No,Yes,No
7882,82,Female,Brazil,African,Yes,No,No,No,No
7883,23,Male,Germany,Hispanic,No,No,No,No,Yes
7884,36,Female,Nigeria,Caucasian,Yes,No,No,No,Yes
7885,32,Female,Japan,Caucasian,No,No,Yes,Yes,No
7886,57,Male,India,Caucasian,Yes,No,No,Yes,No
7887,53,Male,Japan,Asian,Yes,No,No,No,Yes
7888,87,Female,USA,African,No,No,No,No,No
7889,20,Female,China,Asian,No,No,No,No,No
7890,62,Female,Germany,Asian,No,Yes,Yes,No,No
7891,21,Male,Germany,Caucasian,Yes,No,No,No,No
7892,83,Female,Nigeria,African,Yes,No,Yes,No,No
7893,30,Female,UK,Asian,No,No,No,No,No
7894,15,Female,Nigeria,African,No,No,No,No,No
7895,51,Male,Japan,Asian,No,No,No,No,No
7896,51,Female,USA,Asian,No,No,No,No,No
7897,78,Female,India,Caucasian,No,No,No,No,No
7898,76,Female,India,African,Yes,Yes,No,No,No
7899,86,Male,South Korea,Caucasian,Yes,No,No,Yes,No
7900,75,Male,China,Hispanic,No,Yes,No,Yes,No
7901,47,Male,Germany,Asian,Yes,No,No,No,No
7902,80,Male,Germany,Asian,Yes,No,No,No,No
7903,44,Female,China,Hispanic,No,No,No,No,No
7904,34,Female,India,Asian,No,No,No,No,No
7905,74,Female,Nigeria,Asian,Yes,Yes,No,No,Yes
7906,88,Male,Brazil,Middle Eastern,No,Yes,No,No,Yes
7907,38,Male,Russia,African,Yes,No,No,No,No
7908,18,Male,India,Caucasian,Yes,No,No,Yes,No
7909,51,Female,Nigeria,Asian,No,No,No,No,No
7910,18,Female,Russia,Middle Eastern,No,No,No,No,No
7911,32,Female,India,Asian,No,No,No,No,Yes
7912,80,Female,South Korea,Hispanic,No,No,No,No,No
7913,62,Female,Russia,African,Yes,No,No,No,Yes
7914,47,Female,Japan,Caucasian,No,Yes,Yes,Yes,No
7915,72,Female,South Korea,African,No,No,No,No,No
7916,87,Male,South Korea,Middle Eastern,Yes,No,No,Yes,Yes
7917,42,Female,South Korea,African,No,No,No,No,No
7918,49,Male,Brazil,Caucasian,No,No,No,No,Yes
7919,24,Female,China,Hispanic,No,No,No,No,No
7920,79,Female,India,Caucasian,No,No,No,No,No
7921,56,Female,Nigeria,African,Yes,No,No,No,Yes
7922,23,Female,South Korea,African,Yes,No,No,Yes,No
7923,74,Female,Russia,Asian,Yes,No,No,No,No
7924,29,Female,China,Hispanic,Yes,No,No,No,No
7925,71,Female,South Korea,African,No,No,Yes,No,No
7926,83,Female,Russia,Asian,No,No,Yes,Yes,No
7927,36,Male,Russia,Hispanic,No,No,No,Yes,No
7928,78,Female,China,Asian,No,No,Yes,No,No
7929,55,Male,India,Caucasian,No,No,No,No,Yes
7930,85,Male,Russia,Middle Eastern,No,No,No,No,No
7931,70,Female,China,Asian,No,No,No,Yes,No
7932,37,Female,Japan,Asian,No,No,No,No,No
7933,39,Female,USA,African,Yes,No,No,No,Yes
7934,20,Male,Nigeria,Middle Eastern,Yes,No,No,No,No
7935,48,Female,China,Caucasian,Yes,No,Yes,Yes,No
7936,77,Female,South Korea,Caucasian,No,No,No,No,No
7937,23,Female,Russia,Asian,No,No,No,No,No
7938,74,Female,Russia,Hispanic,No,No,No,No,No
7939,63,Female,India,Asian,No,Yes,Yes,No,No
7940,65,Male,Russia,African,No,No,No,No,No
7941,74,Male,India,Caucasian,Yes,Yes,No,No,No
7942,84,Male,UK,Middle Eastern,No,No,Yes,No,No
7943,51,Female,USA,Asian,No,No,No,Yes,No
7944,45,Female,Russia,African,No,No,No,No,Yes
7945,55,Male,India,Asian,Yes,No,No,No,No
7946,76,Male,USA,Caucasian,Yes,No,No,No,No
7947,72,Female,China,Hispanic,No,No,No,No,Yes
7948,28,Female,India,Middle Eastern,No,No,Yes,No,No
7949,50,Male,Germany,African,No,Yes,No,Yes,No
7950,50,Female,Brazil,Asian,No,Yes,No,No,Yes
7951,22,Female,Germany,African,No,No,No,Yes,No
7952,40,Male,Nigeria,Asian,Yes,No,No,No,No
7953,50,Female,USA,Asian,No,No,No,No,No
7954,62,Female,Brazil,African,No,No,No,No,No
7955,42,Male,India,Caucasian,No,No,No,Yes,No
7956,82,Female,Nigeria,Caucasian,Yes,No,Yes,No,No
7957,76,Female,China,Asian,No,Yes,No,No,No
7958,65,Male,India,African,Yes,No,No,No,No
7959,56,Female,Germany,Hispanic,No,No,Yes,No,No
7960,43,Male,Nigeria,Hispanic,No,No,No,No,No
7961,24,Male,India,Hispanic,Yes,No,Yes,No,No
7962,53,Male,India,Asian,No,Yes,No,No,No
7963,15,Female,Brazil,African,No,No,Yes,No,No
7964,53,Male,India,African,No,No,Yes,Yes,Yes
7965,35,Female,UK,Asian,No,Yes,Yes,Yes,No
7966,79,Male,China,Caucasian,No,No,Yes,No,No
7967,29,Female,Nigeria,Asian,Yes,Yes,No,No,Yes
7968,18,Female,Germany,Caucasian,No,No,No,Yes,Yes
7969,74,Female,Japan,Hispanic,No,No,Yes,No,No
7970,75,Male,Nigeria,African,No,No,No,Yes,No
7971,34,Female,South Korea,Caucasian,No,No,Yes,No,No
7972,24,Female,Germany,Asian,Yes,No,No,Yes,No
7973,48,Male,India,African,No,No,Yes,No,No
7974,62,Female,India,Middle Eastern,Yes,Yes,No,No,No
7975,47,Female,Brazil,Hispanic,No,No,No,No,Yes
7976,75,Female,China,Asian,No,No,No,No,Yes
7977,24,Female,Nigeria,Caucasian,Yes,No,Yes,No,No
7978,68,Female,India,Caucasian,No,No,No,No,No
7979,79,Male,UK,Asian,No,No,No,Yes,Yes
7980,15,Female,South Korea,Asian,Yes,No,Yes,Yes,No
7981,19,Female,USA,Hispanic,No,Yes,No,No,Yes
7982,29,Female,Brazil,African,No,No,Yes,No,No
7983,42,Female,Germany,Asian,Yes,No,No,No,Yes
7984,37,Male,South Korea,Caucasian,No,No,Yes,Yes,No
7985,31,Female,USA,Hispanic,No,No,No,Yes,No
7986,27,Female,Germany,Asian,Yes,No,No,No,No
7987,28,Male,Brazil,Caucasian,Yes,No,No,Yes,Yes
7988,25,Female,South Korea,Asian,Yes,No,No,Yes,Yes
7989,42,Female,USA,Caucasian,No,No,Yes,No,Yes
7990,56,Male,South Korea,Caucasian,Yes,No,No,Yes,No
7991,75,Female,South Korea,Hispanic,Yes,No,Yes,No,Yes
7992,78,Female,China,Caucasian,No,No,No,No,Yes
7993,45,Male,UK,Middle Eastern,No,Yes,No,No,No
7994,87,Male,Nigeria,Caucasian,No,No,No,No,No
7995,24,Female,Russia,Caucasian,Yes,Yes,No,No,Yes
7996,22,Female,Brazil,Asian,Yes,Yes,No,No,Yes
7997,35,Female,Brazil,Asian,No,No,No,No,No
7998,73,Female,India,African,No,No,No,Yes,No
7999,64,Female,South Korea,Asian,No,Yes,No,No,No
8000,83,Male,Nigeria,Caucasian,Yes,No,Yes,Yes,Yes
8001,84,Female,Russia,Asian,No,No,No,No,No
8002,44,Male,South Korea,Middle Eastern,No,Yes,No,Yes,No
8003,31,Female,India,Caucasian,No,No,Yes,Yes,No
8004,89,Female,India,Hispanic,No,No,No,No,No
8005,34,Female,UK,African,Yes,Yes,No,No,No
8006,62,Male,India,Middle Eastern,Yes,No,No,No,No
8007,87,Female,South Korea,Hispanic,No,No,Yes,No,No
8008,16,Male,Russia,Asian,No,Yes,No,Yes,No
8009,51,Male,USA,African,No,No,No,No,No
8010,15,Female,Brazil,Asian,Yes,No,Yes,No,No
8011,18,Female,India,Caucasian,Yes,No,No,No,Yes
8012,68,Female,Germany,Caucasian,No,No,No,No,No
8013,39,Female,India,Hispanic,No,No,No,Yes,No
8014,17,Female,Germany,Hispanic,No,No,No,No,Yes
8015,23,Female,India,Caucasian,No,No,No,No,No
8016,88,Male,Brazil,Asian,Yes,No,Yes,No,No
8017,48,Female,India,Asian,No,No,No,No,Yes
8018,57,Male,USA,African,No,Yes,Yes,Yes,No
8019,88,Female,Germany,Asian,No,No,No,No,No
8020,36,Female,UK,Caucasian,No,No,No,Yes,No
8021,84,Male,Brazil,African,No,No,No,No,No
8022,16,Female,India,Caucasian,No,No,No,No,No
8023,80,Male,Japan,Caucasian,No,No,Yes,No,Yes
8024,46,Male,Nigeria,Asian,Yes,No,No,No,No
8025,30,Male,Brazil,Caucasian,No,No,No,No,Yes
8026,15,Male,South Korea,Middle Eastern,No,No,No,No,Yes
8027,86,Female,Brazil,Middle Eastern,No,No,No,No,No
8028,62,Female,Russia,African,No,Yes,No,No,Yes
8029,64,Female,China,Hispanic,No,No,No,No,No
8030,27,Male,South Korea,Caucasian,No,No,No,No,Yes
8031,29,Female,Nigeria,Asian,No,No,No,No,Yes
8032,67,Male,Japan,Middle Eastern,No,No,Yes,No,Yes
8033,58,Female,Germany,African,No,Yes,Yes,No,No
8034,22,Male,Nigeria,Caucasian,No,No,No,No,Yes
8035,88,Male,China,African,Yes,No,No,No,No
8036,60,Male,India,Hispanic,No,No,No,No,Yes
8037,83,Female,Nigeria,Asian,No,No,Yes,No,No
8038,33,Female,India,Caucasian,No,No,No,No,Yes
8039,52,Female,Russia,Hispanic,Yes,Yes,No,No,No
8040,25,Female,Japan,African,No,No,No,No,Yes
8041,57,Female,Russia,Caucasian,Yes,No,Yes,No,No
8042,34,Female,India,Hispanic,Yes,No,Yes,No,Yes
8043,34,Male,India,Middle Eastern,No,No,No,No,No
8044,35,Female,USA,Asian,No,No,No,Yes,No
8045,71,Female,Japan,African,No,No,No,No,Yes
8046,64,Female,UK,Hispanic,No,No,No,No,Yes
8047,88,Female,USA,African,No,No,No,No,Yes
8048,40,Male,UK,Caucasian,No,No,Yes,No,No
8049,44,Female,UK,Asian,No,No,No,Yes,No
8050,87,Female,India,Middle Eastern,No,No,No,Yes,Yes
8051,45,Male,Nigeria,Hispanic,No,No,Yes,Yes,No
8052,56,Male,China,African,No,No,No,No,No
8053,82,Female,USA,African,No,No,No,No,No
8054,75,Male,Nigeria,African,No,No,Yes,No,No
8055,75,Male,China,Asian,Yes,No,No,No,No
8056,84,Female,Russia,African,No,No,Yes,No,Yes
8057,82,Male,Russia,Hispanic,No,No,No,No,No
8058,31,Male,Nigeria,African,No,No,No,No,No
8059,33,Female,Russia,Caucasian,No,No,No,No,No
8060,65,Male,Nigeria,Caucasian,No,No,No,No,Yes
8061,84,Female,India,Caucasian,Yes,No,No,No,No
8062,77,Female,India,Asian,No,No,No,No,No
8063,89,Female,China,Asian,No,Yes,No,Yes,Yes
8064,44,Male,Brazil,Asian,No,No,No,No,Yes
8065,39,Female,China,Asian,Yes,No,No,No,No
8066,89,Female,Germany,Hispanic,Yes,No,No,No,No
8067,85,Male,Nigeria,Asian,No,Yes,No,No,Yes
8068,40,Female,China,Hispanic,Yes,No,No,No,No
8069,70,Female,USA,Caucasian,No,No,No,No,Yes
8070,36,Male,India,Hispanic,No,No,No,No,Yes
8071,33,Female,Nigeria,Hispanic,Yes,No,No,No,No
8072,45,Female,Nigeria,Hispanic,No,No,No,Yes,No
8073,40,Male,Japan,Caucasian,No,No,No,No,No
8074,56,Female,China,African,No,Yes,No,No,No
8075,55,Male,Brazil,Middle Eastern,Yes,Yes,Yes,No,Yes
8076,37,Female,China,Caucasian,No,No,No,No,Yes
8077,61,Male,USA,African,No,No,No,No,Yes
8078,27,Female,Nigeria,Middle Eastern,No,Yes,No,No,Yes
8079,80,Female,Nigeria,Caucasian,No,No,No,No,No
8080,80,Female,Nigeria,African,Yes,No,Yes,No,Yes
8081,30,Female,India,Hispanic,No,No,No,Yes,No
8082,87,Female,Nigeria,Caucasian,Yes,Yes,Yes,No,No
8083,42,Male,China,Hispanic,No,No,No,Yes,Yes
8084,49,Male,UK,Asian,No,No,Yes,No,No
8085,55,Male,Nigeria,Middle Eastern,Yes,No,No,No,No
8086,45,Female,India,Caucasian,Yes,No,No,No,Yes
8087,46,Female,Nigeria,Asian,Yes,No,No,No,No
8088,68,Male,Japan,Asian,No,No,No,Yes,Yes
8089,86,Female,China,Asian,No,No,Yes,No,No
8090,73,Male,UK,Hispanic,No,No,No,No,Yes
8091,55,Female,India,Hispanic,Yes,Yes,Yes,No,No
8092,80,Male,Japan,Asian,No,No,No,No,Yes
8093,68,Male,Germany,Middle Eastern,No,No,No,No,No
8094,54,Female,India,Asian,No,No,No,No,No
8095,42,Female,Russia,Asian,No,Yes,No,No,Yes
8096,51,Female,India,Hispanic,Yes,No,Yes,No,No
8097,79,Male,Brazil,Middle Eastern,No,No,No,No,Yes
8098,88,Female,Brazil,African,Yes,No,Yes,No,Yes
8099,69,Male,India,Caucasian,No,No,Yes,No,Yes
8100,18,Female,Japan,Asian,No,No,Yes,No,Yes
8101,24,Female,South Korea,Asian,No,No,Yes,No,No
8102,61,Female,India,Caucasian,No,No,No,No,No
8103,89,Male,Russia,Middle Eastern,Yes,Yes,Yes,Yes,No
8104,28,Female,China,Caucasian,No,No,No,No,Yes
8105,52,Male,Russia,Asian,Yes,No,No,No,No
8106,26,Female,Nigeria,Asian,No,No,No,No,Yes
8107,59,Female,UK,Caucasian,Yes,No,No,No,No
8108,31,Male,Nigeria,Asian,No,No,No,No,No
8109,49,Female,Brazil,African,No,No,No,No,Yes
8110,80,Female,China,African,No,Yes,No,No,No
8111,89,Male,Russia,Asian,No,No,No,No,No
8112,55,Male,Brazil,African,No,No,No,No,Yes
8113,81,Female,Germany,Asian,No,No,No,No,Yes
8114,43,Female,China,Caucasian,No,No,Yes,No,Yes
8115,32,Male,Brazil,Hispanic,No,No,No,No,No
8116,34,Female,China,Middle Eastern,No,Yes,No,No,Yes
8117,28,Male,China,Caucasian,Yes,No,No,No,Yes
8118,48,Male,China,Caucasian,Yes,No,Yes,No,Yes
8119,63,Female,South Korea,Caucasian,No,No,No,No,No
8120,68,Female,Nigeria,Asian,No,No,No,No,No
8121,45,Female,Brazil,Caucasian,No,No,Yes,No,No
8122,72,Female,Germany,Hispanic,No,No,Yes,Yes,Yes
8123,56,Female,Nigeria,Asian,No,No,Yes,No,No
8124,72,Female,UK,Caucasian,No,No,No,No,No
8125,44,Female,Japan,Asian,No,No,No,No,No
8126,39,Male,China,Caucasian,Yes,Yes,No,No,Yes
8127,77,Male,India,Asian,Yes,No,Yes,No,Yes
8128,33,Female,UK,Asian,No,No,No,No,No
8129,86,Female,India,Caucasian,Yes,No,Yes,No,Yes
8130,22,Male,India,African,Yes,Yes,No,No,No
8131,17,Male,India,Asian,No,No,No,Yes,No
8132,81,Female,India,Caucasian,No,No,No,No,No
8133,31,Female,Nigeria,Caucasian,No,Yes,Yes,No,No
8134,28,Male,China,Middle Eastern,No,No,No,No,No
8135,23,Male,India,Asian,No,No,Yes,Yes,No
8136,76,Female,Russia,Middle Eastern,No,No,No,No,No
8137,35,Female,UK,Caucasian,No,No,No,No,No
8138,51,Female,USA,Hispanic,No,No,No,No,Yes
8139,25,Female,India,Hispanic,No,No,No,No,No
8140,34,Female,Japan,Caucasian,No,No,No,No,No
8141,49,Female,India,Caucasian,No,No,Yes,No,No
8142,67,Female,China,Asian,No,No,No,No,No
8143,61,Female,India,Hispanic,Yes,No,No,No,No
8144,89,Female,China,Caucasian,Yes,No,Yes,No,No
8145,66,Male,India,Caucasian,No,No,No,No,No
8146,22,Female,China,Caucasian,No,No,No,No,No
8147,18,Male,China,Asian,Yes,No,No,No,No
8148,41,Female,India,Middle Eastern,No,No,No,No,No
8149,58,Male,India,Asian,Yes,No,Yes,No,No
8150,54,Male,China,African,No,No,No,No,No
8151,61,Female,Brazil,African,No,No,No,Yes,No
8152,58,Female,Germany,Caucasian,No,No,No,Yes,No
8153,62,Male,India,Asian,No,Yes,No,No,Yes
8154,66,Female,China,Middle Eastern,No,No,Yes,No,Yes
8155,82,Male,Nigeria,Hispanic,No,No,No,Yes,No
8156,25,Female,Nigeria,Caucasian,Yes,No,No,No,No
8157,87,Female,China,Asian,No,No,No,No,Yes
8158,18,Male,India,African,No,No,Yes,No,No
8159,87,Male,Japan,African,Yes,Yes,No,No,Yes
8160,62,Female,Nigeria,Hispanic,Yes,No,No,No,Yes
8161,40,Male,China,African,No,No,Yes,No,No
8162,53,Female,UK,Caucasian,Yes,Yes,No,No,No
8163,72,Female,Nigeria,Caucasian,Yes,Yes,Yes,No,No
8164,33,Male,Germany,African,No,No,No,Yes,No
8165,72,Male,China,Caucasian,No,Yes,No,Yes,No
8166,42,Female,China,Caucasian,Yes,Yes,No,No,Yes
8167,80,Male,South Korea,Caucasian,No,No,No,No,Yes
8168,24,Female,Nigeria,Caucasian,No,Yes,No,No,No
8169,72,Female,Russia,Caucasian,Yes,No,No,No,No
8170,87,Male,China,Hispanic,Yes,Yes,No,Yes,Yes
8171,28,Female,Russia,Asian,Yes,No,No,No,No
8172,29,Female,Russia,Hispanic,Yes,Yes,No,No,No
8173,47,Male,USA,Caucasian,No,No,No,No,No
8174,31,Male,India,Caucasian,No,Yes,Yes,No,Yes
8175,38,Female,China,Caucasian,No,No,No,No,No
8176,44,Male,China,African,No,No,Yes,No,No
8177,76,Female,India,Caucasian,No,No,No,No,No
8178,27,Female,Russia,Asian,Yes,No,No,No,No
8179,76,Female,India,African,No,No,No,No,No
8180,61,Female,Nigeria,Hispanic,No,Yes,Yes,No,No
8181,30,Female,India,African,No,No,No,Yes,Yes
8182,80,Male,UK,Asian,No,Yes,Yes,No,No
8183,57,Male,Nigeria,African,No,No,Yes,Yes,Yes
8184,22,Male,India,African,No,No,No,No,No
8185,17,Male,Nigeria,Caucasian,No,No,Yes,No,No
8186,26,Female,India,Caucasian,No,No,No,No,No
8187,30,Female,Russia,Asian,No,No,No,No,No
8188,73,Male,Brazil,Caucasian,Yes,No,Yes,Yes,No
8189,63,Male,USA,African,No,No,No,No,No
8190,77,Female,India,Asian,No,No,No,No,No
8191,76,Male,Nigeria,African,No,No,No,No,Yes
8192,63,Male,India,Caucasian,Yes,No,No,Yes,Yes
8193,65,Male,India,Asian,No,No,No,Yes,Yes
8194,47,Female,Russia,Middle Eastern,No,No,Yes,No,No
8195,44,Female,Germany,Middle Eastern,Yes,No,No,Yes,No
8196,73,Female,Japan,African,Yes,No,Yes,Yes,No
8197,29,Male,India,Hispanic,No,No,No,No,No
8198,37,Female,Russia,Asian,No,No,No,No,Yes
8199,59,Female,China,African,No,No,No,No,No
8200,76,Female,South Korea,Caucasian,No,No,No,No,No
8201,85,Female,Japan,Caucasian,No,No,No,Yes,No
8202,29,Male,India,Asian,No,No,Yes,No,No
8203,60,Male,Germany,Asian,No,No,No,No,Yes
8204,78,Female,India,Asian,Yes,No,Yes,No,No
8205,60,Male,UK,Caucasian,Yes,No,No,No,No
8206,70,Female,UK,Middle Eastern,Yes,No,No,Yes,No
8207,58,Male,USA,African,No,Yes,No,No,No
8208,89,Male,China,Caucasian,Yes,Yes,No,No,Yes
8209,43,Female,India,Asian,No,No,No,No,Yes
8210,76,Male,India,Hispanic,No,No,Yes,No,Yes
8211,66,Male,Russia,Asian,No,No,Yes,No,Yes
8212,68,Female,Russia,Asian,No,No,Yes,Yes,Yes
8213,71,Female,Nigeria,Asian,No,No,No,Yes,No
8214,80,Male,Russia,Middle Eastern,No,No,No,No,Yes
8215,36,Male,Russia,Asian,No,No,Yes,No,Yes
8216,34,Female,Nigeria,Asian,Yes,No,No,No,No
8217,47,Female,India,African,Yes,No,No,No,No
8218,86,Female,China,Caucasian,No,No,No,No,No
8219,39,Female,China,Hispanic,No,No,Yes,No,Yes
8220,60,Female,Brazil,African,No,No,Yes,No,Yes
8221,87,Female,UK,Middle Eastern,No,No,No,No,No
8222,71,Female,China,Asian,Yes,No,No,Yes,No
8223,19,Male,Japan,African,Yes,No,No,No,No
8224,69,Female,India,African,Yes,No,No,No,No
8225,75,Female,India,African,No,No,No,No,No
8226,22,Female,China,African,No,No,No,No,No
8227,30,Female,Nigeria,Caucasian,No,Yes,No,No,No
8228,62,Female,Germany,Caucasian,Yes,No,No,No,No
8229,75,Female,Nigeria,African,Yes,Yes,No,No,No
8230,29,Male,Brazil,African,Yes,No,No,No,No
8231,79,Male,India,Asian,No,Yes,No,No,No
8232,36,Male,Japan,Asian,No,No,No,No,No
8233,17,Female,China,African,Yes,No,Yes,No,No
8234,68,Female,Nigeria,African,Yes,No,No,Yes,No
8235,28,Female,Brazil,Asian,No,Yes,No,Yes,No
8236,50,Female,India,Caucasian,No,No,No,Yes,No
8237,81,Female,UK,Asian,Yes,No,No,No,No
8238,24,Female,Nigeria,African,No,No,No,Yes,No
8239,63,Male,China,Asian,No,No,No,Yes,No
8240,79,Female,Brazil,Caucasian,No,No,Yes,No,Yes
8241,71,Female,China,Asian,No,No,Yes,No,No
8242,41,Male,India,Caucasian,No,No,No,No,Yes
8243,89,Female,Russia,African,No,No,No,No,No
8244,19,Female,India,Caucasian,No,No,No,No,No
8245,85,Female,Nigeria,Caucasian,No,No,No,No,No
8246,71,Male,Nigeria,Middle Eastern,No,No,No,No,Yes
8247,29,Female,Germany,African,No,No,No,Yes,No
8248,44,Female,South Korea,African,No,No,Yes,No,No
8249,34,Female,China,Caucasian,No,Yes,No,No,No
8250,51,Female,China,Caucasian,No,No,No,No,No
8251,17,Female,UK,Caucasian,No,No,No,No,Yes
8252,87,Female,USA,Asian,No,No,No,No,No
8253,55,Female,Nigeria,Hispanic,No,No,No,No,No
8254,53,Male,India,African,No,No,No,Yes,No
8255,40,Female,India,Asian,No,No,No,No,No
8256,16,Male,India,Middle Eastern,Yes,No,No,No,No
8257,37,Female,Germany,Hispanic,Yes,No,No,No,No
8258,37,Female,Japan,Asian,No,No,Yes,No,No
8259,30,Female,Brazil,Hispanic,Yes,No,No,Yes,Yes
8260,23,Female,UK,Asian,No,No,No,No,Yes
8261,27,Male,Brazil,Hispanic,No,No,No,Yes,Yes
8262,42,Female,Brazil,Caucasian,No,No,No,No,No
8263,41,Male,USA,Hispanic,Yes,Yes,Yes,No,No
8264,65,Female,South Korea,Hispanic,No,No,No,No,No
8265,78,Male,Japan,Caucasian,Yes,No,No,Yes,No
8266,66,Female,South Korea,African,No,Yes,Yes,No,No
8267,52,Female,India,Caucasian,Yes,No,Yes,No,No
8268,79,Female,China,Hispanic,No,No,No,No,No
8269,32,Female,China,Asian,No,No,No,No,Yes
8270,77,Female,Germany,Caucasian,No,No,No,No,Yes
8271,65,Female,Germany,Asian,Yes,No,No,No,Yes
8272,23,Female,Germany,Caucasian,No,No,No,No,Yes
8273,27,Female,China,Caucasian,No,No,Yes,No,Yes
8274,54,Female,Russia,Asian,No,No,Yes,Yes,Yes
8275,69,Male,UK,Middle Eastern,Yes,No,No,Yes,No
8276,57,Female,USA,Asian,No,No,Yes,No,Yes
8277,58,Female,Germany,Middle Eastern,Yes,No,No,No,No
8278,82,Female,Brazil,Caucasian,No,Yes,No,No,No
8279,47,Male,China,Hispanic,No,Yes,Yes,No,No
8280,38,Female,India,Asian,No,No,No,No,Yes
8281,50,Female,India,African,Yes,Yes,No,Yes,No
8282,24,Female,USA,Asian,No,Yes,No,No,No
8283,34,Female,USA,Caucasian,No,No,Yes,No,No
8284,89,Male,Russia,Caucasian,Yes,No,Yes,No,No
8285,26,Female,Russia,Hispanic,No,No,No,Yes,Yes
8286,76,Male,Russia,Asian,No,No,Yes,No,Yes
8287,32,Male,Nigeria,Caucasian,No,No,No,No,Yes
8288,77,Female,USA,Middle Eastern,No,No,Yes,No,No
8289,39,Female,China,Caucasian,No,No,No,No,No
8290,26,Female,Nigeria,Caucasian,No,No,Yes,No,Yes
8291,35,Female,Russia,Caucasian,Yes,No,No,No,No
8292,39,Female,China,Caucasian,No,Yes,No,Yes,No
8293,25,Male,South Korea,Hispanic,Yes,No,No,No,No
8294,78,Female,South Korea,African,No,No,No,No,Yes
8295,87,Male,South Korea,Hispanic,Yes,No,No,No,No
8296,64,Female,South Korea,African,No,No,Yes,Yes,Yes
8297,76,Female,South Korea,African,No,Yes,No,No,No
8298,63,Male,Japan,Caucasian,Yes,No,No,No,No
8299,28,Female,UK,Asian,Yes,No,Yes,No,No
8300,15,Male,India,African,Yes,No,No,No,No
8301,39,Male,India,Hispanic,No,No,No,No,No
8302,73,Female,Nigeria,Asian,No,Yes,Yes,No,No
8303,86,Male,India,Caucasian,No,No,No,No,No
8304,83,Female,China,Caucasian,No,No,No,No,No
8305,19,Male,India,Hispanic,Yes,No,No,Yes,No
8306,33,Male,USA,Hispanic,Yes,No,No,Yes,No
8307,37,Male,Nigeria,Asian,No,No,No,Yes,No
8308,23,Female,China,Caucasian,No,Yes,No,No,No
8309,64,Female,Germany,Middle Eastern,No,No,No,Yes,No
8310,30,Female,China,Middle Eastern,No,No,No,No,No
8311,47,Female,Japan,Asian,No,No,No,No,No
8312,16,Female,Nigeria,Asian,No,No,No,No,No
8313,28,Male,Brazil,Hispanic,No,No,No,No,No
8314,15,Female,Nigeria,Asian,No,No,No,No,No
8315,72,Female,USA,Asian,Yes,No,No,Yes,No
8316,30,Female,Brazil,Caucasian,No,Yes,No,No,No
8317,61,Female,USA,Asian,No,No,No,No,Yes
8318,58,Male,UK,Asian,No,No,Yes,No,No
8319,28,Female,Japan,Caucasian,Yes,No,Yes,Yes,No
8320,38,Female,USA,African,No,Yes,No,No,No
8321,69,Male,Nigeria,Asian,No,Yes,No,No,No
8322,29,Female,Germany,Asian,No,No,Yes,No,No
8323,86,Male,USA,African,No,No,Yes,Yes,No
8324,48,Female,India,African,No,No,No,No,No
8325,16,Female,Japan,Hispanic,Yes,No,No,No,Yes
8326,41,Female,Brazil,African,No,No,Yes,No,Yes
8327,88,Female,Nigeria,Caucasian,No,No,No,No,No
8328,86,Female,Brazil,Asian,Yes,No,No,No,Yes
8329,37,Male,India,Middle Eastern,No,No,No,No,Yes
8330,82,Female,China,Caucasian,Yes,No,Yes,No,No
8331,28,Male,Japan,African,Yes,No,Yes,No,No
8332,77,Male,China,Caucasian,No,No,No,No,No
8333,79,Female,Nigeria,Caucasian,No,No,Yes,No,No
8334,82,Male,Brazil,Asian,No,No,No,Yes,Yes
8335,77,Female,China,Asian,No,No,No,Yes,Yes
8336,78,Male,India,African,Yes,No,No,Yes,No
8337,46,Male,China,African,No,No,Yes,No,No
8338,27,Female,India,Asian,Yes,No,No,No,Yes
8339,80,Male,Nigeria,Caucasian,Yes,No,No,No,No
8340,33,Male,India,Asian,No,No,No,No,No
8341,38,Female,India,African,No,No,Yes,No,No
8342,25,Female,China,African,Yes,No,No,No,No
8343,73,Male,China,Caucasian,No,No,No,No,No
8344,29,Female,Russia,African,No,No,No,Yes,No
8345,24,Female,China,Caucasian,Yes,No,Yes,No,No
8346,55,Male,India,Asian,Yes,No,No,Yes,No
8347,41,Female,India,African,No,No,No,Yes,No
8348,74,Female,India,Hispanic,No,No,No,Yes,No
8349,87,Male,Japan,Middle Eastern,No,No,No,Yes,Yes
8350,66,Male,South Korea,African,Yes,No,No,No,No
8351,42,Female,India,African,No,No,No,No,Yes
8352,79,Female,India,Asian,No,No,No,No,No
8353,31,Female,Nigeria,African,No,No,Yes,Yes,Yes
8354,58,Male,India,African,Yes,No,No,No,No
8355,24,Female,Russia,Hispanic,No,No,Yes,No,No
8356,77,Female,India,Asian,No,No,Yes,No,No
8357,61,Male,Japan,African,Yes,No,Yes,No,No
8358,52,Female,Germany,Middle Eastern,Yes,No,No,No,No
8359,84,Female,Japan,Hispanic,No,No,No,Yes,No
8360,67,Female,USA,Hispanic,Yes,No,No,Yes,Yes
8361,58,Female,Nigeria,Hispanic,No,No,No,No,No
8362,88,Female,India,African,No,No,Yes,No,No
8363,68,Female,Brazil,Caucasian,No,No,Yes,No,No
8364,34,Female,South Korea,Hispanic,No,No,No,No,No
8365,45,Male,Japan,African,Yes,No,Yes,No,No
8366,21,Female,South Korea,Caucasian,No,No,No,No,Yes
8367,72,Male,UK,Asian,No,Yes,No,No,No
8368,24,Male,Nigeria,Middle Eastern,Yes,No,No,Yes,No
8369,24,Male,India,Caucasian,No,No,No,No,No
8370,53,Female,Nigeria,Caucasian,No,No,Yes,No,No
8371,42,Female,Germany,Middle Eastern,No,No,Yes,No,No
8372,44,Male,South Korea,Hispanic,No,No,No,Yes,No
8373,51,Female,UK,African,No,Yes,Yes,Yes,No
8374,81,Male,Russia,African,Yes,No,Yes,No,No
8375,57,Male,Brazil,African,No,No,No,No,No
8376,66,Female,Nigeria,Asian,No,No,Yes,No,No
8377,70,Female,South Korea,Hispanic,No,No,No,No,No
8378,82,Female,South Korea,Caucasian,No,Yes,No,No,Yes
8379,23,Male,India,Asian,No,Yes,No,No,No
8380,37,Male,Nigeria,Asian,Yes,Yes,No,No,No
8381,77,Male,India,Asian,No,No,No,Yes,Yes
8382,75,Female,Japan,Caucasian,Yes,No,Yes,No,Yes
8383,54,Male,China,African,No,No,No,No,Yes
8384,58,Male,Russia,African,No,No,No,No,No
8385,38,Female,Russia,Asian,Yes,No,Yes,No,No
8386,65,Female,South Korea,Hispanic,Yes,No,No,No,Yes
8387,72,Male,Brazil,Asian,No,No,No,Yes,No
8388,47,Male,Nigeria,Caucasian,No,No,Yes,No,No
8389,30,Male,Nigeria,Caucasian,No,No,Yes,No,No
8390,36,Female,India,Caucasian,No,No,No,No,No
8391,71,Female,China,Caucasian,No,No,Yes,No,No
8392,76,Male,India,Caucasian,No,No,No,No,No
8393,85,Male,Brazil,African,No,No,No,No,Yes
8394,86,Male,Brazil,Caucasian,Yes,Yes,No,No,No
8395,84,Male,Brazil,Caucasian,Yes,Yes,No,No,No
8396,44,Male,India,Hispanic,No,No,No,Yes,No
8397,37,Female,Japan,Hispanic,No,No,No,No,No
8398,46,Male,Russia,Asian,No,No,No,No,Yes
8399,71,Male,Brazil,Hispanic,No,No,No,No,Yes
8400,23,Male,India,Caucasian,Yes,No,No,No,No
8401,45,Male,USA,Hispanic,No,No,No,No,No
8402,85,Male,China,Asian,No,No,No,Yes,No
8403,23,Female,Nigeria,Caucasian,Yes,No,Yes,Yes,No
8404,27,Female,Nigeria,Asian,No,No,No,No,No
8405,72,Female,South Korea,African,No,No,No,No,No
8406,17,Female,South Korea,Caucasian,No,No,No,No,Yes
8407,49,Male,Nigeria,Asian,No,Yes,Yes,No,No
8408,35,Male,Russia,African,No,No,No,Yes,No
8409,78,Male,India,Hispanic,No,Yes,No,No,Yes
8410,66,Female,Germany,African,No,No,Yes,No,Yes
8411,48,Female,India,Caucasian,No,Yes,Yes,No,No
8412,49,Male,India,Asian,No,No,No,Yes,No
8413,29,Female,Brazil,African,No,No,No,Yes,No
8414,20,Female,Japan,Asian,No,No,No,No,No
8415,46,Female,Russia,Caucasian,Yes,No,No,No,Yes
8416,66,Female,China,African,Yes,No,No,No,Yes
8417,42,Female,Nigeria,Caucasian,No,No,Yes,No,No
8418,78,Male,China,African,Yes,No,No,Yes,No
8419,33,Male,Brazil,Caucasian,No,No,No,No,No
8420,29,Female,India,African,Yes,Yes,No,Yes,Yes
8421,20,Male,India,African,No,No,No,No,No
